order_id,customer_id,product_id,order_date,quantity,discount_percent,product_name,category,price,gross_revenue,discount_amount,revenue,month,age,gender,city,signup_date
O01913,C0188,P0095,2025-01-01,4,0,Mechanical Keyboard,Accessories,23884,95536,0.0,95536.0,2025-01,45,Male,Rawalpindi,2023-02-07
O02968,C0385,P0048,2025-01-01,1,25,Laptop Stand,Accessories,35405,35405,8851.25,26553.75,2025-01,47,Male,Faisalabad,2023-08-13
O00428,C0343,P0005,2025-01-01,5,25,Mechanical Keyboard,Electronics,12056,60280,15070.0,45210.0,2025-01,50,Female,Multan,2024-06-10
O00753,C0459,P0096,2025-01-01,1,10,Mechanical Keyboard,Accessories,645,645,64.5,580.5,2025-01,50,Male,Multan,2024-02-08
O00701,C0014,P0017,2025-01-02,1,25,Smart Watch,Electronics,25096,25096,6274.0,18822.0,2025-01,57,Male,Faisalabad,2026-05-25
O00020,C0011,P0040,2025-01-02,3,25,Smart Watch,Electronics,13967,41901,10475.25,31425.75,2025-01,28,Male,Lahore,2024-12-13
O00747,C0116,P0016,2025-01-02,1,25,Smart Watch,Electronics,39838,39838,9959.5,29878.5,2025-01,52,Male,Multan,2023-12-06
O02354,C0003,P0055,2025-01-02,1,0,Bluetooth Speaker,Electronics,7552,7552,0.0,7552.0,2025-01,32,Male,Multan,2026-03-17
O02484,C0099,P0058,2025-01-02,2,25,Wireless Mouse,Accessories,19243,38486,9621.5,28864.5,2025-01,58,Male,Lahore,2025-01-28
O01036,C0399,P0092,2025-01-02,4,25,Headphones,Accessories,7727,30908,7727.0,23181.0,2025-01,40,Female,Lahore,2025-06-05
O02414,C0141,P0003,2025-01-02,4,25,Backpack,Fashion,22136,88544,22136.0,66408.0,2025-01,60,Male,Faisalabad,2026-03-22
O01999,C0264,P0072,2025-01-03,1,5,Headphones,Electronics,11630,11630,581.5,11048.5,2025-01,57,Male,Multan,2026-05-04
O02047,C0100,P0048,2025-01-03,2,25,Laptop Stand,Accessories,35405,70810,17702.5,53107.5,2025-01,45,Female,Rawalpindi,2026-03-10
O00584,C0213,P0049,2025-01-03,1,25,Phone Case,Electronics,21329,21329,5332.25,15996.75,2025-01,23,Male,Rawalpindi,2023-12-19
O00467,C0442,P0059,2025-01-04,5,25,USB-C Cable,Fashion,48868,244340,61085.0,183255.0,2025-01,27,Female,Islamabad,2024-10-23
O02674,C0048,P0012,2025-01-04,3,10,USB-C Cable,Home & Kitchen,27466,82398,8239.8,74158.2,2025-01,24,Male,Islamabad,2024-12-11
O02010,C0075,P0036,2025-01-04,4,20,Bluetooth Speaker,Electronics,27617,110468,22093.6,88374.4,2025-01,35,Female,Multan,2023-05-11
O00189,C0012,P0024,2025-01-04,5,10,Phone Case,Accessories,9406,47030,4703.0,42327.0,2025-01,41,Male,Islamabad,2023-10-23
O00411,C0242,P0070,2025-01-04,4,25,Smart Watch,Home & Kitchen,43168,172672,43168.0,129504.0,2025-01,33,Female,Lahore,2023-01-17
O00107,C0333,P0035,2025-01-05,4,5,Bluetooth Speaker,Fashion,28711,114844,5742.2,109101.8,2025-01,49,Male,Karachi,2024-08-13
O01639,C0113,P0045,2025-01-06,5,10,Mechanical Keyboard,Fashion,45476,227380,22738.0,204642.0,2025-01,44,Female,Multan,2023-09-23
O02330,C0161,P0051,2025-01-06,1,5,Headphones,Fashion,48978,48978,2448.9,46529.1,2025-01,18,Male,Karachi,2024-11-20
O01338,C0431,P0017,2025-01-06,2,5,Smart Watch,Electronics,25096,50192,2509.6,47682.4,2025-01,56,Female,Multan,2025-06-27
O00696,C0273,P0099,2025-01-06,4,15,Smart Watch,Electronics,3540,14160,2124.0,12036.0,2025-01,19,Female,Faisalabad,2024-02-05
O01278,C0308,P0028,2025-01-07,1,25,Laptop Stand,Electronics,13576,13576,3394.0,10182.0,2025-01,34,Male,Karachi,2025-06-02
O02494,C0349,P0069,2025-01-07,5,10,Headphones,Fashion,5995,29975,2997.5,26977.5,2025-01,43,Female,Lahore,2024-06-04
O00742,C0113,P0060,2025-01-07,2,20,Phone Case,Electronics,24989,49978,9995.6,39982.4,2025-01,44,Female,Multan,2023-09-23
O01124,C0364,P0013,2025-01-07,1,15,Bluetooth Speaker,Accessories,16673,16673,2500.95,14172.05,2025-01,45,Female,Multan,2024-08-29
O01802,C0249,P0022,2025-01-07,5,5,Power Bank,Accessories,22127,110635,5531.75,105103.25,2025-01,49,Male,Faisalabad,2023-12-31
O00267,C0447,P0018,2025-01-07,1,5,Laptop Stand,Accessories,33674,33674,1683.7,31990.3,2025-01,21,Male,Rawalpindi,2025-07-12
O02775,C0204,P0060,2025-01-07,1,20,Phone Case,Electronics,24989,24989,4997.8,19991.2,2025-01,41,Female,Faisalabad,2023-04-25
O01418,C0404,P0037,2025-01-07,4,0,Bluetooth Speaker,Fashion,36878,147512,0.0,147512.0,2025-01,51,Male,Faisalabad,2025-02-12
O01290,C0068,P0098,2025-01-07,1,20,Phone Case,Electronics,16535,16535,3307.0,13228.0,2025-01,32,Female,Lahore,2024-09-06
O01363,C0028,P0100,2025-01-08,3,20,Smart Watch,Accessories,42922,128766,25753.2,103012.8,2025-01,44,Male,Lahore,2025-12-03
O00027,C0409,P0033,2025-01-08,4,5,Laptop Stand,Electronics,6512,26048,1302.4,24745.6,2025-01,33,Male,Faisalabad,2026-01-12
O02704,C0126,P0069,2025-01-08,4,15,Headphones,Fashion,5995,23980,3597.0,20383.0,2025-01,26,Female,Islamabad,2024-12-05
O00814,C0231,P0049,2025-01-09,5,15,Phone Case,Electronics,21329,106645,15996.75,90648.25,2025-01,57,Male,Lahore,2024-03-01
O01841,C0208,P0028,2025-01-09,1,15,Laptop Stand,Electronics,13576,13576,2036.4,11539.6,2025-01,39,Female,Lahore,2023-08-04
O02115,C0210,P0085,2025-01-09,3,5,Smart Watch,Accessories,31901,95703,4785.15,90917.85,2025-01,33,Female,Islamabad,2023-12-02
O02837,C0478,P0090,2025-01-09,1,0,Wireless Mouse,Fashion,40075,40075,0.0,40075.0,2025-01,43,Male,Multan,2026-06-23
O01377,C0257,P0070,2025-01-09,5,25,Smart Watch,Home & Kitchen,43168,215840,53960.0,161880.0,2025-01,41,Male,Faisalabad,2025-09-20
O02701,C0407,P0064,2025-01-09,5,5,Smart Watch,Home & Kitchen,42935,214675,10733.75,203941.25,2025-01,57,Male,Karachi,2024-07-06
O02092,C0211,P0037,2025-01-10,2,25,Bluetooth Speaker,Fashion,36878,73756,18439.0,55317.0,2025-01,50,Female,Islamabad,2026-04-06
O00617,C0362,P0035,2025-01-10,4,10,Bluetooth Speaker,Fashion,28711,114844,11484.4,103359.6,2025-01,40,Female,Islamabad,2023-10-01
O01623,C0395,P0054,2025-01-10,3,20,Bluetooth Speaker,Fashion,30234,90702,18140.4,72561.6,2025-01,45,Male,Faisalabad,2023-05-02
O02347,C0210,P0006,2025-01-10,4,20,Headphones,Accessories,28098,112392,22478.4,89913.6,2025-01,33,Female,Islamabad,2023-12-02
O02690,C0383,P0026,2025-01-10,3,5,Wireless Mouse,Electronics,45314,135942,6797.1,129144.9,2025-01,23,Male,Lahore,2023-08-30
O01578,C0354,P0045,2025-01-11,5,15,Mechanical Keyboard,Fashion,45476,227380,34107.0,193273.0,2025-01,24,Female,Rawalpindi,2024-05-15
O02681,C0102,P0058,2025-01-11,2,5,Wireless Mouse,Accessories,19243,38486,1924.3,36561.7,2025-01,26,Male,Faisalabad,2025-03-24
O00142,C0149,P0022,2025-01-11,5,15,Power Bank,Accessories,22127,110635,16595.25,94039.75,2025-01,19,Male,Faisalabad,2023-08-06
O02195,C0188,P0016,2025-01-11,2,0,Smart Watch,Electronics,39838,79676,0.0,79676.0,2025-01,45,Male,Rawalpindi,2023-02-07
O02138,C0264,P0088,2025-01-11,4,20,Power Bank,Accessories,34584,138336,27667.2,110668.8,2025-01,57,Male,Multan,2026-05-04
O01397,C0093,P0100,2025-01-11,4,0,Smart Watch,Accessories,42922,171688,0.0,171688.0,2025-01,52,Female,Islamabad,2023-11-07
O00012,C0150,P0052,2025-01-12,2,20,USB-C Cable,Fashion,44639,89278,17855.6,71422.4,2025-01,59,Male,Lahore,2025-07-25
O01394,C0362,P0043,2025-01-12,4,20,Laptop Stand,Home & Kitchen,43141,172564,34512.8,138051.2,2025-01,40,Female,Islamabad,2023-10-01
O01673,C0357,P0051,2025-01-12,3,15,Headphones,Fashion,48978,146934,22040.1,124893.9,2025-01,18,Female,Lahore,2024-08-06
O02629,C0397,P0001,2025-01-12,1,15,Smart Watch,Electronics,5260,5260,789.0,4471.0,2025-01,54,Female,Islamabad,2025-09-20
O02445,C0216,P0061,2025-01-12,3,10,Laptop Stand,Electronics,9136,27408,2740.8,24667.2,2025-01,20,Male,Islamabad,2025-02-19
O01580,C0451,P0020,2025-01-12,2,15,Phone Case,Home & Kitchen,4931,9862,1479.3,8382.7,2025-01,19,Female,Karachi,2023-04-03
O00802,C0421,P0062,2025-01-12,1,20,Bluetooth Speaker,Fashion,6941,6941,1388.2,5552.8,2025-01,31,Male,Karachi,2024-05-29
O01229,C0035,P0018,2025-01-12,5,25,Laptop Stand,Accessories,33674,168370,42092.5,126277.5,2025-01,24,Female,Karachi,2023-12-05
O02336,C0224,P0042,2025-01-13,5,25,Power Bank,Accessories,49757,248785,62196.25,186588.75,2025-01,49,Male,Lahore,2023-01-07
O02116,C0229,P0025,2025-01-13,2,20,Backpack,Fashion,37414,74828,14965.6,59862.4,2025-01,56,Female,Faisalabad,2025-11-20
O01052,C0283,P0055,2025-01-13,4,25,Bluetooth Speaker,Electronics,7552,30208,7552.0,22656.0,2025-01,37,Male,Lahore,2023-10-12
O00508,C0347,P0024,2025-01-13,5,15,Phone Case,Accessories,9406,47030,7054.5,39975.5,2025-01,46,Female,Faisalabad,2024-03-30
O02281,C0278,P0029,2025-01-13,3,25,Smart Watch,Electronics,49792,149376,37344.0,112032.0,2025-01,50,Male,Karachi,2026-02-17
O00111,C0311,P0068,2025-01-13,5,0,Backpack,Electronics,22175,110875,0.0,110875.0,2025-01,46,Female,Karachi,2026-01-12
O02160,C0049,P0020,2025-01-14,3,15,Phone Case,Home & Kitchen,4931,14793,2218.95,12574.05,2025-01,25,Male,Islamabad,2024-02-05
O02146,C0428,P0084,2025-01-14,5,15,Headphones,Accessories,10352,51760,7764.0,43996.0,2025-01,43,Female,Faisalabad,2025-10-10
O00367,C0164,P0002,2025-01-14,4,10,Headphones,Home & Kitchen,33279,133116,13311.6,119804.4,2025-01,58,Female,Faisalabad,2026-03-14
O01849,C0054,P0037,2025-01-14,4,5,Bluetooth Speaker,Fashion,36878,147512,7375.6,140136.4,2025-01,57,Male,Rawalpindi,2023-12-01
O00675,C0132,P0086,2025-01-14,3,15,Power Bank,Accessories,6795,20385,3057.75,17327.25,2025-01,49,Female,Islamabad,2026-03-09
O01207,C0393,P0080,2025-01-15,3,10,Smart Watch,Accessories,37884,113652,11365.2,102286.8,2025-01,34,Male,Lahore,2025-05-20
O02807,C0481,P0085,2025-01-15,2,25,Smart Watch,Accessories,31901,63802,15950.5,47851.5,2025-01,43,Female,Multan,2024-06-13
O02197,C0230,P0093,2025-01-15,5,0,Phone Case,Home & Kitchen,32410,162050,0.0,162050.0,2025-01,35,Male,Multan,2024-06-18
O01603,C0007,P0032,2025-01-16,5,25,Power Bank,Electronics,46913,234565,58641.25,175923.75,2025-01,56,Female,Faisalabad,2024-04-26
O00724,C0211,P0013,2025-01-16,4,10,Bluetooth Speaker,Accessories,16673,66692,6669.2,60022.8,2025-01,50,Female,Islamabad,2026-04-06
O01126,C0213,P0035,2025-01-16,4,0,Bluetooth Speaker,Fashion,28711,114844,0.0,114844.0,2025-01,23,Male,Rawalpindi,2023-12-19
O02049,C0399,P0045,2025-01-16,4,15,Mechanical Keyboard,Fashion,45476,181904,27285.6,154618.4,2025-01,40,Female,Lahore,2025-06-05
O00123,C0136,P0025,2025-01-16,3,25,Backpack,Fashion,37414,112242,28060.5,84181.5,2025-01,47,Female,Rawalpindi,2024-12-10
O01069,C0454,P0090,2025-01-16,1,10,Wireless Mouse,Fashion,40075,40075,4007.5,36067.5,2025-01,44,Female,Multan,2025-06-21
O00557,C0431,P0086,2025-01-16,1,20,Power Bank,Accessories,6795,6795,1359.0,5436.0,2025-01,56,Female,Multan,2025-06-27
O02458,C0349,P0093,2025-01-17,2,5,Phone Case,Home & Kitchen,32410,64820,3241.0,61579.0,2025-01,43,Female,Lahore,2024-06-04
O00440,C0200,P0018,2025-01-17,4,10,Laptop Stand,Accessories,33674,134696,13469.6,121226.4,2025-01,21,Male,Faisalabad,2025-11-29
O00350,C0471,P0090,2025-01-17,2,0,Wireless Mouse,Fashion,40075,80150,0.0,80150.0,2025-01,30,Male,Faisalabad,2025-05-15
O02749,C0162,P0097,2025-01-17,4,25,Wireless Mouse,Home & Kitchen,38278,153112,38278.0,114834.0,2025-01,44,Male,Lahore,2025-04-29
O02202,C0272,P0016,2025-01-17,2,0,Smart Watch,Electronics,39838,79676,0.0,79676.0,2025-01,35,Male,Karachi,2025-07-06
O01112,C0372,P0038,2025-01-17,4,20,Wireless Mouse,Home & Kitchen,43152,172608,34521.6,138086.4,2025-01,39,Male,Islamabad,2026-01-16
O01011,C0262,P0003,2025-01-17,3,15,Backpack,Fashion,22136,66408,9961.2,56446.8,2025-01,53,Male,Karachi,2025-09-15
O00060,C0387,P0056,2025-01-18,4,15,Bluetooth Speaker,Home & Kitchen,4154,16616,2492.4,14123.6,2025-01,57,Female,Faisalabad,2024-08-11
O00923,C0081,P0028,2025-01-18,1,10,Laptop Stand,Electronics,13576,13576,1357.6,12218.4,2025-01,32,Female,Karachi,2025-09-09
O02941,C0473,P0012,2025-01-18,1,15,USB-C Cable,Home & Kitchen,27466,27466,4119.9,23346.1,2025-01,48,Female,Lahore,2023-12-01
O02889,C0345,P0020,2025-01-18,2,0,Phone Case,Home & Kitchen,4931,9862,0.0,9862.0,2025-01,60,Female,Rawalpindi,2025-01-03
O01996,C0205,P0001,2025-01-19,5,15,Smart Watch,Electronics,5260,26300,3945.0,22355.0,2025-01,22,Female,Rawalpindi,2024-11-28
O00353,C0423,P0062,2025-01-19,2,0,Bluetooth Speaker,Fashion,6941,13882,0.0,13882.0,2025-01,22,Male,Islamabad,2025-03-19
O00264,C0146,P0046,2025-01-19,5,0,Backpack,Accessories,44096,220480,0.0,220480.0,2025-01,24,Male,Multan,2026-02-04
O02687,C0292,P0097,2025-01-19,1,25,Wireless Mouse,Home & Kitchen,38278,38278,9569.5,28708.5,2025-01,47,Male,Islamabad,2025-06-25
O00011,C0465,P0096,2025-01-19,4,0,Mechanical Keyboard,Accessories,645,2580,0.0,2580.0,2025-01,18,Female,Lahore,2023-06-01
O00320,C0124,P0036,2025-01-19,5,5,Bluetooth Speaker,Electronics,27617,138085,6904.25,131180.75,2025-01,56,Male,Lahore,2023-10-20
O02850,C0403,P0066,2025-01-19,2,25,Backpack,Fashion,35066,70132,17533.0,52599.0,2025-01,18,Female,Faisalabad,2023-01-09
O00036,C0374,P0019,2025-01-20,3,10,Headphones,Accessories,42474,127422,12742.2,114679.8,2025-01,23,Male,Multan,2024-08-10
O01896,C0191,P0033,2025-01-20,1,20,Laptop Stand,Electronics,6512,6512,1302.4,5209.6,2025-01,49,Female,Lahore,2026-04-14
O01476,C0008,P0071,2025-01-20,3,25,Mechanical Keyboard,Electronics,14173,42519,10629.75,31889.25,2025-01,36,Female,Rawalpindi,2023-07-20
O02655,C0241,P0023,2025-01-20,5,20,Phone Case,Home & Kitchen,39810,199050,39810.0,159240.0,2025-01,24,Female,Faisalabad,2026-06-10
O01983,C0370,P0067,2025-01-20,4,25,Mechanical Keyboard,Fashion,42868,171472,42868.0,128604.0,2025-01,42,Female,Rawalpindi,2025-02-17
O01042,C0316,P0040,2025-01-20,2,5,Smart Watch,Electronics,13967,27934,1396.7,26537.3,2025-01,41,Male,Faisalabad,2023-01-21
O02073,C0023,P0065,2025-01-20,1,10,Mechanical Keyboard,Accessories,12649,12649,1264.9,11384.1,2025-01,38,Female,Karachi,2023-06-21
O00776,C0500,P0094,2025-01-21,1,25,Phone Case,Home & Kitchen,36541,36541,9135.25,27405.75,2025-01,53,Male,Multan,2023-01-14
O01205,C0401,P0071,2025-01-21,5,10,Mechanical Keyboard,Electronics,14173,70865,7086.5,63778.5,2025-01,29,Female,Rawalpindi,2023-11-13
O00593,C0088,P0022,2025-01-21,5,15,Power Bank,Accessories,22127,110635,16595.25,94039.75,2025-01,25,Female,Multan,2026-03-30
O01129,C0470,P0069,2025-01-21,3,10,Headphones,Fashion,5995,17985,1798.5,16186.5,2025-01,46,Female,Lahore,2026-02-14
O02640,C0206,P0053,2025-01-21,1,5,Power Bank,Electronics,49213,49213,2460.65,46752.35,2025-01,51,Female,Rawalpindi,2025-11-29
O02853,C0477,P0019,2025-01-22,3,20,Headphones,Accessories,42474,127422,25484.4,101937.6,2025-01,34,Male,Lahore,2023-07-05
O01323,C0172,P0004,2025-01-22,1,25,Laptop Stand,Home & Kitchen,16853,16853,4213.25,12639.75,2025-01,50,Male,Rawalpindi,2023-11-25
O01696,C0305,P0052,2025-01-22,3,15,USB-C Cable,Fashion,44639,133917,20087.55,113829.45,2025-01,36,Female,Lahore,2025-03-07
O01411,C0486,P0004,2025-01-22,5,5,Laptop Stand,Home & Kitchen,16853,84265,4213.25,80051.75,2025-01,24,Female,Rawalpindi,2023-04-10
O02905,C0230,P0068,2025-01-22,5,25,Backpack,Electronics,22175,110875,27718.75,83156.25,2025-01,35,Male,Multan,2024-06-18
O02327,C0459,P0049,2025-01-23,2,20,Phone Case,Electronics,21329,42658,8531.6,34126.4,2025-01,50,Male,Multan,2024-02-08
O01530,C0084,P0073,2025-01-23,1,25,Power Bank,Electronics,23168,23168,5792.0,17376.0,2025-01,24,Female,Lahore,2024-05-11
O01688,C0109,P0045,2025-01-23,2,0,Mechanical Keyboard,Fashion,45476,90952,0.0,90952.0,2025-01,54,Male,Karachi,2024-11-27
O02536,C0188,P0062,2025-01-23,4,20,Bluetooth Speaker,Fashion,6941,27764,5552.8,22211.2,2025-01,45,Male,Rawalpindi,2023-02-07
O02513,C0105,P0055,2025-01-23,1,15,Bluetooth Speaker,Electronics,7552,7552,1132.8,6419.2,2025-01,51,Female,Karachi,2024-04-21
O01443,C0423,P0066,2025-01-23,3,20,Backpack,Fashion,35066,105198,21039.6,84158.4,2025-01,22,Male,Islamabad,2025-03-19
O01953,C0231,P0015,2025-01-23,2,10,Wireless Mouse,Home & Kitchen,13678,27356,2735.6,24620.4,2025-01,57,Male,Lahore,2024-03-01
O02754,C0315,P0064,2025-01-23,2,5,Smart Watch,Home & Kitchen,42935,85870,4293.5,81576.5,2025-01,54,Female,Rawalpindi,2025-09-15
O02111,C0380,P0055,2025-01-23,2,0,Bluetooth Speaker,Electronics,7552,15104,0.0,15104.0,2025-01,22,Female,Faisalabad,2024-11-03
O02936,C0413,P0020,2025-01-24,5,0,Phone Case,Home & Kitchen,4931,24655,0.0,24655.0,2025-01,46,Female,Lahore,2023-01-07
O01155,C0384,P0063,2025-01-24,5,0,Mechanical Keyboard,Electronics,25111,125555,0.0,125555.0,2025-01,49,Female,Karachi,2023-01-02
O01249,C0275,P0005,2025-01-24,4,5,Mechanical Keyboard,Electronics,12056,48224,2411.2,45812.8,2025-01,33,Female,Karachi,2024-12-05
O02868,C0017,P0007,2025-01-24,3,0,Power Bank,Home & Kitchen,12063,36189,0.0,36189.0,2025-01,39,Male,Multan,2023-02-11
O01755,C0147,P0080,2025-01-24,4,5,Smart Watch,Accessories,37884,151536,7576.8,143959.2,2025-01,39,Male,Rawalpindi,2023-08-14
O00976,C0154,P0073,2025-01-24,2,25,Power Bank,Electronics,23168,46336,11584.0,34752.0,2025-01,37,Male,Islamabad,2023-02-23
O02961,C0301,P0096,2025-01-25,5,5,Mechanical Keyboard,Accessories,645,3225,161.25,3063.75,2025-01,50,Female,Islamabad,2026-01-27
O02392,C0311,P0027,2025-01-25,2,20,Bluetooth Speaker,Electronics,45879,91758,18351.6,73406.4,2025-01,46,Female,Karachi,2026-01-12
O01158,C0325,P0035,2025-01-25,5,0,Bluetooth Speaker,Fashion,28711,143555,0.0,143555.0,2025-01,20,Female,Multan,2025-03-03
O02718,C0003,P0067,2025-01-25,3,0,Mechanical Keyboard,Fashion,42868,128604,0.0,128604.0,2025-01,32,Male,Multan,2026-03-17
O00067,C0487,P0040,2025-01-25,3,25,Smart Watch,Electronics,13967,41901,10475.25,31425.75,2025-01,21,Female,Islamabad,2025-01-21
O00315,C0380,P0098,2025-01-25,1,5,Phone Case,Electronics,16535,16535,826.75,15708.25,2025-01,22,Female,Faisalabad,2024-11-03
O00880,C0248,P0009,2025-01-26,4,5,Backpack,Electronics,44290,177160,8858.0,168302.0,2025-01,54,Female,Islamabad,2025-05-05
O01048,C0336,P0061,2025-01-26,1,0,Laptop Stand,Electronics,9136,9136,0.0,9136.0,2025-01,19,Female,Lahore,2024-01-22
O00631,C0362,P0049,2025-01-26,4,0,Phone Case,Electronics,21329,85316,0.0,85316.0,2025-01,40,Female,Islamabad,2023-10-01
O01778,C0070,P0097,2025-01-26,5,5,Wireless Mouse,Home & Kitchen,38278,191390,9569.5,181820.5,2025-01,31,Male,Faisalabad,2026-03-21
O00905,C0305,P0023,2025-01-26,4,15,Phone Case,Home & Kitchen,39810,159240,23886.0,135354.0,2025-01,36,Female,Lahore,2025-03-07
O01144,C0180,P0064,2025-01-26,1,15,Smart Watch,Home & Kitchen,42935,42935,6440.25,36494.75,2025-01,29,Male,Multan,2023-06-19
O00143,C0084,P0041,2025-01-26,5,0,Smart Watch,Accessories,31510,157550,0.0,157550.0,2025-01,24,Female,Lahore,2024-05-11
O00393,C0042,P0001,2025-01-27,1,0,Smart Watch,Electronics,5260,5260,0.0,5260.0,2025-01,31,Female,Multan,2024-04-10
O00906,C0403,P0056,2025-01-27,1,25,Bluetooth Speaker,Home & Kitchen,4154,4154,1038.5,3115.5,2025-01,18,Female,Faisalabad,2023-01-09
O02844,C0182,P0092,2025-01-27,4,0,Headphones,Accessories,7727,30908,0.0,30908.0,2025-01,19,Male,Karachi,2023-02-09
O00751,C0251,P0059,2025-01-28,3,0,USB-C Cable,Fashion,48868,146604,0.0,146604.0,2025-01,58,Male,Karachi,2025-10-04
O02201,C0156,P0025,2025-01-28,3,5,Backpack,Fashion,37414,112242,5612.1,106629.9,2025-01,28,Female,Multan,2024-12-27
O00205,C0007,P0013,2025-01-28,1,15,Bluetooth Speaker,Accessories,16673,16673,2500.95,14172.05,2025-01,56,Female,Faisalabad,2024-04-26
O02532,C0282,P0055,2025-01-28,4,20,Bluetooth Speaker,Electronics,7552,30208,6041.6,24166.4,2025-01,38,Male,Lahore,2024-11-17
O01853,C0126,P0046,2025-01-28,4,5,Backpack,Accessories,44096,176384,8819.2,167564.8,2025-01,26,Female,Islamabad,2024-12-05
O00815,C0295,P0020,2025-01-29,1,15,Phone Case,Home & Kitchen,4931,4931,739.65,4191.35,2025-01,25,Female,Rawalpindi,2023-03-20
O01602,C0421,P0046,2025-01-29,4,10,Backpack,Accessories,44096,176384,17638.4,158745.6,2025-01,31,Male,Karachi,2024-05-29
O00586,C0436,P0036,2025-01-29,5,25,Bluetooth Speaker,Electronics,27617,138085,34521.25,103563.75,2025-01,40,Male,Lahore,2024-11-15
O00969,C0319,P0031,2025-01-29,5,20,Backpack,Electronics,47381,236905,47381.0,189524.0,2025-01,52,Female,Faisalabad,2023-03-25
O00851,C0400,P0013,2025-01-29,5,5,Bluetooth Speaker,Accessories,16673,83365,4168.25,79196.75,2025-01,26,Female,Islamabad,2024-03-03
O02746,C0314,P0021,2025-01-29,2,20,USB-C Cable,Accessories,28264,56528,11305.6,45222.4,2025-01,58,Female,Multan,2025-01-17
O00983,C0376,P0024,2025-01-29,4,10,Phone Case,Accessories,9406,37624,3762.4,33861.6,2025-01,60,Female,Rawalpindi,2025-12-05
O00288,C0253,P0020,2025-01-30,4,5,Phone Case,Home & Kitchen,4931,19724,986.2,18737.8,2025-01,36,Female,Islamabad,2024-02-18
O02246,C0471,P0079,2025-01-30,5,15,Headphones,Accessories,29052,145260,21789.0,123471.0,2025-01,30,Male,Faisalabad,2025-05-15
O01030,C0485,P0047,2025-01-31,3,10,Bluetooth Speaker,Accessories,23671,71013,7101.3,63911.7,2025-01,58,Male,Faisalabad,2025-03-04
O01988,C0500,P0071,2025-01-31,4,0,Mechanical Keyboard,Electronics,14173,56692,0.0,56692.0,2025-01,53,Male,Multan,2023-01-14
O02587,C0433,P0072,2025-01-31,5,15,Headphones,Electronics,11630,58150,8722.5,49427.5,2025-01,50,Female,Islamabad,2023-05-02
O00866,C0250,P0087,2025-01-31,4,25,Bluetooth Speaker,Accessories,36493,145972,36493.0,109479.0,2025-01,26,Female,Multan,2024-11-05
O02216,C0162,P0006,2025-01-31,1,15,Headphones,Accessories,28098,28098,4214.7,23883.3,2025-01,44,Male,Lahore,2025-04-29
O02678,C0123,P0084,2025-01-31,2,0,Headphones,Accessories,10352,20704,0.0,20704.0,2025-01,31,Female,Karachi,2023-05-26
O01447,C0397,P0066,2025-01-31,4,25,Backpack,Fashion,35066,140264,35066.0,105198.0,2025-01,54,Female,Islamabad,2025-09-20
O02948,C0048,P0034,2025-01-31,3,10,Backpack,Electronics,7651,22953,2295.3,20657.7,2025-01,24,Male,Islamabad,2024-12-11
O00660,C0437,P0064,2025-01-31,4,20,Smart Watch,Home & Kitchen,42935,171740,34348.0,137392.0,2025-01,27,Male,Lahore,2023-11-05
O00846,C0220,P0013,2025-02-01,4,10,Bluetooth Speaker,Accessories,16673,66692,6669.2,60022.8,2025-02,43,Male,Multan,2023-12-22
O02447,C0252,P0094,2025-02-01,4,0,Phone Case,Home & Kitchen,36541,146164,0.0,146164.0,2025-02,52,Female,Multan,2024-04-11
O00807,C0192,P0085,2025-02-01,5,20,Smart Watch,Accessories,31901,159505,31901.0,127604.0,2025-02,50,Female,Faisalabad,2025-07-02
O02925,C0266,P0040,2025-02-02,5,25,Smart Watch,Electronics,13967,69835,17458.75,52376.25,2025-02,52,Male,Faisalabad,2024-04-28
O02074,C0213,P0051,2025-02-02,3,5,Headphones,Fashion,48978,146934,7346.7,139587.3,2025-02,23,Male,Rawalpindi,2023-12-19
O02739,C0369,P0006,2025-02-02,5,0,Headphones,Accessories,28098,140490,0.0,140490.0,2025-02,39,Female,Karachi,2023-04-12
O02707,C0418,P0055,2025-02-02,2,25,Bluetooth Speaker,Electronics,7552,15104,3776.0,11328.0,2025-02,54,Female,Multan,2023-01-22
O00953,C0368,P0082,2025-02-03,4,25,Bluetooth Speaker,Fashion,11117,44468,11117.0,33351.0,2025-02,40,Male,Islamabad,2025-03-11
O01526,C0377,P0040,2025-02-03,5,0,Smart Watch,Electronics,13967,69835,0.0,69835.0,2025-02,54,Female,Rawalpindi,2024-08-14
O01581,C0195,P0018,2025-02-04,4,10,Laptop Stand,Accessories,33674,134696,13469.6,121226.4,2025-02,19,Female,Karachi,2025-08-30
O00758,C0401,P0083,2025-02-05,5,25,Wireless Mouse,Home & Kitchen,39020,195100,48775.0,146325.0,2025-02,29,Female,Rawalpindi,2023-11-13
O01822,C0116,P0090,2025-02-06,5,10,Wireless Mouse,Fashion,40075,200375,20037.5,180337.5,2025-02,52,Male,Multan,2023-12-06
O02677,C0153,P0032,2025-02-06,2,10,Power Bank,Electronics,46913,93826,9382.6,84443.4,2025-02,45,Female,Multan,2023-09-16
O01162,C0271,P0035,2025-02-06,4,20,Bluetooth Speaker,Fashion,28711,114844,22968.8,91875.2,2025-02,35,Male,Rawalpindi,2024-06-07
O00254,C0444,P0029,2025-02-06,1,10,Smart Watch,Electronics,49792,49792,4979.2,44812.8,2025-02,49,Female,Lahore,2023-11-08
O01366,C0076,P0052,2025-02-07,2,25,USB-C Cable,Fashion,44639,89278,22319.5,66958.5,2025-02,41,Male,Rawalpindi,2025-03-15
O01045,C0268,P0052,2025-02-07,4,25,USB-C Cable,Fashion,44639,178556,44639.0,133917.0,2025-02,52,Male,Faisalabad,2024-12-31
O02391,C0471,P0007,2025-02-07,4,15,Power Bank,Home & Kitchen,12063,48252,7237.8,41014.2,2025-02,30,Male,Faisalabad,2025-05-15
O02727,C0192,P0003,2025-02-07,3,5,Backpack,Fashion,22136,66408,3320.4,63087.6,2025-02,50,Female,Faisalabad,2025-07-02
O00401,C0120,P0100,2025-02-07,3,15,Smart Watch,Accessories,42922,128766,19314.9,109451.1,2025-02,18,Male,Multan,2026-03-11
O01310,C0035,P0018,2025-02-08,2,15,Laptop Stand,Accessories,33674,67348,10102.2,57245.8,2025-02,24,Female,Karachi,2023-12-05
O00583,C0029,P0037,2025-02-08,1,5,Bluetooth Speaker,Fashion,36878,36878,1843.9,35034.1,2025-02,59,Male,Islamabad,2025-03-27
O00740,C0350,P0038,2025-02-08,1,25,Wireless Mouse,Home & Kitchen,43152,43152,10788.0,32364.0,2025-02,52,Male,Lahore,2025-10-13
O00778,C0138,P0028,2025-02-08,4,25,Laptop Stand,Electronics,13576,54304,13576.0,40728.0,2025-02,40,Male,Islamabad,2023-01-11
O01519,C0461,P0080,2025-02-08,4,25,Smart Watch,Accessories,37884,151536,37884.0,113652.0,2025-02,60,Male,Islamabad,2024-05-30
O02747,C0289,P0060,2025-02-08,4,10,Phone Case,Electronics,24989,99956,9995.6,89960.4,2025-02,29,Female,Islamabad,2024-04-04
O02613,C0317,P0018,2025-02-08,2,10,Laptop Stand,Accessories,33674,67348,6734.8,60613.2,2025-02,46,Male,Karachi,2023-10-30
O00058,C0353,P0009,2025-02-08,3,10,Backpack,Electronics,44290,132870,13287.0,119583.0,2025-02,30,Male,Lahore,2025-10-10
O02915,C0367,P0033,2025-02-09,5,0,Laptop Stand,Electronics,6512,32560,0.0,32560.0,2025-02,49,Male,Islamabad,2024-12-29
O00515,C0351,P0059,2025-02-09,5,0,USB-C Cable,Fashion,48868,244340,0.0,244340.0,2025-02,42,Male,Islamabad,2025-08-13
O00137,C0248,P0061,2025-02-09,4,25,Laptop Stand,Electronics,9136,36544,9136.0,27408.0,2025-02,54,Female,Islamabad,2025-05-05
O02563,C0475,P0007,2025-02-10,1,10,Power Bank,Home & Kitchen,12063,12063,1206.3,10856.7,2025-02,52,Female,Rawalpindi,2023-10-22
O02773,C0483,P0089,2025-02-10,1,5,Mechanical Keyboard,Electronics,45605,45605,2280.25,43324.75,2025-02,43,Male,Karachi,2025-06-29
O01306,C0369,P0082,2025-02-10,1,10,Bluetooth Speaker,Fashion,11117,11117,1111.7,10005.3,2025-02,39,Female,Karachi,2023-04-12
O02109,C0236,P0046,2025-02-10,2,15,Backpack,Accessories,44096,88192,13228.8,74963.2,2025-02,40,Male,Rawalpindi,2024-08-11
O01830,C0147,P0035,2025-02-11,3,25,Bluetooth Speaker,Fashion,28711,86133,21533.25,64599.75,2025-02,39,Male,Rawalpindi,2023-08-14
O00173,C0190,P0081,2025-02-11,1,0,Mechanical Keyboard,Fashion,16893,16893,0.0,16893.0,2025-02,54,Male,Lahore,2026-06-28
O01257,C0073,P0022,2025-02-11,3,20,Power Bank,Accessories,22127,66381,13276.2,53104.8,2025-02,38,Male,Multan,2023-07-07
O00096,C0291,P0085,2025-02-11,4,25,Smart Watch,Accessories,31901,127604,31901.0,95703.0,2025-02,39,Male,Islamabad,2023-01-29
O00347,C0079,P0003,2025-02-11,2,20,Backpack,Fashion,22136,44272,8854.4,35417.6,2025-02,58,Female,Karachi,2025-09-12
O00274,C0060,P0006,2025-02-11,3,0,Headphones,Accessories,28098,84294,0.0,84294.0,2025-02,46,Male,Karachi,2024-12-27
O00687,C0405,P0092,2025-02-11,2,20,Headphones,Accessories,7727,15454,3090.8,12363.2,2025-02,49,Male,Multan,2026-01-01
O02628,C0453,P0035,2025-02-11,2,10,Bluetooth Speaker,Fashion,28711,57422,5742.2,51679.8,2025-02,49,Male,Karachi,2023-12-19
O01769,C0487,P0045,2025-02-11,2,10,Mechanical Keyboard,Fashion,45476,90952,9095.2,81856.8,2025-02,21,Female,Islamabad,2025-01-21
O00605,C0019,P0062,2025-02-12,3,25,Bluetooth Speaker,Fashion,6941,20823,5205.75,15617.25,2025-02,41,Male,Karachi,2025-11-28
O01734,C0435,P0092,2025-02-12,2,5,Headphones,Accessories,7727,15454,772.7,14681.3,2025-02,54,Male,Rawalpindi,2025-01-19
O02045,C0428,P0080,2025-02-12,1,5,Smart Watch,Accessories,37884,37884,1894.2,35989.8,2025-02,43,Female,Faisalabad,2025-10-10
O01907,C0358,P0082,2025-02-12,4,25,Bluetooth Speaker,Fashion,11117,44468,11117.0,33351.0,2025-02,25,Male,Faisalabad,2024-01-30
O00245,C0482,P0056,2025-02-13,2,15,Bluetooth Speaker,Home & Kitchen,4154,8308,1246.2,7061.8,2025-02,27,Male,Islamabad,2023-01-21
O02942,C0266,P0040,2025-02-13,1,15,Smart Watch,Electronics,13967,13967,2095.05,11871.95,2025-02,52,Male,Faisalabad,2024-04-28
O02297,C0181,P0070,2025-02-13,1,20,Smart Watch,Home & Kitchen,43168,43168,8633.6,34534.4,2025-02,56,Male,Karachi,2024-06-04
O01535,C0093,P0020,2025-02-13,3,0,Phone Case,Home & Kitchen,4931,14793,0.0,14793.0,2025-02,52,Female,Islamabad,2023-11-07
O02576,C0189,P0047,2025-02-13,4,5,Bluetooth Speaker,Accessories,23671,94684,4734.2,89949.8,2025-02,40,Male,Multan,2023-11-24
O00450,C0133,P0012,2025-02-14,5,25,USB-C Cable,Home & Kitchen,27466,137330,34332.5,102997.5,2025-02,56,Female,Karachi,2023-07-06
O01540,C0296,P0051,2025-02-14,1,20,Headphones,Fashion,48978,48978,9795.6,39182.4,2025-02,44,Male,Multan,2025-08-04
O00258,C0096,P0041,2025-02-14,1,0,Smart Watch,Accessories,31510,31510,0.0,31510.0,2025-02,22,Male,Lahore,2024-06-29
O01649,C0045,P0075,2025-02-15,5,15,Headphones,Home & Kitchen,24169,120845,18126.75,102718.25,2025-02,19,Male,Multan,2023-02-16
O01514,C0105,P0022,2025-02-15,5,0,Power Bank,Accessories,22127,110635,0.0,110635.0,2025-02,51,Female,Karachi,2024-04-21
O00713,C0162,P0089,2025-02-15,5,25,Mechanical Keyboard,Electronics,45605,228025,57006.25,171018.75,2025-02,44,Male,Lahore,2025-04-29
O02423,C0427,P0017,2025-02-15,3,5,Smart Watch,Electronics,25096,75288,3764.4,71523.6,2025-02,33,Male,Lahore,2025-09-04
O02342,C0390,P0027,2025-02-15,2,25,Bluetooth Speaker,Electronics,45879,91758,22939.5,68818.5,2025-02,59,Male,Faisalabad,2026-01-31
O00595,C0461,P0008,2025-02-15,2,15,Wireless Mouse,Electronics,47319,94638,14195.7,80442.3,2025-02,60,Male,Islamabad,2024-05-30
O00638,C0302,P0011,2025-02-16,4,5,Mechanical Keyboard,Fashion,26019,104076,5203.8,98872.2,2025-02,45,Male,Multan,2024-02-01
O01247,C0387,P0041,2025-02-16,5,0,Smart Watch,Accessories,31510,157550,0.0,157550.0,2025-02,57,Female,Faisalabad,2024-08-11
O00388,C0233,P0067,2025-02-16,2,20,Mechanical Keyboard,Fashion,42868,85736,17147.2,68588.8,2025-02,28,Female,Karachi,2023-12-29
O02335,C0015,P0083,2025-02-16,1,25,Wireless Mouse,Home & Kitchen,39020,39020,9755.0,29265.0,2025-02,41,Male,Lahore,2023-03-02
O00867,C0363,P0052,2025-02-16,3,15,USB-C Cable,Fashion,44639,133917,20087.55,113829.45,2025-02,32,Male,Faisalabad,2023-12-04
O01954,C0053,P0071,2025-02-16,4,5,Mechanical Keyboard,Electronics,14173,56692,2834.6,53857.4,2025-02,53,Male,Lahore,2024-01-26
O02011,C0361,P0023,2025-02-16,5,5,Phone Case,Home & Kitchen,39810,199050,9952.5,189097.5,2025-02,29,Female,Islamabad,2023-03-13
O02507,C0116,P0100,2025-02-16,1,5,Smart Watch,Accessories,42922,42922,2146.1,40775.9,2025-02,52,Male,Multan,2023-12-06
O02791,C0485,P0017,2025-02-16,3,15,Smart Watch,Electronics,25096,75288,11293.2,63994.8,2025-02,58,Male,Faisalabad,2025-03-04
O01454,C0127,P0046,2025-02-16,5,0,Backpack,Accessories,44096,220480,0.0,220480.0,2025-02,32,Male,Islamabad,2025-08-06
O02855,C0404,P0033,2025-02-17,1,10,Laptop Stand,Electronics,6512,6512,651.2,5860.8,2025-02,51,Male,Faisalabad,2025-02-12
O01800,C0203,P0089,2025-02-17,2,15,Mechanical Keyboard,Electronics,45605,91210,13681.5,77528.5,2025-02,55,Female,Faisalabad,2023-12-15
O02400,C0371,P0075,2025-02-17,1,10,Headphones,Home & Kitchen,24169,24169,2416.9,21752.1,2025-02,39,Female,Lahore,2023-08-02
O02410,C0450,P0048,2025-02-18,4,15,Laptop Stand,Accessories,35405,141620,21243.0,120377.0,2025-02,33,Male,Lahore,2024-03-20
O00543,C0435,P0059,2025-02-18,4,20,USB-C Cable,Fashion,48868,195472,39094.4,156377.6,2025-02,54,Male,Rawalpindi,2025-01-19
O00289,C0415,P0064,2025-02-18,1,25,Smart Watch,Home & Kitchen,42935,42935,10733.75,32201.25,2025-02,29,Male,Rawalpindi,2026-01-12
O02093,C0140,P0026,2025-02-18,5,15,Wireless Mouse,Electronics,45314,226570,33985.5,192584.5,2025-02,32,Male,Faisalabad,2023-08-14
O00743,C0183,P0071,2025-02-18,3,15,Mechanical Keyboard,Electronics,14173,42519,6377.85,36141.15,2025-02,20,Male,Faisalabad,2025-08-12
O00622,C0364,P0095,2025-02-18,3,15,Mechanical Keyboard,Accessories,23884,71652,10747.8,60904.2,2025-02,45,Female,Multan,2024-08-29
O01568,C0099,P0036,2025-02-18,4,15,Bluetooth Speaker,Electronics,27617,110468,16570.2,93897.8,2025-02,58,Male,Lahore,2025-01-28
O00928,C0028,P0028,2025-02-19,2,0,Laptop Stand,Electronics,13576,27152,0.0,27152.0,2025-02,44,Male,Lahore,2025-12-03
O00607,C0413,P0080,2025-02-20,5,25,Smart Watch,Accessories,37884,189420,47355.0,142065.0,2025-02,46,Female,Lahore,2023-01-07
O00049,C0102,P0073,2025-02-20,3,5,Power Bank,Electronics,23168,69504,3475.2,66028.8,2025-02,26,Male,Faisalabad,2025-03-24
O02121,C0016,P0087,2025-02-20,4,5,Bluetooth Speaker,Accessories,36493,145972,7298.6,138673.4,2025-02,20,Male,Rawalpindi,2025-07-27
O00951,C0098,P0001,2025-02-20,5,15,Smart Watch,Electronics,5260,26300,3945.0,22355.0,2025-02,56,Female,Faisalabad,2023-09-08
O02284,C0059,P0051,2025-02-20,1,5,Headphones,Fashion,48978,48978,2448.9,46529.1,2025-02,21,Male,Multan,2025-04-06
O00228,C0164,P0049,2025-02-20,1,5,Phone Case,Electronics,21329,21329,1066.45,20262.55,2025-02,58,Female,Faisalabad,2026-03-14
O02533,C0371,P0100,2025-02-20,1,0,Smart Watch,Accessories,42922,42922,0.0,42922.0,2025-02,39,Female,Lahore,2023-08-02
O01699,C0365,P0043,2025-02-20,4,20,Laptop Stand,Home & Kitchen,43141,172564,34512.8,138051.2,2025-02,51,Male,Karachi,2023-06-15
O00544,C0174,P0089,2025-02-21,5,0,Mechanical Keyboard,Electronics,45605,228025,0.0,228025.0,2025-02,41,Male,Karachi,2025-08-09
O02117,C0397,P0065,2025-02-21,1,15,Mechanical Keyboard,Accessories,12649,12649,1897.35,10751.65,2025-02,54,Female,Islamabad,2025-09-20
O01462,C0072,P0071,2025-02-21,4,25,Mechanical Keyboard,Electronics,14173,56692,14173.0,42519.0,2025-02,57,Male,Faisalabad,2024-09-11
O00471,C0352,P0030,2025-02-21,5,20,Wireless Mouse,Home & Kitchen,38150,190750,38150.0,152600.0,2025-02,41,Male,Multan,2024-12-26
O00840,C0414,P0061,2025-02-21,1,20,Laptop Stand,Electronics,9136,9136,1827.2,7308.8,2025-02,20,Male,Multan,2024-04-03
O01630,C0418,P0035,2025-02-21,4,25,Bluetooth Speaker,Fashion,28711,114844,28711.0,86133.0,2025-02,54,Female,Multan,2023-01-22
O02524,C0197,P0004,2025-02-21,4,15,Laptop Stand,Home & Kitchen,16853,67412,10111.8,57300.2,2025-02,49,Female,Multan,2025-08-30
O00949,C0066,P0056,2025-02-21,5,20,Bluetooth Speaker,Home & Kitchen,4154,20770,4154.0,16616.0,2025-02,31,Female,Lahore,2025-09-21
O02200,C0119,P0083,2025-02-21,2,25,Wireless Mouse,Home & Kitchen,39020,78040,19510.0,58530.0,2025-02,20,Female,Lahore,2023-01-03
O02838,C0047,P0052,2025-02-22,1,15,USB-C Cable,Fashion,44639,44639,6695.85,37943.15,2025-02,45,Male,Karachi,2025-11-05
O02008,C0354,P0078,2025-02-22,3,25,Phone Case,Home & Kitchen,9935,29805,7451.25,22353.75,2025-02,24,Female,Rawalpindi,2024-05-15
O01400,C0355,P0052,2025-02-22,1,5,USB-C Cable,Fashion,44639,44639,2231.95,42407.05,2025-02,53,Female,Karachi,2023-04-27
O01284,C0489,P0094,2025-02-22,4,10,Phone Case,Home & Kitchen,36541,146164,14616.4,131547.6,2025-02,46,Male,Faisalabad,2025-07-28
O02211,C0170,P0055,2025-02-22,1,10,Bluetooth Speaker,Electronics,7552,7552,755.2,6796.8,2025-02,26,Female,Islamabad,2025-06-11
O01917,C0290,P0068,2025-02-22,1,5,Backpack,Electronics,22175,22175,1108.75,21066.25,2025-02,39,Male,Rawalpindi,2025-10-27
O01170,C0066,P0050,2025-02-22,3,15,Wireless Mouse,Electronics,34554,103662,15549.3,88112.7,2025-02,31,Female,Lahore,2025-09-21
O01525,C0201,P0012,2025-02-23,2,15,USB-C Cable,Home & Kitchen,27466,54932,8239.8,46692.2,2025-02,28,Female,Rawalpindi,2023-08-12
O02213,C0175,P0034,2025-02-23,5,5,Backpack,Electronics,7651,38255,1912.75,36342.25,2025-02,32,Female,Rawalpindi,2024-09-26
O01901,C0430,P0044,2025-02-23,4,0,Mechanical Keyboard,Accessories,12789,51156,0.0,51156.0,2025-02,38,Female,Karachi,2023-03-28
O00273,C0130,P0022,2025-02-24,4,25,Power Bank,Accessories,22127,88508,22127.0,66381.0,2025-02,59,Female,Rawalpindi,2025-03-27
O02078,C0101,P0056,2025-02-24,4,5,Bluetooth Speaker,Home & Kitchen,4154,16616,830.8,15785.2,2025-02,24,Female,Lahore,2025-11-28
O00331,C0007,P0083,2025-02-24,4,5,Wireless Mouse,Home & Kitchen,39020,156080,7804.0,148276.0,2025-02,56,Female,Faisalabad,2024-04-26
O02581,C0024,P0051,2025-02-24,1,20,Headphones,Fashion,48978,48978,9795.6,39182.4,2025-02,50,Male,Faisalabad,2023-04-12
O02404,C0354,P0063,2025-02-25,2,20,Mechanical Keyboard,Electronics,25111,50222,10044.4,40177.6,2025-02,24,Female,Rawalpindi,2024-05-15
O00484,C0360,P0079,2025-02-25,5,5,Headphones,Accessories,29052,145260,7263.0,137997.0,2025-02,31,Male,Karachi,2024-12-21
O02870,C0006,P0046,2025-02-25,4,5,Backpack,Accessories,44096,176384,8819.2,167564.8,2025-02,38,Male,Karachi,2023-12-31
O02230,C0012,P0015,2025-02-25,4,25,Wireless Mouse,Home & Kitchen,13678,54712,13678.0,41034.0,2025-02,41,Male,Islamabad,2023-10-23
O01725,C0447,P0011,2025-02-25,5,25,Mechanical Keyboard,Fashion,26019,130095,32523.75,97571.25,2025-02,21,Male,Rawalpindi,2025-07-12
O01404,C0432,P0038,2025-02-25,3,20,Wireless Mouse,Home & Kitchen,43152,129456,25891.2,103564.8,2025-02,53,Male,Multan,2026-06-20
O00755,C0118,P0013,2025-02-25,2,25,Bluetooth Speaker,Accessories,16673,33346,8336.5,25009.5,2025-02,31,Female,Rawalpindi,2024-07-30
O02750,C0189,P0074,2025-02-25,2,5,Laptop Stand,Electronics,15722,31444,1572.2,29871.8,2025-02,40,Male,Multan,2023-11-24
O01781,C0147,P0078,2025-02-25,4,0,Phone Case,Home & Kitchen,9935,39740,0.0,39740.0,2025-02,39,Male,Rawalpindi,2023-08-14
O01646,C0443,P0044,2025-02-25,2,20,Mechanical Keyboard,Accessories,12789,25578,5115.6,20462.4,2025-02,36,Male,Multan,2024-07-02
O01729,C0397,P0019,2025-02-26,4,20,Headphones,Accessories,42474,169896,33979.2,135916.8,2025-02,54,Female,Islamabad,2025-09-20
O01679,C0201,P0091,2025-02-26,1,0,Headphones,Electronics,36951,36951,0.0,36951.0,2025-02,28,Female,Rawalpindi,2023-08-12
O00056,C0232,P0054,2025-02-26,2,0,Bluetooth Speaker,Fashion,30234,60468,0.0,60468.0,2025-02,18,Female,Karachi,2024-11-02
O02098,C0304,P0080,2025-02-26,2,15,Smart Watch,Accessories,37884,75768,11365.2,64402.8,2025-02,22,Female,Rawalpindi,2025-06-05
O00369,C0483,P0094,2025-02-26,2,25,Phone Case,Home & Kitchen,36541,73082,18270.5,54811.5,2025-02,43,Male,Karachi,2025-06-29
O00514,C0160,P0063,2025-02-26,2,5,Mechanical Keyboard,Electronics,25111,50222,2511.1,47710.9,2025-02,50,Male,Karachi,2024-02-23
O00105,C0036,P0084,2025-02-26,5,5,Headphones,Accessories,10352,51760,2588.0,49172.0,2025-02,38,Male,Faisalabad,2024-10-22
O00068,C0196,P0036,2025-02-26,1,25,Bluetooth Speaker,Electronics,27617,27617,6904.25,20712.75,2025-02,43,Female,Multan,2025-03-06
O01101,C0281,P0038,2025-02-26,1,10,Wireless Mouse,Home & Kitchen,43152,43152,4315.2,38836.8,2025-02,31,Female,Multan,2024-12-04
O00319,C0420,P0025,2025-02-26,2,5,Backpack,Fashion,37414,74828,3741.4,71086.6,2025-02,46,Female,Multan,2025-06-13
O02420,C0495,P0061,2025-02-26,4,15,Laptop Stand,Electronics,9136,36544,5481.6,31062.4,2025-02,54,Male,Islamabad,2025-04-16
O01301,C0255,P0064,2025-02-27,2,20,Smart Watch,Home & Kitchen,42935,85870,17174.0,68696.0,2025-02,20,Male,Multan,2026-06-10
O00689,C0038,P0096,2025-02-27,3,10,Mechanical Keyboard,Accessories,645,1935,193.5,1741.5,2025-02,56,Female,Faisalabad,2024-01-09
O00870,C0196,P0057,2025-02-27,5,5,Wireless Mouse,Accessories,23986,119930,5996.5,113933.5,2025-02,43,Female,Multan,2025-03-06
O00658,C0121,P0023,2025-02-27,4,0,Phone Case,Home & Kitchen,39810,159240,0.0,159240.0,2025-02,22,Male,Faisalabad,2024-01-11
O01039,C0104,P0023,2025-02-27,3,25,Phone Case,Home & Kitchen,39810,119430,29857.5,89572.5,2025-02,29,Female,Rawalpindi,2025-08-15
O02218,C0134,P0070,2025-02-27,2,10,Smart Watch,Home & Kitchen,43168,86336,8633.6,77702.4,2025-02,49,Female,Faisalabad,2023-03-02
O00292,C0457,P0067,2025-02-27,2,10,Mechanical Keyboard,Fashion,42868,85736,8573.6,77162.4,2025-02,29,Male,Faisalabad,2025-08-14
O01189,C0442,P0045,2025-02-28,3,0,Mechanical Keyboard,Fashion,45476,136428,0.0,136428.0,2025-02,27,Female,Islamabad,2024-10-23
O02052,C0083,P0025,2025-02-28,2,10,Backpack,Fashion,37414,74828,7482.8,67345.2,2025-02,42,Male,Karachi,2023-02-08
O02515,C0378,P0038,2025-02-28,5,25,Wireless Mouse,Home & Kitchen,43152,215760,53940.0,161820.0,2025-02,50,Male,Faisalabad,2026-01-14
O00789,C0337,P0006,2025-02-28,4,10,Headphones,Accessories,28098,112392,11239.2,101152.8,2025-02,44,Female,Lahore,2023-12-15
O02767,C0390,P0058,2025-02-28,3,10,Wireless Mouse,Accessories,19243,57729,5772.9,51956.1,2025-02,59,Male,Faisalabad,2026-01-31
O00219,C0466,P0017,2025-02-28,1,25,Smart Watch,Electronics,25096,25096,6274.0,18822.0,2025-02,50,Female,Rawalpindi,2025-08-04
O02695,C0096,P0027,2025-02-28,4,20,Bluetooth Speaker,Electronics,45879,183516,36703.2,146812.8,2025-02,22,Male,Lahore,2024-06-29
O02949,C0405,P0044,2025-02-28,4,15,Mechanical Keyboard,Accessories,12789,51156,7673.4,43482.6,2025-02,49,Male,Multan,2026-01-01
O01842,C0114,P0029,2025-03-01,1,25,Smart Watch,Electronics,49792,49792,12448.0,37344.0,2025-03,52,Female,Karachi,2025-07-14
O02351,C0397,P0006,2025-03-01,3,5,Headphones,Accessories,28098,84294,4214.7,80079.3,2025-03,54,Female,Islamabad,2025-09-20
O02387,C0357,P0056,2025-03-01,2,0,Bluetooth Speaker,Home & Kitchen,4154,8308,0.0,8308.0,2025-03,18,Female,Lahore,2024-08-06
O02984,C0054,P0070,2025-03-01,2,25,Smart Watch,Home & Kitchen,43168,86336,21584.0,64752.0,2025-03,57,Male,Rawalpindi,2023-12-01
O01090,C0102,P0022,2025-03-01,1,0,Power Bank,Accessories,22127,22127,0.0,22127.0,2025-03,26,Male,Faisalabad,2025-03-24
O02079,C0417,P0019,2025-03-02,4,5,Headphones,Accessories,42474,169896,8494.8,161401.2,2025-03,33,Male,Lahore,2025-06-18
O02571,C0367,P0029,2025-03-02,4,10,Smart Watch,Electronics,49792,199168,19916.8,179251.2,2025-03,49,Male,Islamabad,2024-12-29
O02442,C0255,P0098,2025-03-02,5,0,Phone Case,Electronics,16535,82675,0.0,82675.0,2025-03,20,Male,Multan,2026-06-10
O01846,C0214,P0059,2025-03-03,2,20,USB-C Cable,Fashion,48868,97736,19547.2,78188.8,2025-03,33,Female,Lahore,2024-07-24
O00829,C0057,P0023,2025-03-03,3,25,Phone Case,Home & Kitchen,39810,119430,29857.5,89572.5,2025-03,23,Male,Rawalpindi,2025-06-01
O00855,C0217,P0021,2025-03-03,4,5,USB-C Cable,Accessories,28264,113056,5652.8,107403.2,2025-03,37,Female,Faisalabad,2023-12-29
O01457,C0001,P0088,2025-03-03,2,0,Power Bank,Accessories,34584,69168,0.0,69168.0,2025-03,56,Female,Multan,2023-03-10
O02626,C0239,P0044,2025-03-03,3,25,Mechanical Keyboard,Accessories,12789,38367,9591.75,28775.25,2025-03,59,Female,Rawalpindi,2025-12-05
O00261,C0031,P0003,2025-03-03,4,15,Backpack,Fashion,22136,88544,13281.6,75262.4,2025-03,33,Female,Faisalabad,2025-11-06
O01274,C0265,P0047,2025-03-04,1,0,Bluetooth Speaker,Accessories,23671,23671,0.0,23671.0,2025-03,37,Male,Islamabad,2025-07-04
O00197,C0158,P0067,2025-03-04,5,5,Mechanical Keyboard,Fashion,42868,214340,10717.0,203623.0,2025-03,42,Male,Karachi,2026-01-27
O02054,C0198,P0082,2025-03-04,5,15,Bluetooth Speaker,Fashion,11117,55585,8337.75,47247.25,2025-03,23,Female,Faisalabad,2024-08-15
O02471,C0499,P0056,2025-03-04,1,25,Bluetooth Speaker,Home & Kitchen,4154,4154,1038.5,3115.5,2025-03,52,Male,Multan,2024-01-16
O02065,C0417,P0019,2025-03-05,5,0,Headphones,Accessories,42474,212370,0.0,212370.0,2025-03,33,Male,Lahore,2025-06-18
O02385,C0332,P0063,2025-03-05,4,20,Mechanical Keyboard,Electronics,25111,100444,20088.8,80355.2,2025-03,41,Male,Lahore,2024-06-03
O00585,C0463,P0066,2025-03-05,5,0,Backpack,Fashion,35066,175330,0.0,175330.0,2025-03,29,Female,Multan,2024-06-15
O00988,C0116,P0080,2025-03-05,2,15,Smart Watch,Accessories,37884,75768,11365.2,64402.8,2025-03,52,Male,Multan,2023-12-06
O01864,C0222,P0094,2025-03-06,4,25,Phone Case,Home & Kitchen,36541,146164,36541.0,109623.0,2025-03,36,Male,Multan,2024-02-26
O01737,C0252,P0072,2025-03-06,3,25,Headphones,Electronics,11630,34890,8722.5,26167.5,2025-03,52,Female,Multan,2024-04-11
O01385,C0401,P0069,2025-03-06,4,0,Headphones,Fashion,5995,23980,0.0,23980.0,2025-03,29,Female,Rawalpindi,2023-11-13
O02433,C0044,P0015,2025-03-06,2,25,Wireless Mouse,Home & Kitchen,13678,27356,6839.0,20517.0,2025-03,43,Female,Multan,2024-05-03
O01877,C0065,P0044,2025-03-06,3,15,Mechanical Keyboard,Accessories,12789,38367,5755.05,32611.95,2025-03,53,Male,Karachi,2025-07-23
O02362,C0108,P0003,2025-03-06,1,0,Backpack,Fashion,22136,22136,0.0,22136.0,2025-03,41,Male,Karachi,2025-01-17
O00775,C0325,P0053,2025-03-07,5,25,Power Bank,Electronics,49213,246065,61516.25,184548.75,2025-03,20,Female,Multan,2025-03-03
O01659,C0306,P0020,2025-03-07,4,20,Phone Case,Home & Kitchen,4931,19724,3944.8,15779.2,2025-03,21,Female,Faisalabad,2023-06-06
O02072,C0175,P0088,2025-03-07,1,0,Power Bank,Accessories,34584,34584,0.0,34584.0,2025-03,32,Female,Rawalpindi,2024-09-26
O00527,C0183,P0075,2025-03-07,3,5,Headphones,Home & Kitchen,24169,72507,3625.35,68881.65,2025-03,20,Male,Faisalabad,2025-08-12
O00495,C0078,P0061,2025-03-07,1,5,Laptop Stand,Electronics,9136,9136,456.8,8679.2,2025-03,42,Male,Rawalpindi,2025-07-24
O00596,C0278,P0029,2025-03-07,2,15,Smart Watch,Electronics,49792,99584,14937.6,84646.4,2025-03,50,Male,Karachi,2026-02-17
O01135,C0496,P0034,2025-03-07,1,15,Backpack,Electronics,7651,7651,1147.65,6503.35,2025-03,26,Female,Islamabad,2025-10-01
O02752,C0388,P0042,2025-03-08,3,15,Power Bank,Accessories,49757,149271,22390.65,126880.35,2025-03,33,Male,Islamabad,2023-04-26
O00695,C0020,P0024,2025-03-08,3,25,Phone Case,Accessories,9406,28218,7054.5,21163.5,2025-03,47,Male,Rawalpindi,2023-05-11
O02226,C0007,P0060,2025-03-08,2,20,Phone Case,Electronics,24989,49978,9995.6,39982.4,2025-03,56,Female,Faisalabad,2024-04-26
O01227,C0328,P0006,2025-03-08,2,10,Headphones,Accessories,28098,56196,5619.6,50576.4,2025-03,59,Male,Faisalabad,2023-07-27
O02598,C0318,P0060,2025-03-08,2,10,Phone Case,Electronics,24989,49978,4997.8,44980.2,2025-03,48,Female,Karachi,2025-05-18
O02544,C0462,P0018,2025-03-08,2,25,Laptop Stand,Accessories,33674,67348,16837.0,50511.0,2025-03,54,Female,Karachi,2025-01-01
O02527,C0312,P0043,2025-03-08,5,20,Laptop Stand,Home & Kitchen,43141,215705,43141.0,172564.0,2025-03,23,Female,Rawalpindi,2025-11-11
O00424,C0433,P0021,2025-03-09,3,5,USB-C Cable,Accessories,28264,84792,4239.6,80552.4,2025-03,50,Female,Islamabad,2023-05-02
O02530,C0099,P0033,2025-03-09,1,25,Laptop Stand,Electronics,6512,6512,1628.0,4884.0,2025-03,58,Male,Lahore,2025-01-28
O00155,C0226,P0073,2025-03-09,4,10,Power Bank,Electronics,23168,92672,9267.2,83404.8,2025-03,58,Female,Islamabad,2024-07-10
O01933,C0188,P0039,2025-03-09,5,15,Wireless Mouse,Accessories,7394,36970,5545.5,31424.5,2025-03,45,Male,Rawalpindi,2023-02-07
O00768,C0078,P0025,2025-03-09,4,20,Backpack,Fashion,37414,149656,29931.2,119724.8,2025-03,42,Male,Rawalpindi,2025-07-24
O00291,C0463,P0093,2025-03-10,3,0,Phone Case,Home & Kitchen,32410,97230,0.0,97230.0,2025-03,29,Female,Multan,2024-06-15
O01215,C0134,P0060,2025-03-10,3,10,Phone Case,Electronics,24989,74967,7496.7,67470.3,2025-03,49,Female,Faisalabad,2023-03-02
O01024,C0074,P0046,2025-03-10,2,25,Backpack,Accessories,44096,88192,22048.0,66144.0,2025-03,33,Male,Lahore,2026-01-26
O00810,C0070,P0004,2025-03-10,3,5,Laptop Stand,Home & Kitchen,16853,50559,2527.95,48031.05,2025-03,31,Male,Faisalabad,2026-03-21
O00207,C0014,P0034,2025-03-10,3,20,Backpack,Electronics,7651,22953,4590.6,18362.4,2025-03,57,Male,Faisalabad,2026-05-25
O02778,C0043,P0090,2025-03-10,2,10,Wireless Mouse,Fashion,40075,80150,8015.0,72135.0,2025-03,26,Male,Islamabad,2026-01-17
O01020,C0197,P0038,2025-03-10,5,10,Wireless Mouse,Home & Kitchen,43152,215760,21576.0,194184.0,2025-03,49,Female,Multan,2025-08-30
O02406,C0107,P0037,2025-03-10,1,5,Bluetooth Speaker,Fashion,36878,36878,1843.9,35034.1,2025-03,40,Male,Karachi,2023-09-02
O01061,C0101,P0065,2025-03-10,4,25,Mechanical Keyboard,Accessories,12649,50596,12649.0,37947.0,2025-03,24,Female,Lahore,2025-11-28
O00538,C0414,P0021,2025-03-11,5,0,USB-C Cable,Accessories,28264,141320,0.0,141320.0,2025-03,20,Male,Multan,2024-04-03
O02930,C0326,P0077,2025-03-11,5,10,Mechanical Keyboard,Fashion,23753,118765,11876.5,106888.5,2025-03,35,Male,Faisalabad,2025-03-02
O02845,C0391,P0049,2025-03-11,3,25,Phone Case,Electronics,21329,63987,15996.75,47990.25,2025-03,47,Male,Rawalpindi,2023-07-13
O00055,C0036,P0097,2025-03-11,5,20,Wireless Mouse,Home & Kitchen,38278,191390,38278.0,153112.0,2025-03,38,Male,Faisalabad,2024-10-22
O02890,C0291,P0080,2025-03-11,3,25,Smart Watch,Accessories,37884,113652,28413.0,85239.0,2025-03,39,Male,Islamabad,2023-01-29
O02376,C0068,P0051,2025-03-11,3,0,Headphones,Fashion,48978,146934,0.0,146934.0,2025-03,32,Female,Lahore,2024-09-06
O00528,C0457,P0032,2025-03-11,2,25,Power Bank,Electronics,46913,93826,23456.5,70369.5,2025-03,29,Male,Faisalabad,2025-08-14
O00935,C0017,P0049,2025-03-11,1,5,Phone Case,Electronics,21329,21329,1066.45,20262.55,2025-03,39,Male,Multan,2023-02-11
O00306,C0252,P0096,2025-03-12,5,0,Mechanical Keyboard,Accessories,645,3225,0.0,3225.0,2025-03,52,Female,Multan,2024-04-11
O00876,C0127,P0099,2025-03-12,3,15,Smart Watch,Electronics,3540,10620,1593.0,9027.0,2025-03,32,Male,Islamabad,2025-08-06
O00177,C0466,P0010,2025-03-12,4,15,Backpack,Fashion,8734,34936,5240.4,29695.6,2025-03,50,Female,Rawalpindi,2025-08-04
O01730,C0111,P0064,2025-03-12,4,10,Smart Watch,Home & Kitchen,42935,171740,17174.0,154566.0,2025-03,57,Female,Multan,2026-06-16
O01836,C0013,P0043,2025-03-12,3,5,Laptop Stand,Home & Kitchen,43141,129423,6471.15,122951.85,2025-03,53,Male,Karachi,2025-11-06
O02650,C0022,P0074,2025-03-13,1,5,Laptop Stand,Electronics,15722,15722,786.1,14935.9,2025-03,19,Female,Lahore,2023-04-18
O00932,C0423,P0068,2025-03-13,4,0,Backpack,Electronics,22175,88700,0.0,88700.0,2025-03,22,Male,Islamabad,2025-03-19
O02173,C0280,P0045,2025-03-13,5,20,Mechanical Keyboard,Fashion,45476,227380,45476.0,181904.0,2025-03,50,Male,Islamabad,2023-11-02
O00916,C0117,P0011,2025-03-13,4,25,Mechanical Keyboard,Fashion,26019,104076,26019.0,78057.0,2025-03,54,Male,Rawalpindi,2024-01-24
O02867,C0202,P0100,2025-03-13,4,15,Smart Watch,Accessories,42922,171688,25753.2,145934.8,2025-03,34,Female,Faisalabad,2023-11-14
O02486,C0359,P0004,2025-03-13,5,5,Laptop Stand,Home & Kitchen,16853,84265,4213.25,80051.75,2025-03,33,Female,Karachi,2025-12-23
O02341,C0453,P0007,2025-03-14,5,5,Power Bank,Home & Kitchen,12063,60315,3015.75,57299.25,2025-03,49,Male,Karachi,2023-12-19
O00691,C0260,P0069,2025-03-14,4,0,Headphones,Fashion,5995,23980,0.0,23980.0,2025-03,28,Male,Rawalpindi,2026-05-30
O02075,C0405,P0043,2025-03-14,5,0,Laptop Stand,Home & Kitchen,43141,215705,0.0,215705.0,2025-03,49,Male,Multan,2026-01-01
O00783,C0113,P0096,2025-03-14,5,20,Mechanical Keyboard,Accessories,645,3225,645.0,2580.0,2025-03,44,Female,Multan,2023-09-23
O00679,C0227,P0064,2025-03-14,2,0,Smart Watch,Home & Kitchen,42935,85870,0.0,85870.0,2025-03,50,Male,Rawalpindi,2025-04-05
O02277,C0331,P0040,2025-03-14,3,10,Smart Watch,Electronics,13967,41901,4190.1,37710.9,2025-03,57,Male,Islamabad,2025-09-11
O02018,C0349,P0062,2025-03-14,5,5,Bluetooth Speaker,Fashion,6941,34705,1735.25,32969.75,2025-03,43,Female,Lahore,2024-06-04
O01111,C0265,P0017,2025-03-14,1,15,Smart Watch,Electronics,25096,25096,3764.4,21331.6,2025-03,37,Male,Islamabad,2025-07-04
O02590,C0248,P0024,2025-03-15,4,25,Phone Case,Accessories,9406,37624,9406.0,28218.0,2025-03,54,Female,Islamabad,2025-05-05
O00460,C0399,P0035,2025-03-15,2,5,Bluetooth Speaker,Fashion,28711,57422,2871.1,54550.9,2025-03,40,Female,Lahore,2025-06-05
O00808,C0261,P0084,2025-03-15,3,15,Headphones,Accessories,10352,31056,4658.4,26397.6,2025-03,25,Female,Multan,2023-02-06
O02441,C0426,P0077,2025-03-15,4,5,Mechanical Keyboard,Fashion,23753,95012,4750.6,90261.4,2025-03,29,Male,Karachi,2025-08-28
O02367,C0333,P0051,2025-03-15,4,5,Headphones,Fashion,48978,195912,9795.6,186116.4,2025-03,49,Male,Karachi,2024-08-13
O02176,C0337,P0066,2025-03-15,4,15,Backpack,Fashion,35066,140264,21039.6,119224.4,2025-03,44,Female,Lahore,2023-12-15
O01315,C0469,P0006,2025-03-15,1,20,Headphones,Accessories,28098,28098,5619.6,22478.4,2025-03,60,Female,Faisalabad,2026-06-27
O01946,C0462,P0069,2025-03-16,1,20,Headphones,Fashion,5995,5995,1199.0,4796.0,2025-03,54,Female,Karachi,2025-01-01
O00733,C0415,P0082,2025-03-16,4,10,Bluetooth Speaker,Fashion,11117,44468,4446.8,40021.2,2025-03,29,Male,Rawalpindi,2026-01-12
O01599,C0290,P0014,2025-03-16,2,10,Bluetooth Speaker,Electronics,27487,54974,5497.4,49476.6,2025-03,39,Male,Rawalpindi,2025-10-27
O01203,C0484,P0066,2025-03-16,4,25,Backpack,Fashion,35066,140264,35066.0,105198.0,2025-03,51,Female,Islamabad,2025-05-16
O00827,C0364,P0072,2025-03-16,2,20,Headphones,Electronics,11630,23260,4652.0,18608.0,2025-03,45,Female,Multan,2024-08-29
O00172,C0180,P0030,2025-03-16,2,20,Wireless Mouse,Home & Kitchen,38150,76300,15260.0,61040.0,2025-03,29,Male,Multan,2023-06-19
O02020,C0274,P0043,2025-03-17,2,0,Laptop Stand,Home & Kitchen,43141,86282,0.0,86282.0,2025-03,52,Male,Lahore,2025-06-04
O02283,C0017,P0090,2025-03-17,1,15,Wireless Mouse,Fashion,40075,40075,6011.25,34063.75,2025-03,39,Male,Multan,2023-02-11
O00383,C0112,P0018,2025-03-17,5,5,Laptop Stand,Accessories,33674,168370,8418.5,159951.5,2025-03,39,Female,Islamabad,2024-01-12
O02957,C0493,P0052,2025-03-17,5,5,USB-C Cable,Fashion,44639,223195,11159.75,212035.25,2025-03,53,Male,Rawalpindi,2024-01-10
O02104,C0496,P0016,2025-03-17,1,15,Smart Watch,Electronics,39838,39838,5975.7,33862.3,2025-03,26,Female,Islamabad,2025-10-01
O00619,C0144,P0084,2025-03-17,2,20,Headphones,Accessories,10352,20704,4140.8,16563.2,2025-03,30,Female,Multan,2025-06-03
O01014,C0279,P0084,2025-03-17,3,15,Headphones,Accessories,10352,31056,4658.4,26397.6,2025-03,21,Male,Lahore,2023-07-29
O02789,C0371,P0040,2025-03-18,5,10,Smart Watch,Electronics,13967,69835,6983.5,62851.5,2025-03,39,Female,Lahore,2023-08-02
O02839,C0167,P0026,2025-03-18,1,0,Wireless Mouse,Electronics,45314,45314,0.0,45314.0,2025-03,23,Male,Multan,2023-06-09
O01607,C0321,P0041,2025-03-18,2,15,Smart Watch,Accessories,31510,63020,9453.0,53567.0,2025-03,38,Female,Islamabad,2025-07-22
O02828,C0318,P0020,2025-03-18,4,10,Phone Case,Home & Kitchen,4931,19724,1972.4,17751.6,2025-03,48,Female,Karachi,2025-05-18
O02028,C0264,P0092,2025-03-18,5,20,Headphones,Accessories,7727,38635,7727.0,30908.0,2025-03,57,Male,Multan,2026-05-04
O02027,C0306,P0057,2025-03-18,1,25,Wireless Mouse,Accessories,23986,23986,5996.5,17989.5,2025-03,21,Female,Faisalabad,2023-06-06
O02021,C0096,P0078,2025-03-18,3,15,Phone Case,Home & Kitchen,9935,29805,4470.75,25334.25,2025-03,22,Male,Lahore,2024-06-29
O02802,C0210,P0050,2025-03-18,3,15,Wireless Mouse,Electronics,34554,103662,15549.3,88112.7,2025-03,33,Female,Islamabad,2023-12-02
O00454,C0314,P0091,2025-03-19,5,0,Headphones,Electronics,36951,184755,0.0,184755.0,2025-03,58,Female,Multan,2025-01-17
O01201,C0500,P0073,2025-03-19,1,10,Power Bank,Electronics,23168,23168,2316.8,20851.2,2025-03,53,Male,Multan,2023-01-14
O00286,C0267,P0045,2025-03-19,2,5,Mechanical Keyboard,Fashion,45476,90952,4547.6,86404.4,2025-03,42,Female,Karachi,2026-06-19
O01488,C0338,P0012,2025-03-20,2,25,USB-C Cable,Home & Kitchen,27466,54932,13733.0,41199.0,2025-03,59,Male,Multan,2025-08-17
O01698,C0162,P0086,2025-03-20,3,10,Power Bank,Accessories,6795,20385,2038.5,18346.5,2025-03,44,Male,Lahore,2025-04-29
O00948,C0057,P0099,2025-03-20,3,10,Smart Watch,Electronics,3540,10620,1062.0,9558.0,2025-03,23,Male,Rawalpindi,2025-06-01
O01372,C0472,P0027,2025-03-20,5,5,Bluetooth Speaker,Electronics,45879,229395,11469.75,217925.25,2025-03,29,Female,Karachi,2024-07-31
O01660,C0262,P0046,2025-03-20,1,25,Backpack,Accessories,44096,44096,11024.0,33072.0,2025-03,53,Male,Karachi,2025-09-15
O01096,C0325,P0042,2025-03-20,1,10,Power Bank,Accessories,49757,49757,4975.7,44781.3,2025-03,20,Female,Multan,2025-03-03
O00311,C0040,P0049,2025-03-21,1,25,Phone Case,Electronics,21329,21329,5332.25,15996.75,2025-03,21,Male,Multan,2024-12-10
O02500,C0449,P0037,2025-03-21,2,15,Bluetooth Speaker,Fashion,36878,73756,11063.4,62692.6,2025-03,41,Male,Multan,2023-02-04
O01410,C0189,P0032,2025-03-21,5,25,Power Bank,Electronics,46913,234565,58641.25,175923.75,2025-03,40,Male,Multan,2023-11-24
O00231,C0321,P0062,2025-03-21,4,15,Bluetooth Speaker,Fashion,6941,27764,4164.6,23599.4,2025-03,38,Female,Islamabad,2025-07-22
O01589,C0075,P0068,2025-03-21,3,0,Backpack,Electronics,22175,66525,0.0,66525.0,2025-03,35,Female,Multan,2023-05-11
O02432,C0086,P0027,2025-03-21,3,20,Bluetooth Speaker,Electronics,45879,137637,27527.4,110109.6,2025-03,41,Female,Multan,2025-07-09
O02453,C0091,P0078,2025-03-21,1,5,Phone Case,Home & Kitchen,9935,9935,496.75,9438.25,2025-03,34,Female,Faisalabad,2026-02-05
O02586,C0441,P0038,2025-03-21,4,25,Wireless Mouse,Home & Kitchen,43152,172608,43152.0,129456.0,2025-03,48,Male,Faisalabad,2025-07-02
O02469,C0155,P0078,2025-03-22,4,10,Phone Case,Home & Kitchen,9935,39740,3974.0,35766.0,2025-03,47,Female,Faisalabad,2025-12-06
O00358,C0474,P0013,2025-03-22,3,25,Bluetooth Speaker,Accessories,16673,50019,12504.75,37514.25,2025-03,19,Male,Faisalabad,2025-07-20
O00013,C0432,P0047,2025-03-22,3,0,Bluetooth Speaker,Accessories,23671,71013,0.0,71013.0,2025-03,53,Male,Multan,2026-06-20
O02779,C0458,P0097,2025-03-22,5,20,Wireless Mouse,Home & Kitchen,38278,191390,38278.0,153112.0,2025-03,52,Female,Lahore,2023-01-24
O02625,C0420,P0057,2025-03-23,2,0,Wireless Mouse,Accessories,23986,47972,0.0,47972.0,2025-03,46,Female,Multan,2025-06-13
O00554,C0497,P0015,2025-03-23,1,0,Wireless Mouse,Home & Kitchen,13678,13678,0.0,13678.0,2025-03,41,Female,Multan,2024-07-06
O00395,C0042,P0045,2025-03-23,3,15,Mechanical Keyboard,Fashion,45476,136428,20464.2,115963.8,2025-03,31,Female,Multan,2024-04-10
O01817,C0365,P0034,2025-03-23,3,25,Backpack,Electronics,7651,22953,5738.25,17214.75,2025-03,51,Male,Karachi,2023-06-15
O01749,C0284,P0043,2025-03-23,2,25,Laptop Stand,Home & Kitchen,43141,86282,21570.5,64711.5,2025-03,25,Male,Islamabad,2024-12-16
O00700,C0221,P0087,2025-03-23,3,0,Bluetooth Speaker,Accessories,36493,109479,0.0,109479.0,2025-03,20,Male,Lahore,2023-07-10
O00823,C0297,P0077,2025-03-23,4,10,Mechanical Keyboard,Fashion,23753,95012,9501.2,85510.8,2025-03,44,Male,Faisalabad,2024-04-03
O02293,C0301,P0002,2025-03-23,2,10,Headphones,Home & Kitchen,33279,66558,6655.8,59902.2,2025-03,50,Female,Islamabad,2026-01-27
O00907,C0371,P0006,2025-03-24,1,15,Headphones,Accessories,28098,28098,4214.7,23883.3,2025-03,39,Female,Lahore,2023-08-02
O02097,C0101,P0040,2025-03-24,4,20,Smart Watch,Electronics,13967,55868,11173.6,44694.4,2025-03,24,Female,Lahore,2025-11-28
O02264,C0471,P0013,2025-03-24,2,0,Bluetooth Speaker,Accessories,16673,33346,0.0,33346.0,2025-03,30,Male,Faisalabad,2025-05-15
O01558,C0409,P0018,2025-03-24,5,25,Laptop Stand,Accessories,33674,168370,42092.5,126277.5,2025-03,33,Male,Faisalabad,2026-01-12
O00666,C0223,P0010,2025-03-25,3,20,Backpack,Fashion,8734,26202,5240.4,20961.6,2025-03,37,Female,Multan,2024-11-30
O00248,C0482,P0086,2025-03-25,1,25,Power Bank,Accessories,6795,6795,1698.75,5096.25,2025-03,27,Male,Islamabad,2023-01-21
O00507,C0140,P0087,2025-03-25,4,10,Bluetooth Speaker,Accessories,36493,145972,14597.2,131374.8,2025-03,32,Male,Faisalabad,2023-08-14
O02035,C0157,P0084,2025-03-25,5,0,Headphones,Accessories,10352,51760,0.0,51760.0,2025-03,45,Female,Karachi,2024-11-19
O02663,C0162,P0068,2025-03-25,1,25,Backpack,Electronics,22175,22175,5543.75,16631.25,2025-03,44,Male,Lahore,2025-04-29
O01183,C0247,P0059,2025-03-25,4,0,USB-C Cable,Fashion,48868,195472,0.0,195472.0,2025-03,22,Male,Multan,2024-03-23
O01733,C0484,P0042,2025-03-25,3,20,Power Bank,Accessories,49757,149271,29854.2,119416.8,2025-03,51,Female,Islamabad,2025-05-16
O02827,C0033,P0082,2025-03-25,4,25,Bluetooth Speaker,Fashion,11117,44468,11117.0,33351.0,2025-03,20,Male,Faisalabad,2023-01-12
O01958,C0233,P0010,2025-03-26,2,25,Backpack,Fashion,8734,17468,4367.0,13101.0,2025-03,28,Female,Karachi,2023-12-29
O02646,C0374,P0080,2025-03-26,2,5,Smart Watch,Accessories,37884,75768,3788.4,71979.6,2025-03,23,Male,Multan,2024-08-10
O00621,C0129,P0081,2025-03-26,4,15,Mechanical Keyboard,Fashion,16893,67572,10135.8,57436.2,2025-03,43,Male,Multan,2024-02-03
O00006,C0108,P0050,2025-03-26,5,5,Wireless Mouse,Electronics,34554,172770,8638.5,164131.5,2025-03,41,Male,Karachi,2025-01-17
O01022,C0267,P0052,2025-03-26,3,5,USB-C Cable,Fashion,44639,133917,6695.85,127221.15,2025-03,42,Female,Karachi,2026-06-19
O00287,C0178,P0079,2025-03-26,5,25,Headphones,Accessories,29052,145260,36315.0,108945.0,2025-03,41,Male,Rawalpindi,2025-07-09
O01446,C0039,P0002,2025-03-26,4,25,Headphones,Home & Kitchen,33279,133116,33279.0,99837.0,2025-03,35,Female,Multan,2025-09-02
O01209,C0252,P0030,2025-03-27,2,25,Wireless Mouse,Home & Kitchen,38150,76300,19075.0,57225.0,2025-03,52,Female,Multan,2024-04-11
O00044,C0188,P0065,2025-03-27,3,0,Mechanical Keyboard,Accessories,12649,37947,0.0,37947.0,2025-03,45,Male,Rawalpindi,2023-02-07
O02860,C0202,P0003,2025-03-27,2,15,Backpack,Fashion,22136,44272,6640.8,37631.2,2025-03,34,Female,Faisalabad,2023-11-14
O01168,C0272,P0017,2025-03-27,5,5,Smart Watch,Electronics,25096,125480,6274.0,119206.0,2025-03,35,Male,Karachi,2025-07-06
O02969,C0138,P0007,2025-03-27,2,0,Power Bank,Home & Kitchen,12063,24126,0.0,24126.0,2025-03,40,Male,Islamabad,2023-01-11
O02919,C0290,P0098,2025-03-27,5,15,Phone Case,Electronics,16535,82675,12401.25,70273.75,2025-03,39,Male,Rawalpindi,2025-10-27
O02249,C0045,P0093,2025-03-27,5,0,Phone Case,Home & Kitchen,32410,162050,0.0,162050.0,2025-03,19,Male,Multan,2023-02-16
O01506,C0378,P0042,2025-03-27,1,5,Power Bank,Accessories,49757,49757,2487.85,47269.15,2025-03,50,Male,Faisalabad,2026-01-14
O00555,C0268,P0076,2025-03-28,5,5,Laptop Stand,Electronics,34568,172840,8642.0,164198.0,2025-03,52,Male,Faisalabad,2024-12-31
O02902,C0219,P0063,2025-03-28,4,10,Mechanical Keyboard,Electronics,25111,100444,10044.4,90399.6,2025-03,36,Male,Islamabad,2026-04-08
O02665,C0254,P0078,2025-03-28,4,0,Phone Case,Home & Kitchen,9935,39740,0.0,39740.0,2025-03,33,Male,Karachi,2024-08-08
O01352,C0232,P0030,2025-03-28,5,5,Wireless Mouse,Home & Kitchen,38150,190750,9537.5,181212.5,2025-03,18,Female,Karachi,2024-11-02
O02624,C0499,P0019,2025-03-28,3,15,Headphones,Accessories,42474,127422,19113.3,108308.7,2025-03,52,Male,Multan,2024-01-16
O00426,C0401,P0035,2025-03-29,2,10,Bluetooth Speaker,Fashion,28711,57422,5742.2,51679.8,2025-03,29,Female,Rawalpindi,2023-11-13
O02434,C0137,P0050,2025-03-29,5,20,Wireless Mouse,Electronics,34554,172770,34554.0,138216.0,2025-03,54,Male,Multan,2025-03-17
O00083,C0067,P0061,2025-03-29,2,20,Laptop Stand,Electronics,9136,18272,3654.4,14617.6,2025-03,48,Male,Islamabad,2024-02-06
O01745,C0165,P0025,2025-03-29,3,5,Backpack,Fashion,37414,112242,5612.1,106629.9,2025-03,20,Female,Islamabad,2023-08-04
O02070,C0439,P0045,2025-03-29,3,25,Mechanical Keyboard,Fashion,45476,136428,34107.0,102321.0,2025-03,53,Male,Faisalabad,2023-10-15
O02435,C0421,P0036,2025-03-29,4,0,Bluetooth Speaker,Electronics,27617,110468,0.0,110468.0,2025-03,31,Male,Karachi,2024-05-29
O00121,C0400,P0052,2025-03-29,3,25,USB-C Cable,Fashion,44639,133917,33479.25,100437.75,2025-03,26,Female,Islamabad,2024-03-03
O02026,C0088,P0063,2025-03-29,4,10,Mechanical Keyboard,Electronics,25111,100444,10044.4,90399.6,2025-03,25,Female,Multan,2026-03-30
O02304,C0459,P0064,2025-03-30,4,25,Smart Watch,Home & Kitchen,42935,171740,42935.0,128805.0,2025-03,50,Male,Multan,2024-02-08
O02143,C0028,P0007,2025-03-30,1,20,Power Bank,Home & Kitchen,12063,12063,2412.6,9650.4,2025-03,44,Male,Lahore,2025-12-03
O02782,C0095,P0025,2025-03-30,4,0,Backpack,Fashion,37414,149656,0.0,149656.0,2025-03,50,Male,Multan,2026-04-08
O02660,C0202,P0079,2025-03-30,3,10,Headphones,Accessories,29052,87156,8715.6,78440.4,2025-03,34,Female,Faisalabad,2023-11-14
O00213,C0347,P0064,2025-03-31,1,25,Smart Watch,Home & Kitchen,42935,42935,10733.75,32201.25,2025-03,46,Female,Faisalabad,2024-03-30
O00114,C0446,P0027,2025-03-31,3,25,Bluetooth Speaker,Electronics,45879,137637,34409.25,103227.75,2025-03,22,Male,Lahore,2025-12-18
O02519,C0354,P0065,2025-03-31,4,20,Mechanical Keyboard,Accessories,12649,50596,10119.2,40476.8,2025-03,24,Female,Rawalpindi,2024-05-15
O01421,C0090,P0068,2025-03-31,1,10,Backpack,Electronics,22175,22175,2217.5,19957.5,2025-03,28,Male,Rawalpindi,2024-05-07
O01088,C0260,P0001,2025-03-31,4,0,Smart Watch,Electronics,5260,21040,0.0,21040.0,2025-03,28,Male,Rawalpindi,2026-05-30
O02824,C0118,P0029,2025-03-31,2,15,Smart Watch,Electronics,49792,99584,14937.6,84646.4,2025-03,31,Female,Rawalpindi,2024-07-30
O00645,C0013,P0050,2025-03-31,2,5,Wireless Mouse,Electronics,34554,69108,3455.4,65652.6,2025-03,53,Male,Karachi,2025-11-06
O01787,C0352,P0080,2025-04-01,3,15,Smart Watch,Accessories,37884,113652,17047.8,96604.2,2025-04,41,Male,Multan,2024-12-26
O02358,C0008,P0075,2025-04-01,1,0,Headphones,Home & Kitchen,24169,24169,0.0,24169.0,2025-04,36,Female,Rawalpindi,2023-07-20
O00968,C0243,P0076,2025-04-01,2,15,Laptop Stand,Electronics,34568,69136,10370.4,58765.6,2025-04,43,Female,Karachi,2023-12-26
O01663,C0399,P0058,2025-04-01,4,5,Wireless Mouse,Accessories,19243,76972,3848.6,73123.4,2025-04,40,Female,Lahore,2025-06-05
O00537,C0500,P0075,2025-04-01,4,10,Headphones,Home & Kitchen,24169,96676,9667.6,87008.4,2025-04,53,Male,Multan,2023-01-14
O00839,C0106,P0089,2025-04-02,5,25,Mechanical Keyboard,Electronics,45605,228025,57006.25,171018.75,2025-04,50,Male,Faisalabad,2023-11-14
O02234,C0373,P0009,2025-04-02,1,0,Backpack,Electronics,44290,44290,0.0,44290.0,2025-04,59,Female,Multan,2024-02-05
O01624,C0305,P0062,2025-04-02,3,5,Bluetooth Speaker,Fashion,6941,20823,1041.15,19781.85,2025-04,36,Female,Lahore,2025-03-07
O01279,C0089,P0098,2025-04-02,1,25,Phone Case,Electronics,16535,16535,4133.75,12401.25,2025-04,41,Female,Islamabad,2023-01-16
O00309,C0260,P0002,2025-04-02,3,10,Headphones,Home & Kitchen,33279,99837,9983.7,89853.3,2025-04,28,Male,Rawalpindi,2026-05-30
O00564,C0302,P0020,2025-04-02,3,20,Phone Case,Home & Kitchen,4931,14793,2958.6,11834.4,2025-04,45,Male,Multan,2024-02-01
O01435,C0037,P0057,2025-04-03,1,15,Wireless Mouse,Accessories,23986,23986,3597.9,20388.1,2025-04,26,Male,Multan,2026-01-09
O00671,C0186,P0013,2025-04-03,3,15,Bluetooth Speaker,Accessories,16673,50019,7502.85,42516.15,2025-04,19,Male,Karachi,2026-02-21
O02184,C0102,P0064,2025-04-03,3,0,Smart Watch,Home & Kitchen,42935,128805,0.0,128805.0,2025-04,26,Male,Faisalabad,2025-03-24
O00463,C0499,P0016,2025-04-03,3,20,Smart Watch,Electronics,39838,119514,23902.8,95611.2,2025-04,52,Male,Multan,2024-01-16
O01414,C0369,P0005,2025-04-03,4,25,Mechanical Keyboard,Electronics,12056,48224,12056.0,36168.0,2025-04,39,Female,Karachi,2023-04-12
O01575,C0030,P0089,2025-04-04,3,10,Mechanical Keyboard,Electronics,45605,136815,13681.5,123133.5,2025-04,45,Female,Islamabad,2025-08-14
O02012,C0204,P0043,2025-04-04,4,0,Laptop Stand,Home & Kitchen,43141,172564,0.0,172564.0,2025-04,41,Female,Faisalabad,2023-04-25
O00304,C0080,P0075,2025-04-05,2,0,Headphones,Home & Kitchen,24169,48338,0.0,48338.0,2025-04,46,Female,Rawalpindi,2023-07-02
O01223,C0046,P0056,2025-04-05,1,20,Bluetooth Speaker,Home & Kitchen,4154,4154,830.8,3323.2,2025-04,37,Female,Multan,2025-02-16
O02722,C0076,P0097,2025-04-05,4,25,Wireless Mouse,Home & Kitchen,38278,153112,38278.0,114834.0,2025-04,41,Male,Rawalpindi,2025-03-15
O02771,C0320,P0013,2025-04-05,1,5,Bluetooth Speaker,Accessories,16673,16673,833.65,15839.35,2025-04,50,Male,Multan,2024-07-23
O01965,C0275,P0038,2025-04-06,4,20,Wireless Mouse,Home & Kitchen,43152,172608,34521.6,138086.4,2025-04,33,Female,Karachi,2024-12-05
O01505,C0332,P0060,2025-04-06,4,20,Phone Case,Electronics,24989,99956,19991.2,79964.8,2025-04,41,Male,Lahore,2024-06-03
O00390,C0436,P0067,2025-04-06,3,0,Mechanical Keyboard,Fashion,42868,128604,0.0,128604.0,2025-04,40,Male,Lahore,2024-11-15
O02259,C0226,P0009,2025-04-06,1,5,Backpack,Electronics,44290,44290,2214.5,42075.5,2025-04,58,Female,Islamabad,2024-07-10
O02697,C0379,P0097,2025-04-07,3,10,Wireless Mouse,Home & Kitchen,38278,114834,11483.4,103350.6,2025-04,25,Female,Multan,2023-04-02
O00589,C0095,P0075,2025-04-07,4,20,Headphones,Home & Kitchen,24169,96676,19335.2,77340.8,2025-04,50,Male,Multan,2026-04-08
O02605,C0357,P0084,2025-04-07,5,5,Headphones,Accessories,10352,51760,2588.0,49172.0,2025-04,18,Female,Lahore,2024-08-06
O00842,C0220,P0002,2025-04-08,4,5,Headphones,Home & Kitchen,33279,133116,6655.8,126460.2,2025-04,43,Male,Multan,2023-12-22
O01453,C0333,P0016,2025-04-09,4,20,Smart Watch,Electronics,39838,159352,31870.4,127481.6,2025-04,49,Male,Karachi,2024-08-13
O01885,C0232,P0042,2025-04-09,1,20,Power Bank,Accessories,49757,49757,9951.4,39805.6,2025-04,18,Female,Karachi,2024-11-02
O02306,C0321,P0083,2025-04-09,1,5,Wireless Mouse,Home & Kitchen,39020,39020,1951.0,37069.0,2025-04,38,Female,Islamabad,2025-07-22
O00977,C0383,P0026,2025-04-09,3,10,Wireless Mouse,Electronics,45314,135942,13594.2,122347.8,2025-04,23,Male,Lahore,2023-08-30
O00939,C0198,P0013,2025-04-09,1,25,Bluetooth Speaker,Accessories,16673,16673,4168.25,12504.75,2025-04,23,Female,Faisalabad,2024-08-15
O00166,C0475,P0066,2025-04-09,1,25,Backpack,Fashion,35066,35066,8766.5,26299.5,2025-04,52,Female,Rawalpindi,2023-10-22
O00790,C0365,P0078,2025-04-09,5,15,Phone Case,Home & Kitchen,9935,49675,7451.25,42223.75,2025-04,51,Male,Karachi,2023-06-15
O00813,C0126,P0042,2025-04-10,4,10,Power Bank,Accessories,49757,199028,19902.8,179125.2,2025-04,26,Female,Islamabad,2024-12-05
O02548,C0084,P0039,2025-04-10,1,25,Wireless Mouse,Accessories,7394,7394,1848.5,5545.5,2025-04,24,Female,Lahore,2024-05-11
O00890,C0492,P0062,2025-04-10,2,20,Bluetooth Speaker,Fashion,6941,13882,2776.4,11105.6,2025-04,38,Female,Islamabad,2023-01-02
O01267,C0422,P0018,2025-04-10,3,15,Laptop Stand,Accessories,33674,101022,15153.3,85868.7,2025-04,45,Female,Lahore,2026-02-24
O01174,C0156,P0036,2025-04-10,5,0,Bluetooth Speaker,Electronics,27617,138085,0.0,138085.0,2025-04,28,Female,Multan,2024-12-27
O01037,C0432,P0099,2025-04-11,5,5,Smart Watch,Electronics,3540,17700,885.0,16815.0,2025-04,53,Male,Multan,2026-06-20
O02909,C0438,P0014,2025-04-11,4,15,Bluetooth Speaker,Electronics,27487,109948,16492.2,93455.8,2025-04,22,Female,Faisalabad,2024-11-25
O01859,C0152,P0030,2025-04-11,3,0,Wireless Mouse,Home & Kitchen,38150,114450,0.0,114450.0,2025-04,45,Male,Lahore,2024-05-20
O01220,C0091,P0069,2025-04-11,5,20,Headphones,Fashion,5995,29975,5995.0,23980.0,2025-04,34,Female,Faisalabad,2026-02-05
O00193,C0166,P0033,2025-04-11,2,5,Laptop Stand,Electronics,6512,13024,651.2,12372.8,2025-04,56,Male,Islamabad,2023-01-03
O00180,C0419,P0073,2025-04-11,2,5,Power Bank,Electronics,23168,46336,2316.8,44019.2,2025-04,39,Female,Islamabad,2024-02-14
O01139,C0218,P0090,2025-04-11,3,15,Wireless Mouse,Fashion,40075,120225,18033.75,102191.25,2025-04,53,Male,Rawalpindi,2024-07-10
O02229,C0126,P0095,2025-04-11,2,5,Mechanical Keyboard,Accessories,23884,47768,2388.4,45379.6,2025-04,26,Female,Islamabad,2024-12-05
O00785,C0254,P0072,2025-04-11,3,10,Headphones,Electronics,11630,34890,3489.0,31401.0,2025-04,33,Male,Karachi,2024-08-08
O02086,C0281,P0059,2025-04-12,3,0,USB-C Cable,Fashion,48868,146604,0.0,146604.0,2025-04,31,Female,Multan,2024-12-04
O00594,C0044,P0020,2025-04-12,5,10,Phone Case,Home & Kitchen,4931,24655,2465.5,22189.5,2025-04,43,Female,Multan,2024-05-03
O00831,C0084,P0072,2025-04-12,5,10,Headphones,Electronics,11630,58150,5815.0,52335.0,2025-04,24,Female,Lahore,2024-05-11
O00704,C0229,P0095,2025-04-13,4,5,Mechanical Keyboard,Accessories,23884,95536,4776.8,90759.2,2025-04,56,Female,Faisalabad,2025-11-20
O01416,C0136,P0087,2025-04-13,5,5,Bluetooth Speaker,Accessories,36493,182465,9123.25,173341.75,2025-04,47,Female,Rawalpindi,2024-12-10
O01490,C0450,P0027,2025-04-13,5,10,Bluetooth Speaker,Electronics,45879,229395,22939.5,206455.5,2025-04,33,Male,Lahore,2024-03-20
O01273,C0286,P0069,2025-04-13,5,25,Headphones,Fashion,5995,29975,7493.75,22481.25,2025-04,20,Male,Islamabad,2026-06-04
O00735,C0192,P0080,2025-04-13,1,25,Smart Watch,Accessories,37884,37884,9471.0,28413.0,2025-04,50,Female,Faisalabad,2025-07-02
O00391,C0413,P0094,2025-04-13,4,10,Phone Case,Home & Kitchen,36541,146164,14616.4,131547.6,2025-04,46,Female,Lahore,2023-01-07
O02189,C0024,P0100,2025-04-13,3,15,Smart Watch,Accessories,42922,128766,19314.9,109451.1,2025-04,50,Male,Faisalabad,2023-04-12
O01138,C0248,P0005,2025-04-13,2,20,Mechanical Keyboard,Electronics,12056,24112,4822.4,19289.6,2025-04,54,Female,Islamabad,2025-05-05
O01341,C0438,P0036,2025-04-14,4,20,Bluetooth Speaker,Electronics,27617,110468,22093.6,88374.4,2025-04,22,Female,Faisalabad,2024-11-25
O01989,C0053,P0015,2025-04-14,5,15,Wireless Mouse,Home & Kitchen,13678,68390,10258.5,58131.5,2025-04,53,Male,Lahore,2024-01-26
O02209,C0283,P0034,2025-04-14,5,10,Backpack,Electronics,7651,38255,3825.5,34429.5,2025-04,37,Male,Lahore,2023-10-12
O01063,C0380,P0051,2025-04-14,3,20,Headphones,Fashion,48978,146934,29386.8,117547.2,2025-04,22,Female,Faisalabad,2024-11-03
O01857,C0194,P0004,2025-04-14,1,25,Laptop Stand,Home & Kitchen,16853,16853,4213.25,12639.75,2025-04,36,Female,Lahore,2023-02-06
O01945,C0215,P0087,2025-04-14,1,20,Bluetooth Speaker,Accessories,36493,36493,7298.6,29194.4,2025-04,46,Female,Islamabad,2025-03-26
O02831,C0489,P0077,2025-04-14,5,20,Mechanical Keyboard,Fashion,23753,118765,23753.0,95012.0,2025-04,46,Male,Faisalabad,2025-07-28
O00942,C0330,P0032,2025-04-14,1,0,Power Bank,Electronics,46913,46913,0.0,46913.0,2025-04,20,Male,Multan,2024-03-05
O01523,C0051,P0089,2025-04-14,2,10,Mechanical Keyboard,Electronics,45605,91210,9121.0,82089.0,2025-04,31,Male,Rawalpindi,2026-01-14
O01324,C0417,P0002,2025-04-15,3,15,Headphones,Home & Kitchen,33279,99837,14975.55,84861.45,2025-04,33,Male,Lahore,2025-06-18
O02219,C0391,P0096,2025-04-15,5,20,Mechanical Keyboard,Accessories,645,3225,645.0,2580.0,2025-04,47,Male,Rawalpindi,2023-07-13
O00178,C0311,P0036,2025-04-15,3,15,Bluetooth Speaker,Electronics,27617,82851,12427.65,70423.35,2025-04,46,Female,Karachi,2026-01-12
O01869,C0264,P0071,2025-04-15,2,25,Mechanical Keyboard,Electronics,14173,28346,7086.5,21259.5,2025-04,57,Male,Multan,2026-05-04
O00199,C0490,P0040,2025-04-15,4,15,Smart Watch,Electronics,13967,55868,8380.2,47487.8,2025-04,53,Male,Faisalabad,2024-06-09
O01795,C0446,P0053,2025-04-15,4,15,Power Bank,Electronics,49213,196852,29527.8,167324.2,2025-04,22,Male,Lahore,2025-12-18
O00711,C0254,P0022,2025-04-15,3,20,Power Bank,Accessories,22127,66381,13276.2,53104.8,2025-04,33,Male,Karachi,2024-08-08
O01969,C0031,P0067,2025-04-15,1,20,Mechanical Keyboard,Fashion,42868,42868,8573.6,34294.4,2025-04,33,Female,Faisalabad,2025-11-06
O01783,C0304,P0030,2025-04-16,1,25,Wireless Mouse,Home & Kitchen,38150,38150,9537.5,28612.5,2025-04,22,Female,Rawalpindi,2025-06-05
O01862,C0286,P0066,2025-04-16,5,5,Backpack,Fashion,35066,175330,8766.5,166563.5,2025-04,20,Male,Islamabad,2026-06-04
O00806,C0074,P0031,2025-04-16,1,20,Backpack,Electronics,47381,47381,9476.2,37904.8,2025-04,33,Male,Lahore,2026-01-26
O02023,C0294,P0018,2025-04-16,5,10,Laptop Stand,Accessories,33674,168370,16837.0,151533.0,2025-04,55,Male,Karachi,2025-05-28
O00871,C0178,P0052,2025-04-16,4,0,USB-C Cable,Fashion,44639,178556,0.0,178556.0,2025-04,41,Male,Rawalpindi,2025-07-09
O02632,C0306,P0093,2025-04-16,2,5,Phone Case,Home & Kitchen,32410,64820,3241.0,61579.0,2025-04,21,Female,Faisalabad,2023-06-06
O00005,C0483,P0042,2025-04-16,2,15,Power Bank,Accessories,49757,99514,14927.1,84586.9,2025-04,43,Male,Karachi,2025-06-29
O00929,C0442,P0066,2025-04-16,5,5,Backpack,Fashion,35066,175330,8766.5,166563.5,2025-04,27,Female,Islamabad,2024-10-23
O01912,C0398,P0059,2025-04-16,5,10,USB-C Cable,Fashion,48868,244340,24434.0,219906.0,2025-04,43,Female,Lahore,2023-04-16
O01703,C0343,P0042,2025-04-16,2,10,Power Bank,Accessories,49757,99514,9951.4,89562.6,2025-04,50,Female,Multan,2024-06-10
O00917,C0196,P0088,2025-04-16,5,5,Power Bank,Accessories,34584,172920,8646.0,164274.0,2025-04,43,Female,Multan,2025-03-06
O02953,C0356,P0100,2025-04-17,4,0,Smart Watch,Accessories,42922,171688,0.0,171688.0,2025-04,37,Male,Rawalpindi,2024-01-21
O02270,C0393,P0073,2025-04-17,1,15,Power Bank,Electronics,23168,23168,3475.2,19692.8,2025-04,34,Male,Lahore,2025-05-20
O02858,C0338,P0056,2025-04-17,5,20,Bluetooth Speaker,Home & Kitchen,4154,20770,4154.0,16616.0,2025-04,59,Male,Multan,2025-08-17
O00501,C0190,P0061,2025-04-17,2,20,Laptop Stand,Electronics,9136,18272,3654.4,14617.6,2025-04,54,Male,Lahore,2026-06-28
O01541,C0258,P0036,2025-04-18,5,10,Bluetooth Speaker,Electronics,27617,138085,13808.5,124276.5,2025-04,50,Female,Lahore,2024-07-25
O00438,C0008,P0071,2025-04-18,5,5,Mechanical Keyboard,Electronics,14173,70865,3543.25,67321.75,2025-04,36,Female,Rawalpindi,2023-07-20
O00117,C0055,P0025,2025-04-18,3,0,Backpack,Fashion,37414,112242,0.0,112242.0,2025-04,21,Female,Rawalpindi,2024-09-20
O00763,C0047,P0095,2025-04-19,2,5,Mechanical Keyboard,Accessories,23884,47768,2388.4,45379.6,2025-04,45,Male,Karachi,2025-11-05
O02328,C0248,P0089,2025-04-19,3,5,Mechanical Keyboard,Electronics,45605,136815,6840.75,129974.25,2025-04,54,Female,Islamabad,2025-05-05
O01156,C0150,P0035,2025-04-19,3,15,Bluetooth Speaker,Fashion,28711,86133,12919.95,73213.05,2025-04,59,Male,Lahore,2025-07-25
O02236,C0461,P0026,2025-04-19,5,15,Wireless Mouse,Electronics,45314,226570,33985.5,192584.5,2025-04,60,Male,Islamabad,2024-05-30
O00386,C0232,P0062,2025-04-19,4,25,Bluetooth Speaker,Fashion,6941,27764,6941.0,20823.0,2025-04,18,Female,Karachi,2024-11-02
O00333,C0092,P0044,2025-04-19,2,25,Mechanical Keyboard,Accessories,12789,25578,6394.5,19183.5,2025-04,25,Male,Islamabad,2025-06-12
O01458,C0168,P0001,2025-04-19,2,0,Smart Watch,Electronics,5260,10520,0.0,10520.0,2025-04,25,Female,Multan,2025-02-19
O02676,C0111,P0022,2025-04-20,5,15,Power Bank,Accessories,22127,110635,16595.25,94039.75,2025-04,57,Female,Multan,2026-06-16
O01872,C0488,P0090,2025-04-20,5,15,Wireless Mouse,Fashion,40075,200375,30056.25,170318.75,2025-04,28,Female,Lahore,2024-04-22
O02009,C0127,P0041,2025-04-20,1,15,Smart Watch,Accessories,31510,31510,4726.5,26783.5,2025-04,32,Male,Islamabad,2025-08-06
O01790,C0250,P0045,2025-04-20,2,20,Mechanical Keyboard,Fashion,45476,90952,18190.4,72761.6,2025-04,26,Female,Multan,2024-11-05
O00064,C0379,P0061,2025-04-20,3,25,Laptop Stand,Electronics,9136,27408,6852.0,20556.0,2025-04,25,Female,Multan,2023-04-02
O02303,C0412,P0084,2025-04-21,3,5,Headphones,Accessories,10352,31056,1552.8,29503.2,2025-04,39,Male,Rawalpindi,2024-01-18
O02103,C0303,P0022,2025-04-21,4,10,Power Bank,Accessories,22127,88508,8850.8,79657.2,2025-04,50,Male,Lahore,2023-02-08
O00598,C0421,P0090,2025-04-21,4,0,Wireless Mouse,Fashion,40075,160300,0.0,160300.0,2025-04,31,Male,Karachi,2024-05-29
O01963,C0403,P0006,2025-04-22,4,5,Headphones,Accessories,28098,112392,5619.6,106772.4,2025-04,18,Female,Faisalabad,2023-01-09
O00835,C0213,P0059,2025-04-22,3,25,USB-C Cable,Fashion,48868,146604,36651.0,109953.0,2025-04,23,Male,Rawalpindi,2023-12-19
O00106,C0453,P0083,2025-04-22,4,25,Wireless Mouse,Home & Kitchen,39020,156080,39020.0,117060.0,2025-04,49,Male,Karachi,2023-12-19
O02588,C0471,P0065,2025-04-22,4,5,Mechanical Keyboard,Accessories,12649,50596,2529.8,48066.2,2025-04,30,Male,Faisalabad,2025-05-15
O01288,C0041,P0099,2025-04-22,4,25,Smart Watch,Electronics,3540,14160,3540.0,10620.0,2025-04,42,Female,Rawalpindi,2026-05-08
O00026,C0254,P0058,2025-04-22,3,25,Wireless Mouse,Accessories,19243,57729,14432.25,43296.75,2025-04,33,Male,Karachi,2024-08-08
O00756,C0301,P0081,2025-04-22,4,5,Mechanical Keyboard,Fashion,16893,67572,3378.6,64193.4,2025-04,50,Female,Islamabad,2026-01-27
O02455,C0101,P0098,2025-04-22,4,20,Phone Case,Electronics,16535,66140,13228.0,52912.0,2025-04,24,Female,Lahore,2025-11-28
O01534,C0002,P0048,2025-04-23,4,10,Laptop Stand,Accessories,35405,141620,14162.0,127458.0,2025-04,46,Male,Lahore,2025-01-20
O01379,C0087,P0036,2025-04-23,5,25,Bluetooth Speaker,Electronics,27617,138085,34521.25,103563.75,2025-04,18,Male,Faisalabad,2024-12-22
O02606,C0313,P0029,2025-04-23,1,5,Smart Watch,Electronics,49792,49792,2489.6,47302.4,2025-04,52,Female,Multan,2025-04-28
O01528,C0028,P0076,2025-04-23,4,0,Laptop Stand,Electronics,34568,138272,0.0,138272.0,2025-04,44,Male,Lahore,2025-12-03
O01662,C0125,P0065,2025-04-23,4,15,Mechanical Keyboard,Accessories,12649,50596,7589.4,43006.6,2025-04,44,Male,Rawalpindi,2024-03-07
O00618,C0186,P0051,2025-04-24,1,25,Headphones,Fashion,48978,48978,12244.5,36733.5,2025-04,19,Male,Karachi,2026-02-21
O01475,C0453,P0053,2025-04-24,1,25,Power Bank,Electronics,49213,49213,12303.25,36909.75,2025-04,49,Male,Karachi,2023-12-19
O00849,C0394,P0094,2025-04-24,1,25,Phone Case,Home & Kitchen,36541,36541,9135.25,27405.75,2025-04,36,Female,Karachi,2023-03-31
O02315,C0047,P0015,2025-04-24,2,20,Wireless Mouse,Home & Kitchen,13678,27356,5471.2,21884.8,2025-04,45,Male,Karachi,2025-11-05
O02964,C0305,P0006,2025-04-24,4,20,Headphones,Accessories,28098,112392,22478.4,89913.6,2025-04,36,Female,Lahore,2025-03-07
O00241,C0390,P0025,2025-04-24,3,25,Backpack,Fashion,37414,112242,28060.5,84181.5,2025-04,59,Male,Faisalabad,2026-01-31
O00816,C0498,P0077,2025-04-24,5,5,Mechanical Keyboard,Fashion,23753,118765,5938.25,112826.75,2025-04,52,Male,Lahore,2023-11-14
O01921,C0123,P0022,2025-04-24,2,10,Power Bank,Accessories,22127,44254,4425.4,39828.6,2025-04,31,Female,Karachi,2023-05-26
O01932,C0358,P0014,2025-04-25,1,10,Bluetooth Speaker,Electronics,27487,27487,2748.7,24738.3,2025-04,25,Male,Faisalabad,2024-01-30
O01028,C0297,P0005,2025-04-25,3,5,Mechanical Keyboard,Electronics,12056,36168,1808.4,34359.6,2025-04,44,Male,Faisalabad,2024-04-03
O01304,C0477,P0076,2025-04-25,5,0,Laptop Stand,Electronics,34568,172840,0.0,172840.0,2025-04,34,Male,Lahore,2023-07-05
O02464,C0228,P0008,2025-04-25,3,20,Wireless Mouse,Electronics,47319,141957,28391.4,113565.6,2025-04,57,Male,Lahore,2025-01-30
O00898,C0082,P0017,2025-04-25,4,25,Smart Watch,Electronics,25096,100384,25096.0,75288.0,2025-04,18,Male,Rawalpindi,2023-12-30
O02630,C0343,P0052,2025-04-25,5,0,USB-C Cable,Fashion,44639,223195,0.0,223195.0,2025-04,50,Female,Multan,2024-06-10
O01383,C0153,P0016,2025-04-25,4,25,Smart Watch,Electronics,39838,159352,39838.0,119514.0,2025-04,45,Female,Multan,2023-09-16
O00728,C0076,P0040,2025-04-25,1,20,Smart Watch,Electronics,13967,13967,2793.4,11173.6,2025-04,41,Male,Rawalpindi,2025-03-15
O01256,C0063,P0084,2025-04-26,5,15,Headphones,Accessories,10352,51760,7764.0,43996.0,2025-04,51,Female,Islamabad,2025-09-16
O00523,C0271,P0084,2025-04-26,1,25,Headphones,Accessories,10352,10352,2588.0,7764.0,2025-04,35,Male,Rawalpindi,2024-06-07
O01496,C0082,P0060,2025-04-26,1,5,Phone Case,Electronics,24989,24989,1249.45,23739.55,2025-04,18,Male,Rawalpindi,2023-12-30
O00924,C0152,P0017,2025-04-27,1,25,Smart Watch,Electronics,25096,25096,6274.0,18822.0,2025-04,45,Male,Lahore,2024-05-20
O00269,C0160,P0048,2025-04-27,1,25,Laptop Stand,Accessories,35405,35405,8851.25,26553.75,2025-04,50,Male,Karachi,2024-02-23
O00521,C0011,P0004,2025-04-27,1,5,Laptop Stand,Home & Kitchen,16853,16853,842.65,16010.35,2025-04,28,Male,Lahore,2024-12-13
O00709,C0388,P0098,2025-04-27,4,25,Phone Case,Electronics,16535,66140,16535.0,49605.0,2025-04,33,Male,Islamabad,2023-04-26
O02463,C0010,P0014,2025-04-27,1,20,Bluetooth Speaker,Electronics,27487,27487,5497.4,21989.6,2025-04,28,Female,Rawalpindi,2023-03-14
O01641,C0434,P0091,2025-04-28,1,5,Headphones,Electronics,36951,36951,1847.55,35103.45,2025-04,47,Female,Multan,2026-03-16
O02267,C0004,P0012,2025-04-28,3,25,USB-C Cable,Home & Kitchen,27466,82398,20599.5,61798.5,2025-04,60,Female,Rawalpindi,2026-06-21
O01531,C0454,P0010,2025-04-28,3,20,Backpack,Fashion,8734,26202,5240.4,20961.6,2025-04,44,Female,Multan,2025-06-21
O01197,C0313,P0024,2025-04-28,4,25,Phone Case,Accessories,9406,37624,9406.0,28218.0,2025-04,52,Female,Multan,2025-04-28
O01405,C0237,P0070,2025-04-28,5,5,Smart Watch,Home & Kitchen,43168,215840,10792.0,205048.0,2025-04,48,Male,Rawalpindi,2023-10-22
O00346,C0230,P0095,2025-04-28,3,25,Mechanical Keyboard,Accessories,23884,71652,17913.0,53739.0,2025-04,35,Male,Multan,2024-06-18
O01262,C0275,P0060,2025-04-28,3,15,Phone Case,Electronics,24989,74967,11245.05,63721.95,2025-04,33,Female,Karachi,2024-12-05
O01311,C0267,P0099,2025-04-29,1,10,Smart Watch,Electronics,3540,3540,354.0,3186.0,2025-04,42,Female,Karachi,2026-06-19
O01459,C0108,P0011,2025-04-29,3,10,Mechanical Keyboard,Fashion,26019,78057,7805.7,70251.3,2025-04,41,Male,Karachi,2025-01-17
O00447,C0483,P0048,2025-04-29,4,15,Laptop Stand,Accessories,35405,141620,21243.0,120377.0,2025-04,43,Male,Karachi,2025-06-29
O02597,C0181,P0055,2025-04-30,4,20,Bluetooth Speaker,Electronics,7552,30208,6041.6,24166.4,2025-04,56,Male,Karachi,2024-06-04
O00512,C0269,P0028,2025-04-30,3,15,Laptop Stand,Electronics,13576,40728,6109.2,34618.8,2025-04,42,Male,Karachi,2023-07-11
O00053,C0109,P0060,2025-04-30,1,0,Phone Case,Electronics,24989,24989,0.0,24989.0,2025-04,54,Male,Karachi,2024-11-27
O02960,C0369,P0071,2025-05-01,2,25,Mechanical Keyboard,Electronics,14173,28346,7086.5,21259.5,2025-05,39,Female,Karachi,2023-04-12
O00008,C0161,P0040,2025-05-01,4,0,Smart Watch,Electronics,13967,55868,0.0,55868.0,2025-05,18,Male,Karachi,2024-11-20
O01384,C0210,P0018,2025-05-01,4,10,Laptop Stand,Accessories,33674,134696,13469.6,121226.4,2025-05,33,Female,Islamabad,2023-12-02
O02610,C0103,P0065,2025-05-01,2,25,Mechanical Keyboard,Accessories,12649,25298,6324.5,18973.5,2025-05,25,Male,Lahore,2023-01-29
O01145,C0034,P0018,2025-05-01,4,15,Laptop Stand,Accessories,33674,134696,20204.4,114491.6,2025-05,54,Male,Karachi,2023-08-04
O00965,C0138,P0009,2025-05-01,4,25,Backpack,Electronics,44290,177160,44290.0,132870.0,2025-05,40,Male,Islamabad,2023-01-11
O02108,C0227,P0045,2025-05-02,4,20,Mechanical Keyboard,Fashion,45476,181904,36380.8,145523.2,2025-05,50,Male,Rawalpindi,2025-04-05
O02468,C0247,P0081,2025-05-02,5,0,Mechanical Keyboard,Fashion,16893,84465,0.0,84465.0,2025-05,22,Male,Multan,2024-03-23
O02564,C0324,P0040,2025-05-02,2,0,Smart Watch,Electronics,13967,27934,0.0,27934.0,2025-05,50,Female,Multan,2025-10-05
O00439,C0333,P0077,2025-05-02,5,25,Mechanical Keyboard,Fashion,23753,118765,29691.25,89073.75,2025-05,49,Male,Karachi,2024-08-13
O02286,C0492,P0095,2025-05-02,4,0,Mechanical Keyboard,Accessories,23884,95536,0.0,95536.0,2025-05,38,Female,Islamabad,2023-01-02
O02764,C0453,P0081,2025-05-03,4,20,Mechanical Keyboard,Fashion,16893,67572,13514.4,54057.6,2025-05,49,Male,Karachi,2023-12-19
O02298,C0456,P0067,2025-05-03,2,5,Mechanical Keyboard,Fashion,42868,85736,4286.8,81449.2,2025-05,41,Male,Rawalpindi,2023-06-08
O02706,C0081,P0002,2025-05-03,3,0,Headphones,Home & Kitchen,33279,99837,0.0,99837.0,2025-05,32,Female,Karachi,2025-09-09
O00600,C0353,P0081,2025-05-03,1,10,Mechanical Keyboard,Fashion,16893,16893,1689.3,15203.7,2025-05,30,Male,Lahore,2025-10-10
O02510,C0315,P0086,2025-05-03,3,10,Power Bank,Accessories,6795,20385,2038.5,18346.5,2025-05,54,Female,Rawalpindi,2025-09-15
O00634,C0473,P0042,2025-05-03,4,25,Power Bank,Accessories,49757,199028,49757.0,149271.0,2025-05,48,Female,Lahore,2023-12-01
O00795,C0035,P0059,2025-05-03,4,20,USB-C Cable,Fashion,48868,195472,39094.4,156377.6,2025-05,24,Female,Karachi,2023-12-05
O01887,C0389,P0074,2025-05-03,2,15,Laptop Stand,Electronics,15722,31444,4716.6,26727.4,2025-05,30,Male,Rawalpindi,2025-07-06
O01191,C0303,P0028,2025-05-03,4,15,Laptop Stand,Electronics,13576,54304,8145.6,46158.4,2025-05,50,Male,Lahore,2023-02-08
O02346,C0446,P0025,2025-05-04,2,15,Backpack,Fashion,37414,74828,11224.2,63603.8,2025-05,22,Male,Lahore,2025-12-18
O02849,C0215,P0003,2025-05-04,1,15,Backpack,Fashion,22136,22136,3320.4,18815.6,2025-05,46,Female,Islamabad,2025-03-26
O00694,C0429,P0040,2025-05-05,3,10,Smart Watch,Electronics,13967,41901,4190.1,37710.9,2025-05,43,Female,Karachi,2025-11-01
O01809,C0219,P0007,2025-05-05,2,5,Power Bank,Home & Kitchen,12063,24126,1206.3,22919.7,2025-05,36,Male,Islamabad,2026-04-08
O02772,C0446,P0015,2025-05-05,1,15,Wireless Mouse,Home & Kitchen,13678,13678,2051.7,11626.3,2025-05,22,Male,Lahore,2025-12-18
O01697,C0397,P0053,2025-05-05,4,20,Power Bank,Electronics,49213,196852,39370.4,157481.6,2025-05,54,Female,Islamabad,2025-09-20
O00609,C0295,P0059,2025-05-06,2,20,USB-C Cable,Fashion,48868,97736,19547.2,78188.8,2025-05,25,Female,Rawalpindi,2023-03-20
O00882,C0148,P0015,2025-05-06,5,25,Wireless Mouse,Home & Kitchen,13678,68390,17097.5,51292.5,2025-05,45,Female,Karachi,2025-04-04
O02140,C0292,P0040,2025-05-06,2,15,Smart Watch,Electronics,13967,27934,4190.1,23743.9,2025-05,47,Male,Islamabad,2025-06-25
O02505,C0365,P0066,2025-05-06,4,0,Backpack,Fashion,35066,140264,0.0,140264.0,2025-05,51,Male,Karachi,2023-06-15
O01620,C0479,P0017,2025-05-07,5,25,Smart Watch,Electronics,25096,125480,31370.0,94110.0,2025-05,25,Male,Lahore,2024-09-28
O00310,C0103,P0062,2025-05-07,2,20,Bluetooth Speaker,Fashion,6941,13882,2776.4,11105.6,2025-05,25,Male,Lahore,2023-01-29
O01340,C0332,P0081,2025-05-07,4,15,Mechanical Keyboard,Fashion,16893,67572,10135.8,57436.2,2025-05,41,Male,Lahore,2024-06-03
O01991,C0335,P0098,2025-05-08,5,25,Phone Case,Electronics,16535,82675,20668.75,62006.25,2025-05,40,Male,Islamabad,2023-07-18
O01716,C0492,P0012,2025-05-08,4,15,USB-C Cable,Home & Kitchen,27466,109864,16479.6,93384.4,2025-05,38,Female,Islamabad,2023-01-02
O01536,C0166,P0039,2025-05-08,2,5,Wireless Mouse,Accessories,7394,14788,739.4,14048.6,2025-05,56,Male,Islamabad,2023-01-03
O00282,C0266,P0045,2025-05-08,3,25,Mechanical Keyboard,Fashion,45476,136428,34107.0,102321.0,2025-05,52,Male,Faisalabad,2024-04-28
O00570,C0224,P0012,2025-05-08,5,20,USB-C Cable,Home & Kitchen,27466,137330,27466.0,109864.0,2025-05,49,Male,Lahore,2023-01-07
O01947,C0120,P0042,2025-05-08,3,20,Power Bank,Accessories,49757,149271,29854.2,119416.8,2025-05,18,Male,Multan,2026-03-11
O01594,C0100,P0070,2025-05-08,2,0,Smart Watch,Home & Kitchen,43168,86336,0.0,86336.0,2025-05,45,Female,Rawalpindi,2026-03-10
O01567,C0420,P0045,2025-05-09,1,0,Mechanical Keyboard,Fashion,45476,45476,0.0,45476.0,2025-05,46,Female,Multan,2025-06-13
O00039,C0425,P0063,2025-05-09,3,25,Mechanical Keyboard,Electronics,25111,75333,18833.25,56499.75,2025-05,22,Male,Multan,2023-01-14
O00967,C0192,P0056,2025-05-09,3,5,Bluetooth Speaker,Home & Kitchen,4154,12462,623.1,11838.9,2025-05,50,Female,Faisalabad,2025-07-02
O00692,C0188,P0064,2025-05-09,3,5,Smart Watch,Home & Kitchen,42935,128805,6440.25,122364.75,2025-05,45,Male,Rawalpindi,2023-02-07
O02537,C0199,P0080,2025-05-09,1,10,Smart Watch,Accessories,37884,37884,3788.4,34095.6,2025-05,49,Female,Rawalpindi,2026-02-11
O00868,C0441,P0030,2025-05-10,5,10,Wireless Mouse,Home & Kitchen,38150,190750,19075.0,171675.0,2025-05,48,Male,Faisalabad,2025-07-02
O01909,C0355,P0037,2025-05-10,2,10,Bluetooth Speaker,Fashion,36878,73756,7375.6,66380.4,2025-05,53,Female,Karachi,2023-04-27
O01432,C0233,P0094,2025-05-10,1,25,Phone Case,Home & Kitchen,36541,36541,9135.25,27405.75,2025-05,28,Female,Karachi,2023-12-29
O01897,C0104,P0062,2025-05-10,3,5,Bluetooth Speaker,Fashion,6941,20823,1041.15,19781.85,2025-05,29,Female,Rawalpindi,2025-08-15
O01034,C0393,P0018,2025-05-10,3,10,Laptop Stand,Accessories,33674,101022,10102.2,90919.8,2025-05,34,Male,Lahore,2025-05-20
O00973,C0391,P0034,2025-05-10,3,10,Backpack,Electronics,7651,22953,2295.3,20657.7,2025-05,47,Male,Rawalpindi,2023-07-13
O01784,C0108,P0092,2025-05-10,4,20,Headphones,Accessories,7727,30908,6181.6,24726.4,2025-05,41,Male,Karachi,2025-01-17
O01182,C0456,P0040,2025-05-10,2,5,Smart Watch,Electronics,13967,27934,1396.7,26537.3,2025-05,41,Male,Rawalpindi,2023-06-08
O02804,C0464,P0040,2025-05-11,2,20,Smart Watch,Electronics,13967,27934,5586.8,22347.2,2025-05,20,Female,Islamabad,2025-08-13
O02085,C0431,P0060,2025-05-11,4,10,Phone Case,Electronics,24989,99956,9995.6,89960.4,2025-05,56,Female,Multan,2025-06-27
O02254,C0195,P0061,2025-05-11,4,10,Laptop Stand,Electronics,9136,36544,3654.4,32889.6,2025-05,19,Female,Karachi,2025-08-30
O00954,C0435,P0048,2025-05-11,3,5,Laptop Stand,Accessories,35405,106215,5310.75,100904.25,2025-05,54,Male,Rawalpindi,2025-01-19
O01899,C0265,P0002,2025-05-12,3,15,Headphones,Home & Kitchen,33279,99837,14975.55,84861.45,2025-05,37,Male,Islamabad,2025-07-04
O00217,C0206,P0088,2025-05-12,3,15,Power Bank,Accessories,34584,103752,15562.8,88189.2,2025-05,51,Female,Rawalpindi,2025-11-29
O01972,C0023,P0084,2025-05-12,1,10,Headphones,Accessories,10352,10352,1035.2,9316.8,2025-05,38,Female,Karachi,2023-06-21
O02609,C0391,P0098,2025-05-12,5,10,Phone Case,Electronics,16535,82675,8267.5,74407.5,2025-05,47,Male,Rawalpindi,2023-07-13
O00009,C0119,P0039,2025-05-12,4,5,Wireless Mouse,Accessories,7394,29576,1478.8,28097.2,2025-05,20,Female,Lahore,2023-01-03
O00964,C0059,P0027,2025-05-13,1,5,Bluetooth Speaker,Electronics,45879,45879,2293.95,43585.05,2025-05,21,Male,Multan,2025-04-06
O02096,C0401,P0099,2025-05-13,2,20,Smart Watch,Electronics,3540,7080,1416.0,5664.0,2025-05,29,Female,Rawalpindi,2023-11-13
O02077,C0013,P0023,2025-05-13,4,5,Phone Case,Home & Kitchen,39810,159240,7962.0,151278.0,2025-05,53,Male,Karachi,2025-11-06
O00919,C0490,P0021,2025-05-13,5,20,USB-C Cable,Accessories,28264,141320,28264.0,113056.0,2025-05,53,Male,Faisalabad,2024-06-09
O01880,C0037,P0086,2025-05-13,5,15,Power Bank,Accessories,6795,33975,5096.25,28878.75,2025-05,26,Male,Multan,2026-01-09
O00432,C0069,P0048,2025-05-13,1,0,Laptop Stand,Accessories,35405,35405,0.0,35405.0,2025-05,25,Male,Islamabad,2026-03-28
O01735,C0273,P0065,2025-05-13,4,10,Mechanical Keyboard,Accessories,12649,50596,5059.6,45536.4,2025-05,19,Female,Faisalabad,2024-02-05
O01510,C0423,P0042,2025-05-13,2,20,Power Bank,Accessories,49757,99514,19902.8,79611.2,2025-05,22,Male,Islamabad,2025-03-19
O00547,C0405,P0022,2025-05-13,4,15,Power Bank,Accessories,22127,88508,13276.2,75231.8,2025-05,49,Male,Multan,2026-01-01
O01692,C0068,P0060,2025-05-14,5,0,Phone Case,Electronics,24989,124945,0.0,124945.0,2025-05,32,Female,Lahore,2024-09-06
O02512,C0041,P0034,2025-05-14,2,0,Backpack,Electronics,7651,15302,0.0,15302.0,2025-05,42,Female,Rawalpindi,2026-05-08
O01132,C0476,P0049,2025-05-14,2,10,Phone Case,Electronics,21329,42658,4265.8,38392.2,2025-05,40,Male,Multan,2025-01-24
O00429,C0344,P0060,2025-05-15,2,25,Phone Case,Electronics,24989,49978,12494.5,37483.5,2025-05,26,Female,Islamabad,2026-03-22
O00038,C0167,P0059,2025-05-15,1,25,USB-C Cable,Fashion,48868,48868,12217.0,36651.0,2025-05,23,Male,Multan,2023-06-09
O02999,C0410,P0038,2025-05-15,4,10,Wireless Mouse,Home & Kitchen,43152,172608,17260.8,155347.2,2025-05,56,Female,Rawalpindi,2023-04-21
O02217,C0421,P0021,2025-05-15,4,0,USB-C Cable,Accessories,28264,113056,0.0,113056.0,2025-05,31,Male,Karachi,2024-05-29
O01468,C0240,P0097,2025-05-16,4,25,Wireless Mouse,Home & Kitchen,38278,153112,38278.0,114834.0,2025-05,52,Female,Faisalabad,2026-02-10
O01367,C0429,P0019,2025-05-16,5,15,Headphones,Accessories,42474,212370,31855.5,180514.5,2025-05,43,Female,Karachi,2025-11-01
O01997,C0059,P0010,2025-05-16,3,15,Backpack,Fashion,8734,26202,3930.3,22271.7,2025-05,21,Male,Multan,2025-04-06
O02716,C0308,P0035,2025-05-16,5,20,Bluetooth Speaker,Fashion,28711,143555,28711.0,114844.0,2025-05,34,Male,Karachi,2025-06-02
O01350,C0093,P0047,2025-05-17,4,20,Bluetooth Speaker,Accessories,23671,94684,18936.8,75747.2,2025-05,52,Female,Islamabad,2023-11-07
O01163,C0347,P0032,2025-05-17,2,20,Power Bank,Electronics,46913,93826,18765.2,75060.8,2025-05,46,Female,Faisalabad,2024-03-30
O02862,C0057,P0055,2025-05-17,2,0,Bluetooth Speaker,Electronics,7552,15104,0.0,15104.0,2025-05,23,Male,Rawalpindi,2025-06-01
O00468,C0261,P0021,2025-05-18,5,25,USB-C Cable,Accessories,28264,141320,35330.0,105990.0,2025-05,25,Female,Multan,2023-02-06
O02756,C0339,P0056,2025-05-18,1,0,Bluetooth Speaker,Home & Kitchen,4154,4154,0.0,4154.0,2025-05,19,Male,Rawalpindi,2024-11-23
O01727,C0125,P0098,2025-05-18,1,15,Phone Case,Electronics,16535,16535,2480.25,14054.75,2025-05,44,Male,Rawalpindi,2024-03-07
O01974,C0446,P0004,2025-05-18,2,20,Laptop Stand,Home & Kitchen,16853,33706,6741.2,26964.8,2025-05,22,Male,Lahore,2025-12-18
O01566,C0146,P0036,2025-05-18,1,0,Bluetooth Speaker,Electronics,27617,27617,0.0,27617.0,2025-05,24,Male,Multan,2026-02-04
O02911,C0108,P0049,2025-05-18,5,25,Phone Case,Electronics,21329,106645,26661.25,79983.75,2025-05,41,Male,Karachi,2025-01-17
O01867,C0019,P0090,2025-05-18,2,20,Wireless Mouse,Fashion,40075,80150,16030.0,64120.0,2025-05,41,Male,Karachi,2025-11-28
O01772,C0465,P0057,2025-05-18,5,10,Wireless Mouse,Accessories,23986,119930,11993.0,107937.0,2025-05,18,Female,Lahore,2023-06-01
O00089,C0326,P0001,2025-05-19,4,5,Smart Watch,Electronics,5260,21040,1052.0,19988.0,2025-05,35,Male,Faisalabad,2025-03-02
O01193,C0143,P0066,2025-05-19,4,10,Backpack,Fashion,35066,140264,14026.4,126237.6,2025-05,53,Male,Islamabad,2025-02-10
O02374,C0169,P0059,2025-05-19,5,10,USB-C Cable,Fashion,48868,244340,24434.0,219906.0,2025-05,44,Male,Islamabad,2026-02-17
O02005,C0290,P0081,2025-05-19,2,20,Mechanical Keyboard,Fashion,16893,33786,6757.2,27028.8,2025-05,39,Male,Rawalpindi,2025-10-27
O01925,C0424,P0042,2025-05-19,3,0,Power Bank,Accessories,49757,149271,0.0,149271.0,2025-05,47,Female,Karachi,2025-05-23
O01625,C0369,P0087,2025-05-19,1,15,Bluetooth Speaker,Accessories,36493,36493,5473.95,31019.05,2025-05,39,Female,Karachi,2023-04-12
O02427,C0084,P0050,2025-05-19,2,10,Wireless Mouse,Electronics,34554,69108,6910.8,62197.2,2025-05,24,Female,Lahore,2024-05-11
O00980,C0372,P0010,2025-05-19,3,20,Backpack,Fashion,8734,26202,5240.4,20961.6,2025-05,39,Male,Islamabad,2026-01-16
O01441,C0307,P0053,2025-05-20,2,25,Power Bank,Electronics,49213,98426,24606.5,73819.5,2025-05,52,Female,Karachi,2026-01-03
O00431,C0467,P0050,2025-05-20,2,0,Wireless Mouse,Electronics,34554,69108,0.0,69108.0,2025-05,57,Male,Faisalabad,2024-08-30
O00798,C0499,P0059,2025-05-20,5,0,USB-C Cable,Fashion,48868,244340,0.0,244340.0,2025-05,52,Male,Multan,2024-01-16
O00102,C0150,P0071,2025-05-20,3,5,Mechanical Keyboard,Electronics,14173,42519,2125.95,40393.05,2025-05,59,Male,Lahore,2025-07-25
O01711,C0250,P0020,2025-05-21,4,10,Phone Case,Home & Kitchen,4931,19724,1972.4,17751.6,2025-05,26,Female,Multan,2024-11-05
O02372,C0492,P0056,2025-05-21,2,15,Bluetooth Speaker,Home & Kitchen,4154,8308,1246.2,7061.8,2025-05,38,Female,Islamabad,2023-01-02
O02910,C0148,P0030,2025-05-21,1,15,Wireless Mouse,Home & Kitchen,38150,38150,5722.5,32427.5,2025-05,45,Female,Karachi,2025-04-04
O00489,C0434,P0069,2025-05-21,4,5,Headphones,Fashion,5995,23980,1199.0,22781.0,2025-05,47,Female,Multan,2026-03-16
O01214,C0225,P0039,2025-05-21,5,20,Wireless Mouse,Accessories,7394,36970,7394.0,29576.0,2025-05,24,Female,Multan,2023-05-13
O01664,C0245,P0053,2025-05-21,3,10,Power Bank,Electronics,49213,147639,14763.9,132875.1,2025-05,18,Male,Lahore,2025-05-15
O01433,C0265,P0031,2025-05-21,3,20,Backpack,Electronics,47381,142143,28428.6,113714.4,2025-05,37,Male,Islamabad,2025-07-04
O00859,C0329,P0083,2025-05-21,5,20,Wireless Mouse,Home & Kitchen,39020,195100,39020.0,156080.0,2025-05,48,Female,Faisalabad,2025-12-19
O02033,C0377,P0009,2025-05-22,4,5,Backpack,Electronics,44290,177160,8858.0,168302.0,2025-05,54,Female,Rawalpindi,2024-08-14
O02575,C0447,P0009,2025-05-22,2,5,Backpack,Electronics,44290,88580,4429.0,84151.0,2025-05,21,Male,Rawalpindi,2025-07-12
O00818,C0129,P0054,2025-05-23,3,5,Bluetooth Speaker,Fashion,30234,90702,4535.1,86166.9,2025-05,43,Male,Multan,2024-02-03
O02036,C0156,P0092,2025-05-23,2,5,Headphones,Accessories,7727,15454,772.7,14681.3,2025-05,28,Female,Multan,2024-12-27
O00141,C0286,P0039,2025-05-23,3,20,Wireless Mouse,Accessories,7394,22182,4436.4,17745.6,2025-05,20,Male,Islamabad,2026-06-04
O02822,C0334,P0014,2025-05-23,4,5,Bluetooth Speaker,Electronics,27487,109948,5497.4,104450.6,2025-05,39,Male,Multan,2025-11-16
O02577,C0164,P0076,2025-05-24,2,25,Laptop Stand,Electronics,34568,69136,17284.0,51852.0,2025-05,58,Female,Faisalabad,2026-03-14
O00152,C0460,P0030,2025-05-24,2,20,Wireless Mouse,Home & Kitchen,38150,76300,15260.0,61040.0,2025-05,50,Male,Faisalabad,2025-03-15
O02734,C0032,P0001,2025-05-24,2,25,Smart Watch,Electronics,5260,10520,2630.0,7890.0,2025-05,32,Male,Multan,2023-11-26
O01650,C0260,P0039,2025-05-24,5,0,Wireless Mouse,Accessories,7394,36970,0.0,36970.0,2025-05,28,Male,Rawalpindi,2026-05-30
O01956,C0321,P0003,2025-05-24,4,0,Backpack,Fashion,22136,88544,0.0,88544.0,2025-05,38,Female,Islamabad,2025-07-22
O02935,C0258,P0084,2025-05-24,4,25,Headphones,Accessories,10352,41408,10352.0,31056.0,2025-05,50,Female,Lahore,2024-07-25
O02157,C0227,P0077,2025-05-24,5,25,Mechanical Keyboard,Fashion,23753,118765,29691.25,89073.75,2025-05,50,Male,Rawalpindi,2025-04-05
O02978,C0176,P0053,2025-05-24,3,15,Power Bank,Electronics,49213,147639,22145.85,125493.15,2025-05,49,Male,Multan,2025-09-14
O00925,C0061,P0006,2025-05-24,1,15,Headphones,Accessories,28098,28098,4214.7,23883.3,2025-05,35,Male,Multan,2024-08-16
O02415,C0362,P0047,2025-05-25,1,25,Bluetooth Speaker,Accessories,23671,23671,5917.75,17753.25,2025-05,40,Female,Islamabad,2023-10-01
O01478,C0347,P0024,2025-05-25,5,5,Phone Case,Accessories,9406,47030,2351.5,44678.5,2025-05,46,Female,Faisalabad,2024-03-30
O00290,C0056,P0093,2025-05-25,4,25,Phone Case,Home & Kitchen,32410,129640,32410.0,97230.0,2025-05,19,Male,Islamabad,2023-05-17
O00253,C0173,P0078,2025-05-25,2,10,Phone Case,Home & Kitchen,9935,19870,1987.0,17883.0,2025-05,59,Female,Faisalabad,2024-08-02
O01938,C0184,P0049,2025-05-25,2,10,Phone Case,Electronics,21329,42658,4265.8,38392.2,2025-05,54,Female,Faisalabad,2026-06-03
O00392,C0422,P0061,2025-05-26,1,5,Laptop Stand,Electronics,9136,9136,456.8,8679.2,2025-05,45,Female,Lahore,2026-02-24
O01797,C0407,P0038,2025-05-26,3,5,Wireless Mouse,Home & Kitchen,43152,129456,6472.8,122983.2,2025-05,57,Male,Karachi,2024-07-06
O02997,C0073,P0010,2025-05-26,2,5,Backpack,Fashion,8734,17468,873.4,16594.6,2025-05,38,Male,Multan,2023-07-07
O01712,C0497,P0056,2025-05-26,3,15,Bluetooth Speaker,Home & Kitchen,4154,12462,1869.3,10592.7,2025-05,41,Female,Multan,2024-07-06
O01086,C0269,P0089,2025-05-26,4,10,Mechanical Keyboard,Electronics,45605,182420,18242.0,164178.0,2025-05,42,Male,Karachi,2023-07-11
O02724,C0175,P0041,2025-05-26,2,0,Smart Watch,Accessories,31510,63020,0.0,63020.0,2025-05,32,Female,Rawalpindi,2024-09-26
O00368,C0465,P0094,2025-05-26,3,20,Phone Case,Home & Kitchen,36541,109623,21924.6,87698.4,2025-05,18,Female,Lahore,2023-06-01
O02308,C0175,P0059,2025-05-26,4,5,USB-C Cable,Fashion,48868,195472,9773.6,185698.4,2025-05,32,Female,Rawalpindi,2024-09-26
O00297,C0149,P0064,2025-05-27,4,5,Smart Watch,Home & Kitchen,42935,171740,8587.0,163153.0,2025-05,19,Male,Faisalabad,2023-08-06
O00579,C0285,P0094,2025-05-27,2,5,Phone Case,Home & Kitchen,36541,73082,3654.1,69427.9,2025-05,24,Male,Lahore,2025-02-01
O01318,C0325,P0048,2025-05-27,4,5,Laptop Stand,Accessories,35405,141620,7081.0,134539.0,2025-05,20,Female,Multan,2025-03-03
O02819,C0005,P0082,2025-05-27,4,20,Bluetooth Speaker,Fashion,11117,44468,8893.6,35574.4,2025-05,25,Female,Karachi,2025-08-15
O01922,C0358,P0066,2025-05-27,5,25,Backpack,Fashion,35066,175330,43832.5,131497.5,2025-05,25,Male,Faisalabad,2024-01-30
O02153,C0356,P0021,2025-05-27,5,10,USB-C Cable,Accessories,28264,141320,14132.0,127188.0,2025-05,37,Male,Rawalpindi,2024-01-21
O02467,C0248,P0002,2025-05-27,2,15,Headphones,Home & Kitchen,33279,66558,9983.7,56574.3,2025-05,54,Female,Islamabad,2025-05-05
O02573,C0283,P0090,2025-05-27,1,10,Wireless Mouse,Fashion,40075,40075,4007.5,36067.5,2025-05,37,Male,Lahore,2023-10-12
O02429,C0242,P0079,2025-05-28,1,15,Headphones,Accessories,29052,29052,4357.8,24694.2,2025-05,33,Female,Lahore,2023-01-17
O01742,C0152,P0011,2025-05-28,3,20,Mechanical Keyboard,Fashion,26019,78057,15611.4,62445.6,2025-05,45,Male,Lahore,2024-05-20
O02129,C0481,P0079,2025-05-28,3,10,Headphones,Accessories,29052,87156,8715.6,78440.4,2025-05,43,Female,Multan,2024-06-13
O01002,C0248,P0087,2025-05-29,2,10,Bluetooth Speaker,Accessories,36493,72986,7298.6,65687.4,2025-05,54,Female,Islamabad,2025-05-05
O01210,C0333,P0074,2025-05-29,3,0,Laptop Stand,Electronics,15722,47166,0.0,47166.0,2025-05,49,Male,Karachi,2024-08-13
O02285,C0090,P0069,2025-05-29,5,20,Headphones,Fashion,5995,29975,5995.0,23980.0,2025-05,28,Male,Rawalpindi,2024-05-07
O01648,C0075,P0096,2025-05-29,3,20,Mechanical Keyboard,Accessories,645,1935,387.0,1548.0,2025-05,35,Female,Multan,2023-05-11
O01744,C0275,P0068,2025-05-29,1,20,Backpack,Electronics,22175,22175,4435.0,17740.0,2025-05,33,Female,Karachi,2024-12-05
O00642,C0066,P0058,2025-05-29,5,10,Wireless Mouse,Accessories,19243,96215,9621.5,86593.5,2025-05,31,Female,Lahore,2025-09-21
O00216,C0466,P0039,2025-05-30,2,10,Wireless Mouse,Accessories,7394,14788,1478.8,13309.2,2025-05,50,Female,Rawalpindi,2025-08-04
O00419,C0290,P0001,2025-05-30,1,10,Smart Watch,Electronics,5260,5260,526.0,4734.0,2025-05,39,Male,Rawalpindi,2025-10-27
O00936,C0098,P0043,2025-05-30,1,15,Laptop Stand,Home & Kitchen,43141,43141,6471.15,36669.85,2025-05,56,Female,Faisalabad,2023-09-08
O01796,C0216,P0064,2025-05-30,5,10,Smart Watch,Home & Kitchen,42935,214675,21467.5,193207.5,2025-05,20,Male,Islamabad,2025-02-19
O01213,C0115,P0093,2025-05-31,1,15,Phone Case,Home & Kitchen,32410,32410,4861.5,27548.5,2025-05,18,Male,Faisalabad,2025-07-09
O00250,C0025,P0041,2025-05-31,2,25,Smart Watch,Accessories,31510,63020,15755.0,47265.0,2025-05,29,Female,Multan,2025-05-15
O00124,C0468,P0055,2025-05-31,5,25,Bluetooth Speaker,Electronics,7552,37760,9440.0,28320.0,2025-05,27,Female,Karachi,2024-02-24
O01669,C0125,P0084,2025-06-01,1,5,Headphones,Accessories,10352,10352,517.6,9834.4,2025-06,44,Male,Rawalpindi,2024-03-07
O02039,C0065,P0046,2025-06-01,5,0,Backpack,Accessories,44096,220480,0.0,220480.0,2025-06,53,Male,Karachi,2025-07-23
O01360,C0311,P0029,2025-06-01,2,25,Smart Watch,Electronics,49792,99584,24896.0,74688.0,2025-06,46,Female,Karachi,2026-01-12
O02170,C0013,P0075,2025-06-01,1,15,Headphones,Home & Kitchen,24169,24169,3625.35,20543.65,2025-06,53,Male,Karachi,2025-11-06
O00477,C0480,P0078,2025-06-01,2,20,Phone Case,Home & Kitchen,9935,19870,3974.0,15896.0,2025-06,46,Male,Rawalpindi,2026-06-14
O01636,C0321,P0095,2025-06-02,5,15,Mechanical Keyboard,Accessories,23884,119420,17913.0,101507.0,2025-06,38,Female,Islamabad,2025-07-22
O01619,C0495,P0099,2025-06-02,3,5,Smart Watch,Electronics,3540,10620,531.0,10089.0,2025-06,54,Male,Islamabad,2025-04-16
O01098,C0131,P0079,2025-06-02,4,10,Headphones,Accessories,29052,116208,11620.8,104587.2,2025-06,30,Female,Faisalabad,2025-08-21
O00329,C0256,P0081,2025-06-02,1,10,Mechanical Keyboard,Fashion,16893,16893,1689.3,15203.7,2025-06,37,Male,Faisalabad,2026-06-01
O01944,C0392,P0069,2025-06-02,3,10,Headphones,Fashion,5995,17985,1798.5,16186.5,2025-06,36,Male,Lahore,2026-04-04
O02667,C0465,P0071,2025-06-03,1,25,Mechanical Keyboard,Electronics,14173,14173,3543.25,10629.75,2025-06,18,Female,Lahore,2023-06-01
O00577,C0022,P0056,2025-06-03,1,20,Bluetooth Speaker,Home & Kitchen,4154,4154,830.8,3323.2,2025-06,19,Female,Lahore,2023-04-18
O02796,C0375,P0062,2025-06-03,3,5,Bluetooth Speaker,Fashion,6941,20823,1041.15,19781.85,2025-06,32,Female,Islamabad,2025-06-07
O01930,C0380,P0016,2025-06-03,1,25,Smart Watch,Electronics,39838,39838,9959.5,29878.5,2025-06,22,Female,Faisalabad,2024-11-03
O01343,C0174,P0008,2025-06-04,3,25,Wireless Mouse,Electronics,47319,141957,35489.25,106467.75,2025-06,41,Male,Karachi,2025-08-09
O02943,C0309,P0066,2025-06-04,3,0,Backpack,Fashion,35066,105198,0.0,105198.0,2025-06,45,Female,Rawalpindi,2026-02-27
O00644,C0112,P0020,2025-06-04,1,25,Phone Case,Home & Kitchen,4931,4931,1232.75,3698.25,2025-06,39,Female,Islamabad,2024-01-12
O01689,C0224,P0043,2025-06-04,3,0,Laptop Stand,Home & Kitchen,43141,129423,0.0,129423.0,2025-06,49,Male,Lahore,2023-01-07
O00316,C0308,P0061,2025-06-05,4,15,Laptop Stand,Electronics,9136,36544,5481.6,31062.4,2025-06,34,Male,Karachi,2025-06-02
O01967,C0281,P0093,2025-06-05,4,10,Phone Case,Home & Kitchen,32410,129640,12964.0,116676.0,2025-06,31,Female,Multan,2024-12-04
O01235,C0281,P0084,2025-06-05,3,15,Headphones,Accessories,10352,31056,4658.4,26397.6,2025-06,31,Female,Multan,2024-12-04
O02290,C0026,P0020,2025-06-05,5,20,Phone Case,Home & Kitchen,4931,24655,4931.0,19724.0,2025-06,39,Male,Rawalpindi,2024-06-07
O01674,C0035,P0033,2025-06-05,3,20,Laptop Stand,Electronics,6512,19536,3907.2,15628.8,2025-06,24,Female,Karachi,2023-12-05
O02364,C0209,P0038,2025-06-06,3,5,Wireless Mouse,Home & Kitchen,43152,129456,6472.8,122983.2,2025-06,28,Female,Islamabad,2026-03-16
O00820,C0313,P0097,2025-06-06,5,0,Wireless Mouse,Home & Kitchen,38278,191390,0.0,191390.0,2025-06,52,Female,Multan,2025-04-28
O02069,C0120,P0014,2025-06-06,1,25,Bluetooth Speaker,Electronics,27487,27487,6871.75,20615.25,2025-06,18,Male,Multan,2026-03-11
O02800,C0083,P0081,2025-06-06,2,10,Mechanical Keyboard,Fashion,16893,33786,3378.6,30407.4,2025-06,42,Male,Karachi,2023-02-08
O02398,C0260,P0087,2025-06-07,1,5,Bluetooth Speaker,Accessories,36493,36493,1824.65,34668.35,2025-06,28,Male,Rawalpindi,2026-05-30
O01019,C0403,P0097,2025-06-07,3,0,Wireless Mouse,Home & Kitchen,38278,114834,0.0,114834.0,2025-06,18,Female,Faisalabad,2023-01-09
O01537,C0387,P0060,2025-06-07,2,10,Phone Case,Electronics,24989,49978,4997.8,44980.2,2025-06,57,Female,Faisalabad,2024-08-11
O02225,C0442,P0018,2025-06-07,3,25,Laptop Stand,Accessories,33674,101022,25255.5,75766.5,2025-06,27,Female,Islamabad,2024-10-23
O01237,C0344,P0063,2025-06-07,2,0,Mechanical Keyboard,Electronics,25111,50222,0.0,50222.0,2025-06,26,Female,Islamabad,2026-03-22
O02105,C0146,P0028,2025-06-07,4,10,Laptop Stand,Electronics,13576,54304,5430.4,48873.6,2025-06,24,Male,Multan,2026-02-04
O01104,C0154,P0008,2025-06-07,2,20,Wireless Mouse,Electronics,47319,94638,18927.6,75710.4,2025-06,37,Male,Islamabad,2023-02-23
O00410,C0010,P0023,2025-06-07,2,20,Phone Case,Home & Kitchen,39810,79620,15924.0,63696.0,2025-06,28,Female,Rawalpindi,2023-03-14
O02040,C0107,P0098,2025-06-07,3,15,Phone Case,Electronics,16535,49605,7440.75,42164.25,2025-06,40,Male,Karachi,2023-09-02
O01950,C0027,P0059,2025-06-08,5,20,USB-C Cable,Fashion,48868,244340,48868.0,195472.0,2025-06,42,Male,Lahore,2023-10-02
O00674,C0381,P0026,2025-06-08,4,5,Wireless Mouse,Electronics,45314,181256,9062.8,172193.2,2025-06,56,Male,Multan,2024-12-14
O00420,C0264,P0037,2025-06-08,5,25,Bluetooth Speaker,Fashion,36878,184390,46097.5,138292.5,2025-06,57,Male,Multan,2026-05-04
O02732,C0271,P0043,2025-06-09,4,10,Laptop Stand,Home & Kitchen,43141,172564,17256.4,155307.6,2025-06,35,Male,Rawalpindi,2024-06-07
O02448,C0360,P0013,2025-06-09,3,20,Bluetooth Speaker,Accessories,16673,50019,10003.8,40015.2,2025-06,31,Male,Karachi,2024-12-21
O02963,C0007,P0019,2025-06-09,5,0,Headphones,Accessories,42474,212370,0.0,212370.0,2025-06,56,Female,Faisalabad,2024-04-26
O02616,C0384,P0014,2025-06-10,4,10,Bluetooth Speaker,Electronics,27487,109948,10994.8,98953.2,2025-06,49,Female,Karachi,2023-01-02
O01064,C0176,P0030,2025-06-10,1,15,Wireless Mouse,Home & Kitchen,38150,38150,5722.5,32427.5,2025-06,49,Male,Multan,2025-09-14
O00094,C0102,P0001,2025-06-10,5,25,Smart Watch,Electronics,5260,26300,6575.0,19725.0,2025-06,26,Male,Faisalabad,2025-03-24
O01524,C0118,P0066,2025-06-10,5,25,Backpack,Fashion,35066,175330,43832.5,131497.5,2025-06,31,Female,Rawalpindi,2024-07-30
O01374,C0347,P0029,2025-06-10,3,15,Smart Watch,Electronics,49792,149376,22406.4,126969.6,2025-06,46,Female,Faisalabad,2024-03-30
O01644,C0376,P0001,2025-06-10,2,10,Smart Watch,Electronics,5260,10520,1052.0,9468.0,2025-06,60,Female,Rawalpindi,2025-12-05
O00745,C0146,P0048,2025-06-10,5,15,Laptop Stand,Accessories,35405,177025,26553.75,150471.25,2025-06,24,Male,Multan,2026-02-04
O00524,C0273,P0038,2025-06-11,2,25,Wireless Mouse,Home & Kitchen,43152,86304,21576.0,64728.0,2025-06,19,Female,Faisalabad,2024-02-05
O01839,C0189,P0078,2025-06-11,3,10,Phone Case,Home & Kitchen,9935,29805,2980.5,26824.5,2025-06,40,Male,Multan,2023-11-24
O01521,C0398,P0032,2025-06-11,5,5,Power Bank,Electronics,46913,234565,11728.25,222836.75,2025-06,43,Female,Lahore,2023-04-16
O00398,C0105,P0021,2025-06-11,1,10,USB-C Cable,Accessories,28264,28264,2826.4,25437.6,2025-06,51,Female,Karachi,2024-04-21
O00874,C0007,P0001,2025-06-11,1,0,Smart Watch,Electronics,5260,5260,0.0,5260.0,2025-06,56,Female,Faisalabad,2024-04-26
O00559,C0149,P0081,2025-06-12,4,5,Mechanical Keyboard,Fashion,16893,67572,3378.6,64193.4,2025-06,19,Male,Faisalabad,2023-08-06
O02806,C0124,P0075,2025-06-12,4,20,Headphones,Home & Kitchen,24169,96676,19335.2,77340.8,2025-06,56,Male,Lahore,2023-10-20
O01765,C0246,P0011,2025-06-12,4,20,Mechanical Keyboard,Fashion,26019,104076,20815.2,83260.8,2025-06,29,Male,Karachi,2024-11-30
O01497,C0485,P0054,2025-06-12,2,15,Bluetooth Speaker,Fashion,30234,60468,9070.2,51397.8,2025-06,58,Male,Faisalabad,2025-03-04
O02258,C0098,P0063,2025-06-12,4,10,Mechanical Keyboard,Electronics,25111,100444,10044.4,90399.6,2025-06,56,Female,Faisalabad,2023-09-08
O00093,C0258,P0038,2025-06-13,3,15,Wireless Mouse,Home & Kitchen,43152,129456,19418.4,110037.6,2025-06,50,Female,Lahore,2024-07-25
O02825,C0376,P0095,2025-06-13,3,20,Mechanical Keyboard,Accessories,23884,71652,14330.4,57321.6,2025-06,60,Female,Rawalpindi,2025-12-05
O00597,C0171,P0040,2025-06-13,5,25,Smart Watch,Electronics,13967,69835,17458.75,52376.25,2025-06,54,Male,Lahore,2026-01-17
O01850,C0394,P0017,2025-06-13,5,15,Smart Watch,Electronics,25096,125480,18822.0,106658.0,2025-06,36,Female,Karachi,2023-03-31
O01399,C0241,P0052,2025-06-13,5,20,USB-C Cable,Fashion,44639,223195,44639.0,178556.0,2025-06,24,Female,Faisalabad,2026-06-10
O02879,C0468,P0025,2025-06-13,4,5,Backpack,Fashion,37414,149656,7482.8,142173.2,2025-06,27,Female,Karachi,2024-02-24
O02516,C0193,P0097,2025-06-13,3,0,Wireless Mouse,Home & Kitchen,38278,114834,0.0,114834.0,2025-06,18,Female,Islamabad,2024-03-29
O00252,C0068,P0071,2025-06-14,3,25,Mechanical Keyboard,Electronics,14173,42519,10629.75,31889.25,2025-06,32,Female,Lahore,2024-09-06
O02357,C0093,P0024,2025-06-14,5,15,Phone Case,Accessories,9406,47030,7054.5,39975.5,2025-06,52,Female,Islamabad,2023-11-07
O01617,C0419,P0097,2025-06-14,1,0,Wireless Mouse,Home & Kitchen,38278,38278,0.0,38278.0,2025-06,39,Female,Islamabad,2024-02-14
O02842,C0141,P0026,2025-06-14,5,5,Wireless Mouse,Electronics,45314,226570,11328.5,215241.5,2025-06,60,Male,Faisalabad,2026-03-22
O01767,C0246,P0054,2025-06-14,4,5,Bluetooth Speaker,Fashion,30234,120936,6046.8,114889.2,2025-06,29,Male,Karachi,2024-11-30
O01808,C0462,P0057,2025-06-14,4,10,Wireless Mouse,Accessories,23986,95944,9594.4,86349.6,2025-06,54,Female,Karachi,2025-01-01
O01923,C0016,P0044,2025-06-15,5,10,Mechanical Keyboard,Accessories,12789,63945,6394.5,57550.5,2025-06,20,Male,Rawalpindi,2025-07-27
O01188,C0004,P0004,2025-06-15,5,10,Laptop Stand,Home & Kitchen,16853,84265,8426.5,75838.5,2025-06,60,Female,Rawalpindi,2026-06-21
O00539,C0468,P0044,2025-06-15,2,15,Mechanical Keyboard,Accessories,12789,25578,3836.7,21741.3,2025-06,27,Female,Karachi,2024-02-24
O00548,C0483,P0083,2025-06-15,4,25,Wireless Mouse,Home & Kitchen,39020,156080,39020.0,117060.0,2025-06,43,Male,Karachi,2025-06-29
O02684,C0191,P0018,2025-06-15,5,20,Laptop Stand,Accessories,33674,168370,33674.0,134696.0,2025-06,49,Female,Lahore,2026-04-14
O02478,C0323,P0035,2025-06-15,4,25,Bluetooth Speaker,Fashion,28711,114844,28711.0,86133.0,2025-06,40,Male,Islamabad,2026-04-01
O02966,C0164,P0027,2025-06-15,2,10,Bluetooth Speaker,Electronics,45879,91758,9175.8,82582.2,2025-06,58,Female,Faisalabad,2026-03-14
O00990,C0270,P0035,2025-06-15,1,15,Bluetooth Speaker,Fashion,28711,28711,4306.65,24404.35,2025-06,46,Male,Lahore,2025-11-06
O01483,C0431,P0040,2025-06-15,2,10,Smart Watch,Electronics,13967,27934,2793.4,25140.6,2025-06,56,Female,Multan,2025-06-27
O00412,C0314,P0088,2025-06-16,2,15,Power Bank,Accessories,34584,69168,10375.2,58792.8,2025-06,58,Female,Multan,2025-01-17
O00909,C0341,P0050,2025-06-16,1,15,Wireless Mouse,Electronics,34554,34554,5183.1,29370.9,2025-06,34,Female,Lahore,2025-06-17
O01799,C0411,P0087,2025-06-16,1,20,Bluetooth Speaker,Accessories,36493,36493,7298.6,29194.4,2025-06,22,Female,Islamabad,2023-09-08
O02110,C0361,P0072,2025-06-16,1,10,Headphones,Electronics,11630,11630,1163.0,10467.0,2025-06,29,Female,Islamabad,2023-03-13
O02647,C0228,P0092,2025-06-16,5,10,Headphones,Accessories,7727,38635,3863.5,34771.5,2025-06,57,Male,Lahore,2025-01-30
O02359,C0428,P0026,2025-06-16,3,15,Wireless Mouse,Electronics,45314,135942,20391.3,115550.7,2025-06,43,Female,Faisalabad,2025-10-10
O00209,C0399,P0048,2025-06-16,2,15,Laptop Stand,Accessories,35405,70810,10621.5,60188.5,2025-06,40,Female,Lahore,2025-06-05
O01793,C0075,P0051,2025-06-17,1,10,Headphones,Fashion,48978,48978,4897.8,44080.2,2025-06,35,Female,Multan,2023-05-11
O02238,C0228,P0081,2025-06-17,3,15,Mechanical Keyboard,Fashion,16893,50679,7601.85,43077.15,2025-06,57,Male,Lahore,2025-01-30
O00227,C0289,P0058,2025-06-17,1,10,Wireless Mouse,Accessories,19243,19243,1924.3,17318.7,2025-06,29,Female,Islamabad,2024-04-04
O00481,C0223,P0100,2025-06-17,3,25,Smart Watch,Accessories,42922,128766,32191.5,96574.5,2025-06,37,Female,Multan,2024-11-30
O02980,C0145,P0009,2025-06-18,3,15,Backpack,Electronics,44290,132870,19930.5,112939.5,2025-06,49,Female,Lahore,2026-06-20
O01845,C0349,P0047,2025-06-18,3,15,Bluetooth Speaker,Accessories,23671,71013,10651.95,60361.05,2025-06,43,Female,Lahore,2024-06-04
O00001,C0242,P0092,2025-06-18,3,5,Headphones,Accessories,7727,23181,1159.05,22021.95,2025-06,33,Female,Lahore,2023-01-17
O02319,C0242,P0055,2025-06-18,4,25,Bluetooth Speaker,Electronics,7552,30208,7552.0,22656.0,2025-06,33,Female,Lahore,2023-01-17
O01082,C0109,P0056,2025-06-18,3,10,Bluetooth Speaker,Home & Kitchen,4154,12462,1246.2,11215.8,2025-06,54,Male,Karachi,2024-11-27
O00133,C0118,P0039,2025-06-18,5,25,Wireless Mouse,Accessories,7394,36970,9242.5,27727.5,2025-06,31,Female,Rawalpindi,2024-07-30
O02738,C0402,P0096,2025-06-18,4,25,Mechanical Keyboard,Accessories,645,2580,645.0,1935.0,2025-06,18,Female,Rawalpindi,2024-09-26
O00910,C0384,P0037,2025-06-18,1,10,Bluetooth Speaker,Fashion,36878,36878,3687.8,33190.2,2025-06,49,Female,Karachi,2023-01-02
O01708,C0416,P0077,2025-06-19,3,0,Mechanical Keyboard,Fashion,23753,71259,0.0,71259.0,2025-06,43,Male,Karachi,2023-07-27
O02883,C0177,P0058,2025-06-19,5,0,Wireless Mouse,Accessories,19243,96215,0.0,96215.0,2025-06,49,Male,Islamabad,2026-05-03
O02424,C0039,P0024,2025-06-19,2,5,Phone Case,Accessories,9406,18812,940.6,17871.4,2025-06,35,Female,Multan,2025-09-02
O02488,C0346,P0039,2025-06-19,1,20,Wireless Mouse,Accessories,7394,7394,1478.8,5915.2,2025-06,56,Female,Karachi,2023-07-25
O00212,C0066,P0049,2025-06-19,1,10,Phone Case,Electronics,21329,21329,2132.9,19196.1,2025-06,31,Female,Lahore,2025-09-21
O00809,C0356,P0022,2025-06-20,2,5,Power Bank,Accessories,22127,44254,2212.7,42041.3,2025-06,37,Male,Rawalpindi,2024-01-21
O02766,C0336,P0059,2025-06-20,1,5,USB-C Cable,Fashion,48868,48868,2443.4,46424.6,2025-06,19,Female,Lahore,2024-01-22
O00497,C0169,P0019,2025-06-20,1,20,Headphones,Accessories,42474,42474,8494.8,33979.2,2025-06,44,Male,Islamabad,2026-02-17
O01206,C0039,P0057,2025-06-20,4,15,Wireless Mouse,Accessories,23986,95944,14391.6,81552.4,2025-06,35,Female,Multan,2025-09-02
O02560,C0046,P0067,2025-06-20,1,20,Mechanical Keyboard,Fashion,42868,42868,8573.6,34294.4,2025-06,37,Female,Multan,2025-02-16
O02526,C0139,P0027,2025-06-20,4,25,Bluetooth Speaker,Electronics,45879,183516,45879.0,137637.0,2025-06,56,Male,Faisalabad,2025-12-21
O00296,C0099,P0078,2025-06-20,3,10,Phone Case,Home & Kitchen,9935,29805,2980.5,26824.5,2025-06,58,Male,Lahore,2025-01-28
O00865,C0338,P0053,2025-06-21,2,0,Power Bank,Electronics,49213,98426,0.0,98426.0,2025-06,59,Male,Multan,2025-08-17
O00825,C0174,P0024,2025-06-21,5,0,Phone Case,Accessories,9406,47030,0.0,47030.0,2025-06,41,Male,Karachi,2025-08-09
O01073,C0032,P0064,2025-06-21,3,20,Smart Watch,Home & Kitchen,42935,128805,25761.0,103044.0,2025-06,32,Male,Multan,2023-11-26
O02166,C0303,P0025,2025-06-21,5,10,Backpack,Fashion,37414,187070,18707.0,168363.0,2025-06,50,Male,Lahore,2023-02-08
O00975,C0020,P0024,2025-06-22,3,0,Phone Case,Accessories,9406,28218,0.0,28218.0,2025-06,47,Male,Rawalpindi,2023-05-11
O02673,C0324,P0081,2025-06-22,3,5,Mechanical Keyboard,Fashion,16893,50679,2533.95,48145.05,2025-06,50,Female,Multan,2025-10-05
O01307,C0432,P0054,2025-06-22,2,25,Bluetooth Speaker,Fashion,30234,60468,15117.0,45351.0,2025-06,53,Male,Multan,2026-06-20
O02748,C0270,P0081,2025-06-22,3,20,Mechanical Keyboard,Fashion,16893,50679,10135.8,40543.2,2025-06,46,Male,Lahore,2025-11-06
O00517,C0288,P0051,2025-06-22,4,15,Headphones,Fashion,48978,195912,29386.8,166525.2,2025-06,50,Female,Islamabad,2024-01-16
O00982,C0143,P0067,2025-06-23,5,10,Mechanical Keyboard,Fashion,42868,214340,21434.0,192906.0,2025-06,53,Male,Islamabad,2025-02-10
O00647,C0500,P0010,2025-06-23,2,0,Backpack,Fashion,8734,17468,0.0,17468.0,2025-06,53,Male,Multan,2023-01-14
O01027,C0476,P0088,2025-06-23,2,5,Power Bank,Accessories,34584,69168,3458.4,65709.6,2025-06,40,Male,Multan,2025-01-24
O02885,C0071,P0029,2025-06-23,5,25,Smart Watch,Electronics,49792,248960,62240.0,186720.0,2025-06,40,Male,Rawalpindi,2025-09-21
O02967,C0083,P0053,2025-06-24,4,25,Power Bank,Electronics,49213,196852,49213.0,147639.0,2025-06,42,Male,Karachi,2023-02-08
O02938,C0065,P0046,2025-06-24,3,25,Backpack,Accessories,44096,132288,33072.0,99216.0,2025-06,53,Male,Karachi,2025-07-23
O00746,C0319,P0018,2025-06-25,5,5,Laptop Stand,Accessories,33674,168370,8418.5,159951.5,2025-06,52,Female,Faisalabad,2023-03-25
O00787,C0493,P0062,2025-06-25,4,5,Bluetooth Speaker,Fashion,6941,27764,1388.2,26375.8,2025-06,53,Male,Rawalpindi,2024-01-10
O02083,C0273,P0092,2025-06-25,2,20,Headphones,Accessories,7727,15454,3090.8,12363.2,2025-06,19,Female,Faisalabad,2024-02-05
O01700,C0342,P0083,2025-06-25,3,5,Wireless Mouse,Home & Kitchen,39020,117060,5853.0,111207.0,2025-06,57,Female,Multan,2025-07-04
O02553,C0221,P0018,2025-06-25,4,5,Laptop Stand,Accessories,33674,134696,6734.8,127961.2,2025-06,20,Male,Lahore,2023-07-10
O01824,C0337,P0001,2025-06-25,5,15,Smart Watch,Electronics,5260,26300,3945.0,22355.0,2025-06,44,Female,Lahore,2023-12-15
O01545,C0419,P0031,2025-06-26,2,5,Backpack,Electronics,47381,94762,4738.1,90023.9,2025-06,39,Female,Islamabad,2024-02-14
O01677,C0196,P0035,2025-06-26,2,25,Bluetooth Speaker,Fashion,28711,57422,14355.5,43066.5,2025-06,43,Female,Multan,2025-03-06
O02053,C0177,P0020,2025-06-26,4,15,Phone Case,Home & Kitchen,4931,19724,2958.6,16765.4,2025-06,49,Male,Islamabad,2026-05-03
O01395,C0449,P0062,2025-06-26,4,20,Bluetooth Speaker,Fashion,6941,27764,5552.8,22211.2,2025-06,41,Male,Multan,2023-02-04
O00088,C0342,P0079,2025-06-26,1,0,Headphones,Accessories,29052,29052,0.0,29052.0,2025-06,57,Female,Multan,2025-07-04
O01928,C0162,P0085,2025-06-27,5,25,Smart Watch,Accessories,31901,159505,39876.25,119628.75,2025-06,44,Male,Lahore,2025-04-29
O00433,C0416,P0006,2025-06-27,1,15,Headphones,Accessories,28098,28098,4214.7,23883.3,2025-06,43,Male,Karachi,2023-07-27
O00737,C0432,P0063,2025-06-27,1,20,Mechanical Keyboard,Electronics,25111,25111,5022.2,20088.8,2025-06,53,Male,Multan,2026-06-20
O02421,C0094,P0031,2025-06-27,1,20,Backpack,Electronics,47381,47381,9476.2,37904.8,2025-06,52,Female,Karachi,2025-01-08
O00135,C0468,P0097,2025-06-27,3,0,Wireless Mouse,Home & Kitchen,38278,114834,0.0,114834.0,2025-06,27,Female,Karachi,2024-02-24
O02495,C0468,P0069,2025-06-27,5,0,Headphones,Fashion,5995,29975,0.0,29975.0,2025-06,27,Female,Karachi,2024-02-24
O02763,C0193,P0028,2025-06-27,4,5,Laptop Stand,Electronics,13576,54304,2715.2,51588.8,2025-06,18,Female,Islamabad,2024-03-29
O01941,C0290,P0045,2025-06-28,5,25,Mechanical Keyboard,Fashion,45476,227380,56845.0,170535.0,2025-06,39,Male,Rawalpindi,2025-10-27
O00452,C0277,P0061,2025-06-28,5,0,Laptop Stand,Electronics,9136,45680,0.0,45680.0,2025-06,53,Male,Rawalpindi,2024-04-18
O00407,C0048,P0079,2025-06-28,1,0,Headphones,Accessories,29052,29052,0.0,29052.0,2025-06,24,Male,Islamabad,2024-12-11
O02872,C0325,P0016,2025-06-28,1,10,Smart Watch,Electronics,39838,39838,3983.8,35854.2,2025-06,20,Female,Multan,2025-03-03
O00582,C0258,P0066,2025-06-28,4,0,Backpack,Fashion,35066,140264,0.0,140264.0,2025-06,50,Female,Lahore,2024-07-25
O02256,C0489,P0008,2025-06-29,5,0,Wireless Mouse,Electronics,47319,236595,0.0,236595.0,2025-06,46,Male,Faisalabad,2025-07-28
O00494,C0324,P0068,2025-06-29,4,5,Backpack,Electronics,22175,88700,4435.0,84265.0,2025-06,50,Female,Multan,2025-10-05
O00065,C0070,P0058,2025-06-29,1,20,Wireless Mouse,Accessories,19243,19243,3848.6,15394.4,2025-06,31,Male,Faisalabad,2026-03-21
O00069,C0269,P0037,2025-06-29,2,0,Bluetooth Speaker,Fashion,36878,73756,0.0,73756.0,2025-06,42,Male,Karachi,2023-07-11
O01407,C0312,P0057,2025-06-29,4,5,Wireless Mouse,Accessories,23986,95944,4797.2,91146.8,2025-06,23,Female,Rawalpindi,2025-11-11
O00770,C0075,P0032,2025-06-30,4,0,Power Bank,Electronics,46913,187652,0.0,187652.0,2025-06,35,Female,Multan,2023-05-11
O01555,C0049,P0021,2025-06-30,2,0,USB-C Cable,Accessories,28264,56528,0.0,56528.0,2025-06,25,Male,Islamabad,2024-02-05
O02450,C0055,P0034,2025-06-30,2,10,Backpack,Electronics,7651,15302,1530.2,13771.8,2025-06,21,Female,Rawalpindi,2024-09-20
O00565,C0360,P0050,2025-06-30,3,15,Wireless Mouse,Electronics,34554,103662,15549.3,88112.7,2025-06,31,Male,Karachi,2024-12-21
O00175,C0154,P0042,2025-06-30,1,5,Power Bank,Accessories,49757,49757,2487.85,47269.15,2025-06,37,Male,Islamabad,2023-02-23
O00766,C0198,P0039,2025-06-30,5,0,Wireless Mouse,Accessories,7394,36970,0.0,36970.0,2025-06,23,Female,Faisalabad,2024-08-15
O01484,C0215,P0050,2025-06-30,3,15,Wireless Mouse,Electronics,34554,103662,15549.3,88112.7,2025-06,46,Female,Islamabad,2025-03-26
O01167,C0381,P0061,2025-07-01,5,5,Laptop Stand,Electronics,9136,45680,2284.0,43396.0,2025-07,56,Male,Multan,2024-12-14
O01147,C0307,P0017,2025-07-01,3,25,Smart Watch,Electronics,25096,75288,18822.0,56466.0,2025-07,52,Female,Karachi,2026-01-03
O01500,C0412,P0038,2025-07-01,5,15,Wireless Mouse,Home & Kitchen,43152,215760,32364.0,183396.0,2025-07,39,Male,Rawalpindi,2024-01-18
O00110,C0303,P0001,2025-07-01,5,15,Smart Watch,Electronics,5260,26300,3945.0,22355.0,2025-07,50,Male,Lahore,2023-02-08
O00581,C0466,P0077,2025-07-01,3,10,Mechanical Keyboard,Fashion,23753,71259,7125.9,64133.1,2025-07,50,Female,Rawalpindi,2025-08-04
O00185,C0316,P0047,2025-07-01,2,25,Bluetooth Speaker,Accessories,23671,47342,11835.5,35506.5,2025-07,41,Male,Faisalabad,2023-01-21
O01336,C0301,P0013,2025-07-02,5,5,Bluetooth Speaker,Accessories,16673,83365,4168.25,79196.75,2025-07,50,Female,Islamabad,2026-01-27
O02171,C0165,P0038,2025-07-02,2,20,Wireless Mouse,Home & Kitchen,43152,86304,17260.8,69043.2,2025-07,20,Female,Islamabad,2023-08-04
O02518,C0278,P0071,2025-07-02,2,15,Mechanical Keyboard,Electronics,14173,28346,4251.9,24094.1,2025-07,50,Male,Karachi,2026-02-17
O02856,C0029,P0076,2025-07-02,5,0,Laptop Stand,Electronics,34568,172840,0.0,172840.0,2025-07,59,Male,Islamabad,2025-03-27
O00522,C0010,P0042,2025-07-03,5,0,Power Bank,Accessories,49757,248785,0.0,248785.0,2025-07,28,Female,Rawalpindi,2023-03-14
O01715,C0383,P0051,2025-07-03,5,25,Headphones,Fashion,48978,244890,61222.5,183667.5,2025-07,23,Male,Lahore,2023-08-30
O00334,C0470,P0029,2025-07-03,1,10,Smart Watch,Electronics,49792,49792,4979.2,44812.8,2025-07,46,Female,Lahore,2026-02-14
O02535,C0109,P0070,2025-07-03,5,15,Smart Watch,Home & Kitchen,43168,215840,32376.0,183464.0,2025-07,54,Male,Karachi,2024-11-27
O02688,C0081,P0023,2025-07-03,5,10,Phone Case,Home & Kitchen,39810,199050,19905.0,179145.0,2025-07,32,Female,Karachi,2025-09-09
O01990,C0408,P0071,2025-07-05,5,5,Mechanical Keyboard,Electronics,14173,70865,3543.25,67321.75,2025-07,18,Male,Lahore,2024-12-16
O00091,C0215,P0003,2025-07-05,4,25,Backpack,Fashion,22136,88544,22136.0,66408.0,2025-07,46,Female,Islamabad,2025-03-26
O00934,C0177,P0090,2025-07-05,3,0,Wireless Mouse,Fashion,40075,120225,0.0,120225.0,2025-07,49,Male,Islamabad,2026-05-03
O00952,C0144,P0042,2025-07-05,1,0,Power Bank,Accessories,49757,49757,0.0,49757.0,2025-07,30,Female,Multan,2025-06-03
O02540,C0154,P0088,2025-07-05,5,20,Power Bank,Accessories,34584,172920,34584.0,138336.0,2025-07,37,Male,Islamabad,2023-02-23
O01102,C0404,P0099,2025-07-05,1,15,Smart Watch,Electronics,3540,3540,531.0,3009.0,2025-07,51,Male,Faisalabad,2025-02-12
O01690,C0496,P0013,2025-07-05,4,20,Bluetooth Speaker,Accessories,16673,66692,13338.4,53353.6,2025-07,26,Female,Islamabad,2025-10-01
O02279,C0288,P0085,2025-07-05,4,25,Smart Watch,Accessories,31901,127604,31901.0,95703.0,2025-07,50,Female,Islamabad,2024-01-16
O02349,C0202,P0018,2025-07-06,4,20,Laptop Stand,Accessories,33674,134696,26939.2,107756.8,2025-07,34,Female,Faisalabad,2023-11-14
O00573,C0086,P0094,2025-07-06,3,5,Phone Case,Home & Kitchen,36541,109623,5481.15,104141.85,2025-07,41,Female,Multan,2025-07-09
O01773,C0184,P0026,2025-07-06,5,15,Wireless Mouse,Electronics,45314,226570,33985.5,192584.5,2025-07,54,Female,Faisalabad,2026-06-03
O02196,C0346,P0098,2025-07-06,3,0,Phone Case,Electronics,16535,49605,0.0,49605.0,2025-07,56,Female,Karachi,2023-07-25
O01159,C0108,P0019,2025-07-06,2,25,Headphones,Accessories,42474,84948,21237.0,63711.0,2025-07,41,Male,Karachi,2025-01-17
O02368,C0050,P0090,2025-07-06,3,0,Wireless Mouse,Fashion,40075,120225,0.0,120225.0,2025-07,52,Female,Faisalabad,2025-09-07
O00126,C0144,P0032,2025-07-07,1,25,Power Bank,Electronics,46913,46913,11728.25,35184.75,2025-07,30,Female,Multan,2025-06-03
O00754,C0313,P0062,2025-07-07,4,0,Bluetooth Speaker,Fashion,6941,27764,0.0,27764.0,2025-07,52,Female,Multan,2025-04-28
O02895,C0074,P0090,2025-07-07,2,0,Wireless Mouse,Fashion,40075,80150,0.0,80150.0,2025-07,33,Male,Lahore,2026-01-26
O02859,C0319,P0063,2025-07-07,2,20,Mechanical Keyboard,Electronics,25111,50222,10044.4,40177.6,2025-07,52,Female,Faisalabad,2023-03-25
O00781,C0461,P0080,2025-07-07,5,25,Smart Watch,Accessories,37884,189420,47355.0,142065.0,2025-07,60,Male,Islamabad,2024-05-30
O00885,C0432,P0078,2025-07-07,4,5,Phone Case,Home & Kitchen,9935,39740,1987.0,37753.0,2025-07,53,Male,Multan,2026-06-20
O01865,C0303,P0036,2025-07-07,3,20,Bluetooth Speaker,Electronics,27617,82851,16570.2,66280.8,2025-07,50,Male,Lahore,2023-02-08
O00613,C0128,P0053,2025-07-07,2,15,Power Bank,Electronics,49213,98426,14763.9,83662.1,2025-07,32,Male,Karachi,2024-08-07
O00567,C0135,P0059,2025-07-08,3,15,USB-C Cable,Fashion,48868,146604,21990.6,124613.4,2025-07,21,Female,Multan,2025-07-27
O00615,C0111,P0088,2025-07-08,5,5,Power Bank,Accessories,34584,172920,8646.0,164274.0,2025-07,57,Female,Multan,2026-06-16
O02481,C0117,P0043,2025-07-08,5,5,Laptop Stand,Home & Kitchen,43141,215705,10785.25,204919.75,2025-07,54,Male,Rawalpindi,2024-01-24
O00153,C0038,P0057,2025-07-08,3,15,Wireless Mouse,Accessories,23986,71958,10793.7,61164.3,2025-07,56,Female,Faisalabad,2024-01-09
O02876,C0453,P0062,2025-07-08,1,20,Bluetooth Speaker,Fashion,6941,6941,1388.2,5552.8,2025-07,49,Male,Karachi,2023-12-19
O02549,C0399,P0061,2025-07-08,3,15,Laptop Stand,Electronics,9136,27408,4111.2,23296.8,2025-07,40,Female,Lahore,2025-06-05
O02310,C0102,P0083,2025-07-08,5,5,Wireless Mouse,Home & Kitchen,39020,195100,9755.0,185345.0,2025-07,26,Male,Faisalabad,2025-03-24
O01280,C0142,P0025,2025-07-09,4,0,Backpack,Fashion,37414,149656,0.0,149656.0,2025-07,46,Male,Islamabad,2024-07-17
O01840,C0287,P0018,2025-07-10,4,20,Laptop Stand,Accessories,33674,134696,26939.2,107756.8,2025-07,34,Male,Karachi,2025-08-05
O01316,C0255,P0057,2025-07-10,5,10,Wireless Mouse,Accessories,23986,119930,11993.0,107937.0,2025-07,20,Male,Multan,2026-06-10
O02120,C0386,P0064,2025-07-10,1,0,Smart Watch,Home & Kitchen,42935,42935,0.0,42935.0,2025-07,52,Male,Islamabad,2025-03-11
O02954,C0098,P0022,2025-07-10,2,0,Power Bank,Accessories,22127,44254,0.0,44254.0,2025-07,56,Female,Faisalabad,2023-09-08
O02691,C0088,P0077,2025-07-11,2,10,Mechanical Keyboard,Fashion,23753,47506,4750.6,42755.4,2025-07,25,Female,Multan,2026-03-30
O02269,C0104,P0074,2025-07-11,2,20,Laptop Stand,Electronics,15722,31444,6288.8,25155.2,2025-07,29,Female,Rawalpindi,2025-08-15
O02191,C0171,P0045,2025-07-11,2,20,Mechanical Keyboard,Fashion,45476,90952,18190.4,72761.6,2025-07,54,Male,Lahore,2026-01-17
O01515,C0202,P0057,2025-07-11,5,25,Wireless Mouse,Accessories,23986,119930,29982.5,89947.5,2025-07,34,Female,Faisalabad,2023-11-14
O01811,C0092,P0091,2025-07-11,2,15,Headphones,Electronics,36951,73902,11085.3,62816.7,2025-07,25,Male,Islamabad,2025-06-12
O01415,C0190,P0020,2025-07-11,2,20,Phone Case,Home & Kitchen,4931,9862,1972.4,7889.6,2025-07,54,Male,Lahore,2026-06-28
O00987,C0214,P0027,2025-07-11,1,25,Bluetooth Speaker,Electronics,45879,45879,11469.75,34409.25,2025-07,33,Female,Lahore,2024-07-24
O01704,C0435,P0090,2025-07-12,3,15,Wireless Mouse,Fashion,40075,120225,18033.75,102191.25,2025-07,54,Male,Rawalpindi,2025-01-19
O01621,C0475,P0092,2025-07-12,2,5,Headphones,Accessories,7727,15454,772.7,14681.3,2025-07,52,Female,Rawalpindi,2023-10-22
O00285,C0382,P0077,2025-07-12,4,10,Mechanical Keyboard,Fashion,23753,95012,9501.2,85510.8,2025-07,21,Female,Lahore,2025-07-24
O00322,C0231,P0073,2025-07-12,3,10,Power Bank,Electronics,23168,69504,6950.4,62553.6,2025-07,57,Male,Lahore,2024-03-01
O00417,C0203,P0028,2025-07-13,2,15,Laptop Stand,Electronics,13576,27152,4072.8,23079.2,2025-07,55,Female,Faisalabad,2023-12-15
O02192,C0409,P0049,2025-07-13,2,15,Phone Case,Electronics,21329,42658,6398.7,36259.3,2025-07,33,Male,Faisalabad,2026-01-12
O00090,C0130,P0055,2025-07-13,5,25,Bluetooth Speaker,Electronics,7552,37760,9440.0,28320.0,2025-07,59,Female,Rawalpindi,2025-03-27
O02809,C0012,P0018,2025-07-14,4,15,Laptop Stand,Accessories,33674,134696,20204.4,114491.6,2025-07,41,Male,Islamabad,2023-10-23
O00994,C0168,P0026,2025-07-14,5,25,Wireless Mouse,Electronics,45314,226570,56642.5,169927.5,2025-07,25,Female,Multan,2025-02-19
O02492,C0173,P0081,2025-07-14,2,20,Mechanical Keyboard,Fashion,16893,33786,6757.2,27028.8,2025-07,59,Female,Faisalabad,2024-08-02
O01393,C0380,P0013,2025-07-14,3,5,Bluetooth Speaker,Accessories,16673,50019,2500.95,47518.05,2025-07,22,Female,Faisalabad,2024-11-03
O00363,C0338,P0059,2025-07-15,5,25,USB-C Cable,Fashion,48868,244340,61085.0,183255.0,2025-07,59,Male,Multan,2025-08-17
O00365,C0173,P0040,2025-07-15,3,25,Smart Watch,Electronics,13967,41901,10475.25,31425.75,2025-07,59,Female,Faisalabad,2024-08-02
O01601,C0156,P0071,2025-07-15,1,15,Mechanical Keyboard,Electronics,14173,14173,2125.95,12047.05,2025-07,28,Female,Multan,2024-12-27
O00441,C0087,P0002,2025-07-15,4,25,Headphones,Home & Kitchen,33279,133116,33279.0,99837.0,2025-07,18,Male,Faisalabad,2024-12-22
O02124,C0166,P0096,2025-07-15,1,10,Mechanical Keyboard,Accessories,645,645,64.5,580.5,2025-07,56,Male,Islamabad,2023-01-03
O01382,C0214,P0096,2025-07-16,1,20,Mechanical Keyboard,Accessories,645,645,129.0,516.0,2025-07,33,Female,Lahore,2024-07-24
O00010,C0149,P0023,2025-07-16,1,15,Phone Case,Home & Kitchen,39810,39810,5971.5,33838.5,2025-07,19,Male,Faisalabad,2023-08-06
O02753,C0216,P0051,2025-07-16,1,0,Headphones,Fashion,48978,48978,0.0,48978.0,2025-07,20,Male,Islamabad,2025-02-19
O01291,C0476,P0010,2025-07-16,1,5,Backpack,Fashion,8734,8734,436.7,8297.3,2025-07,40,Male,Multan,2025-01-24
O02611,C0422,P0031,2025-07-16,1,10,Backpack,Electronics,47381,47381,4738.1,42642.9,2025-07,45,Female,Lahore,2026-02-24
O00167,C0249,P0006,2025-07-16,4,20,Headphones,Accessories,28098,112392,22478.4,89913.6,2025-07,49,Male,Faisalabad,2023-12-31
O00336,C0455,P0071,2025-07-17,2,0,Mechanical Keyboard,Electronics,14173,28346,0.0,28346.0,2025-07,37,Male,Lahore,2025-05-11
O01140,C0190,P0020,2025-07-17,4,25,Phone Case,Home & Kitchen,4931,19724,4931.0,14793.0,2025-07,54,Male,Lahore,2026-06-28
O02378,C0252,P0096,2025-07-17,4,15,Mechanical Keyboard,Accessories,645,2580,387.0,2193.0,2025-07,52,Female,Multan,2024-04-11
O00884,C0143,P0097,2025-07-17,1,5,Wireless Mouse,Home & Kitchen,38278,38278,1913.9,36364.1,2025-07,53,Male,Islamabad,2025-02-10
O01007,C0097,P0001,2025-07-17,2,10,Smart Watch,Electronics,5260,10520,1052.0,9468.0,2025-07,59,Male,Lahore,2024-02-18
O01723,C0385,P0042,2025-07-17,4,0,Power Bank,Accessories,49757,199028,0.0,199028.0,2025-07,47,Male,Faisalabad,2023-08-13
O00650,C0234,P0015,2025-07-18,3,25,Wireless Mouse,Home & Kitchen,13678,41034,10258.5,30775.5,2025-07,45,Male,Rawalpindi,2023-03-23
O02322,C0370,P0083,2025-07-18,3,15,Wireless Mouse,Home & Kitchen,39020,117060,17559.0,99501.0,2025-07,42,Female,Rawalpindi,2025-02-17
O01354,C0307,P0016,2025-07-18,5,25,Smart Watch,Electronics,39838,199190,49797.5,149392.5,2025-07,52,Female,Karachi,2026-01-03
O00220,C0256,P0071,2025-07-18,5,20,Mechanical Keyboard,Electronics,14173,70865,14173.0,56692.0,2025-07,37,Male,Faisalabad,2026-06-01
O02063,C0218,P0055,2025-07-18,2,10,Bluetooth Speaker,Electronics,7552,15104,1510.4,13593.6,2025-07,53,Male,Rawalpindi,2024-07-10
O02618,C0342,P0089,2025-07-19,5,5,Mechanical Keyboard,Electronics,45605,228025,11401.25,216623.75,2025-07,57,Female,Multan,2025-07-04
O00405,C0130,P0053,2025-07-19,4,10,Power Bank,Electronics,49213,196852,19685.2,177166.8,2025-07,59,Female,Rawalpindi,2025-03-27
O00653,C0054,P0037,2025-07-19,3,15,Bluetooth Speaker,Fashion,36878,110634,16595.1,94038.9,2025-07,57,Male,Rawalpindi,2023-12-01
O00179,C0262,P0034,2025-07-19,4,5,Backpack,Electronics,7651,30604,1530.2,29073.8,2025-07,53,Male,Karachi,2025-09-15
O01561,C0294,P0034,2025-07-19,3,0,Backpack,Electronics,7651,22953,0.0,22953.0,2025-07,55,Male,Karachi,2025-05-28
O01065,C0107,P0011,2025-07-19,4,20,Mechanical Keyboard,Fashion,26019,104076,20815.2,83260.8,2025-07,40,Male,Karachi,2023-09-02
O02792,C0328,P0088,2025-07-19,1,5,Power Bank,Accessories,34584,34584,1729.2,32854.8,2025-07,59,Male,Faisalabad,2023-07-27
O01931,C0144,P0095,2025-07-20,5,25,Mechanical Keyboard,Accessories,23884,119420,29855.0,89565.0,2025-07,30,Female,Multan,2025-06-03
O02760,C0433,P0015,2025-07-20,4,10,Wireless Mouse,Home & Kitchen,13678,54712,5471.2,49240.8,2025-07,50,Female,Islamabad,2023-05-02
O01827,C0225,P0050,2025-07-20,4,25,Wireless Mouse,Electronics,34554,138216,34554.0,103662.0,2025-07,24,Female,Multan,2023-05-13
O00340,C0183,P0006,2025-07-20,5,0,Headphones,Accessories,28098,140490,0.0,140490.0,2025-07,20,Male,Faisalabad,2025-08-12
O01661,C0315,P0067,2025-07-21,3,25,Mechanical Keyboard,Fashion,42868,128604,32151.0,96453.0,2025-07,54,Female,Rawalpindi,2025-09-15
O02996,C0379,P0014,2025-07-21,4,10,Bluetooth Speaker,Electronics,27487,109948,10994.8,98953.2,2025-07,25,Female,Multan,2023-04-02
O01820,C0329,P0004,2025-07-21,3,0,Laptop Stand,Home & Kitchen,16853,50559,0.0,50559.0,2025-07,48,Female,Faisalabad,2025-12-19
O01116,C0211,P0006,2025-07-21,5,15,Headphones,Accessories,28098,140490,21073.5,119416.5,2025-07,50,Female,Islamabad,2026-04-06
O01682,C0077,P0020,2025-07-21,3,25,Phone Case,Home & Kitchen,4931,14793,3698.25,11094.75,2025-07,43,Female,Islamabad,2026-04-09
O02497,C0091,P0064,2025-07-22,5,10,Smart Watch,Home & Kitchen,42935,214675,21467.5,193207.5,2025-07,34,Female,Faisalabad,2026-02-05
O01726,C0280,P0038,2025-07-22,5,5,Wireless Mouse,Home & Kitchen,43152,215760,10788.0,204972.0,2025-07,50,Male,Islamabad,2023-11-02
O01681,C0285,P0084,2025-07-22,3,5,Headphones,Accessories,10352,31056,1552.8,29503.2,2025-07,24,Male,Lahore,2025-02-01
O02331,C0434,P0072,2025-07-22,3,20,Headphones,Electronics,11630,34890,6978.0,27912.0,2025-07,47,Female,Multan,2026-03-16
O02641,C0185,P0016,2025-07-22,3,10,Smart Watch,Electronics,39838,119514,11951.4,107562.6,2025-07,34,Female,Islamabad,2025-09-10
O00591,C0499,P0040,2025-07-22,4,15,Smart Watch,Electronics,13967,55868,8380.2,47487.8,2025-07,52,Male,Multan,2024-01-16
O00702,C0003,P0065,2025-07-23,3,5,Mechanical Keyboard,Accessories,12649,37947,1897.35,36049.65,2025-07,32,Male,Multan,2026-03-17
O00850,C0336,P0082,2025-07-23,4,15,Bluetooth Speaker,Fashion,11117,44468,6670.2,37797.8,2025-07,19,Female,Lahore,2024-01-22
O01465,C0109,P0012,2025-07-23,2,10,USB-C Cable,Home & Kitchen,27466,54932,5493.2,49438.8,2025-07,54,Male,Karachi,2024-11-27
O02436,C0074,P0008,2025-07-23,1,25,Wireless Mouse,Electronics,47319,47319,11829.75,35489.25,2025-07,33,Male,Lahore,2026-01-26
O00416,C0284,P0033,2025-07-23,5,10,Laptop Stand,Electronics,6512,32560,3256.0,29304.0,2025-07,25,Male,Islamabad,2024-12-16
O01552,C0357,P0028,2025-07-23,3,10,Laptop Stand,Electronics,13576,40728,4072.8,36655.2,2025-07,18,Female,Lahore,2024-08-06
O02210,C0181,P0080,2025-07-23,3,0,Smart Watch,Accessories,37884,113652,0.0,113652.0,2025-07,56,Male,Karachi,2024-06-04
O00122,C0396,P0088,2025-07-23,2,5,Power Bank,Accessories,34584,69168,3458.4,65709.6,2025-07,43,Male,Rawalpindi,2023-05-23
O02709,C0169,P0080,2025-07-23,3,10,Smart Watch,Accessories,37884,113652,11365.2,102286.8,2025-07,44,Male,Islamabad,2026-02-17
O00362,C0181,P0008,2025-07-23,2,15,Wireless Mouse,Electronics,47319,94638,14195.7,80442.3,2025-07,56,Male,Karachi,2024-06-04
O02016,C0479,P0025,2025-07-24,4,25,Backpack,Fashion,37414,149656,37414.0,112242.0,2025-07,25,Male,Lahore,2024-09-28
O02489,C0206,P0098,2025-07-24,1,5,Phone Case,Electronics,16535,16535,826.75,15708.25,2025-07,51,Female,Rawalpindi,2025-11-29
O02379,C0048,P0086,2025-07-24,5,15,Power Bank,Accessories,6795,33975,5096.25,28878.75,2025-07,24,Male,Islamabad,2024-12-11
O01380,C0422,P0002,2025-07-24,4,5,Headphones,Home & Kitchen,33279,133116,6655.8,126460.2,2025-07,45,Female,Lahore,2026-02-24
O01057,C0417,P0069,2025-07-24,1,25,Headphones,Fashion,5995,5995,1498.75,4496.25,2025-07,33,Male,Lahore,2025-06-18
O00260,C0141,P0015,2025-07-25,2,5,Wireless Mouse,Home & Kitchen,13678,27356,1367.8,25988.2,2025-07,60,Male,Faisalabad,2026-03-22
O01259,C0124,P0077,2025-07-25,5,0,Mechanical Keyboard,Fashion,23753,118765,0.0,118765.0,2025-07,56,Male,Lahore,2023-10-20
O00249,C0452,P0080,2025-07-26,4,10,Smart Watch,Accessories,37884,151536,15153.6,136382.4,2025-07,45,Female,Faisalabad,2026-05-15
O00726,C0152,P0032,2025-07-26,5,0,Power Bank,Electronics,46913,234565,0.0,234565.0,2025-07,45,Male,Lahore,2024-05-20
O00204,C0336,P0098,2025-07-26,5,15,Phone Case,Electronics,16535,82675,12401.25,70273.75,2025-07,19,Female,Lahore,2024-01-22
O02360,C0493,P0098,2025-07-26,1,10,Phone Case,Electronics,16535,16535,1653.5,14881.5,2025-07,53,Male,Rawalpindi,2024-01-10
O02787,C0376,P0045,2025-07-26,1,20,Mechanical Keyboard,Fashion,45476,45476,9095.2,36380.8,2025-07,60,Female,Rawalpindi,2025-12-05
O02165,C0044,P0066,2025-07-26,5,20,Backpack,Fashion,35066,175330,35066.0,140264.0,2025-07,43,Female,Multan,2024-05-03
O01479,C0174,P0004,2025-07-27,4,15,Laptop Stand,Home & Kitchen,16853,67412,10111.8,57300.2,2025-07,41,Male,Karachi,2025-08-09
O01758,C0117,P0054,2025-07-27,4,15,Bluetooth Speaker,Fashion,30234,120936,18140.4,102795.6,2025-07,54,Male,Rawalpindi,2024-01-24
O01855,C0464,P0048,2025-07-27,4,5,Laptop Stand,Accessories,35405,141620,7081.0,134539.0,2025-07,20,Female,Islamabad,2025-08-13
O02345,C0086,P0036,2025-07-27,3,10,Bluetooth Speaker,Electronics,27617,82851,8285.1,74565.9,2025-07,41,Female,Multan,2025-07-09
O02783,C0452,P0048,2025-07-27,1,0,Laptop Stand,Accessories,35405,35405,0.0,35405.0,2025-07,45,Female,Faisalabad,2026-05-15
O02705,C0313,P0061,2025-07-27,1,5,Laptop Stand,Electronics,9136,9136,456.8,8679.2,2025-07,52,Female,Multan,2025-04-28
O00640,C0219,P0050,2025-07-27,3,0,Wireless Mouse,Electronics,34554,103662,0.0,103662.0,2025-07,36,Male,Islamabad,2026-04-08
O01081,C0063,P0085,2025-07-27,5,0,Smart Watch,Accessories,31901,159505,0.0,159505.0,2025-07,51,Female,Islamabad,2025-09-16
O02148,C0028,P0006,2025-07-28,3,15,Headphones,Accessories,28098,84294,12644.1,71649.9,2025-07,44,Male,Lahore,2025-12-03
O01574,C0122,P0056,2025-07-28,1,10,Bluetooth Speaker,Home & Kitchen,4154,4154,415.4,3738.6,2025-07,43,Female,Islamabad,2023-11-20
O02118,C0100,P0006,2025-07-28,3,15,Headphones,Accessories,28098,84294,12644.1,71649.9,2025-07,45,Female,Rawalpindi,2026-03-10
O00374,C0405,P0079,2025-07-28,5,15,Headphones,Accessories,29052,145260,21789.0,123471.0,2025-07,49,Male,Multan,2026-01-01
O00708,C0500,P0056,2025-07-28,2,0,Bluetooth Speaker,Home & Kitchen,4154,8308,0.0,8308.0,2025-07,53,Male,Multan,2023-01-14
O02206,C0092,P0042,2025-07-29,2,10,Power Bank,Accessories,49757,99514,9951.4,89562.6,2025-07,25,Male,Islamabad,2025-06-12
O01992,C0022,P0041,2025-07-29,5,20,Smart Watch,Accessories,31510,157550,31510.0,126040.0,2025-07,19,Female,Lahore,2023-04-18
O02276,C0434,P0023,2025-07-29,2,15,Phone Case,Home & Kitchen,39810,79620,11943.0,67677.0,2025-07,47,Female,Multan,2026-03-16
O00608,C0030,P0045,2025-07-29,3,0,Mechanical Keyboard,Fashion,45476,136428,0.0,136428.0,2025-07,45,Female,Islamabad,2025-08-14
O00960,C0495,P0088,2025-07-29,4,15,Power Bank,Accessories,34584,138336,20750.4,117585.6,2025-07,54,Male,Islamabad,2025-04-16
O00097,C0354,P0029,2025-07-29,3,5,Smart Watch,Electronics,49792,149376,7468.8,141907.2,2025-07,24,Female,Rawalpindi,2024-05-15
O01503,C0113,P0096,2025-07-29,3,25,Mechanical Keyboard,Accessories,645,1935,483.75,1451.25,2025-07,44,Female,Multan,2023-09-23
O02794,C0206,P0002,2025-07-29,1,25,Headphones,Home & Kitchen,33279,33279,8319.75,24959.25,2025-07,51,Female,Rawalpindi,2025-11-29
O00370,C0497,P0076,2025-07-29,2,5,Laptop Stand,Electronics,34568,69136,3456.8,65679.2,2025-07,41,Female,Multan,2024-07-06
O01305,C0062,P0042,2025-07-29,4,15,Power Bank,Accessories,49757,199028,29854.2,169173.8,2025-07,43,Male,Multan,2026-05-31
O00381,C0034,P0090,2025-07-30,3,15,Wireless Mouse,Fashion,40075,120225,18033.75,102191.25,2025-07,54,Male,Karachi,2023-08-04
O00344,C0405,P0016,2025-07-30,1,20,Smart Watch,Electronics,39838,39838,7967.6,31870.4,2025-07,49,Male,Multan,2026-01-01
O00904,C0472,P0040,2025-07-30,1,10,Smart Watch,Electronics,13967,13967,1396.7,12570.3,2025-07,29,Female,Karachi,2024-07-31
O00794,C0426,P0003,2025-07-30,3,15,Backpack,Fashion,22136,66408,9961.2,56446.8,2025-07,29,Male,Karachi,2025-08-28
O01807,C0437,P0010,2025-07-30,3,20,Backpack,Fashion,8734,26202,5240.4,20961.6,2025-07,27,Male,Lahore,2023-11-05
O02287,C0199,P0089,2025-07-30,4,20,Mechanical Keyboard,Electronics,45605,182420,36484.0,145936.0,2025-07,49,Female,Rawalpindi,2026-02-11
O02323,C0005,P0100,2025-07-30,3,10,Smart Watch,Accessories,42922,128766,12876.6,115889.4,2025-07,25,Female,Karachi,2025-08-15
O02917,C0414,P0078,2025-07-30,5,15,Phone Case,Home & Kitchen,9935,49675,7451.25,42223.75,2025-07,20,Male,Multan,2024-04-03
O01208,C0355,P0099,2025-07-30,5,20,Smart Watch,Electronics,3540,17700,3540.0,14160.0,2025-07,53,Female,Karachi,2023-04-27
O00025,C0441,P0062,2025-07-31,3,15,Bluetooth Speaker,Fashion,6941,20823,3123.45,17699.55,2025-07,48,Male,Faisalabad,2025-07-02
O01532,C0155,P0096,2025-07-31,4,20,Mechanical Keyboard,Accessories,645,2580,516.0,2064.0,2025-07,47,Female,Faisalabad,2025-12-06
O00707,C0055,P0053,2025-07-31,3,0,Power Bank,Electronics,49213,147639,0.0,147639.0,2025-07,21,Female,Rawalpindi,2024-09-20
O01067,C0260,P0076,2025-07-31,2,25,Laptop Stand,Electronics,34568,69136,17284.0,51852.0,2025-07,28,Male,Rawalpindi,2026-05-30
O02013,C0049,P0006,2025-08-01,4,0,Headphones,Accessories,28098,112392,0.0,112392.0,2025-08,25,Male,Islamabad,2024-02-05
O01553,C0213,P0084,2025-08-01,3,10,Headphones,Accessories,10352,31056,3105.6,27950.4,2025-08,23,Male,Rawalpindi,2023-12-19
O00076,C0027,P0011,2025-08-01,5,0,Mechanical Keyboard,Fashion,26019,130095,0.0,130095.0,2025-08,42,Male,Lahore,2023-10-02
O01320,C0276,P0076,2025-08-01,3,15,Laptop Stand,Electronics,34568,103704,15555.6,88148.4,2025-08,58,Female,Islamabad,2023-01-22
O01741,C0249,P0007,2025-08-01,3,10,Power Bank,Home & Kitchen,12063,36189,3618.9,32570.1,2025-08,49,Male,Faisalabad,2023-12-31
O02561,C0412,P0071,2025-08-01,1,10,Mechanical Keyboard,Electronics,14173,14173,1417.3,12755.7,2025-08,39,Male,Rawalpindi,2024-01-18
O02784,C0428,P0043,2025-08-01,3,0,Laptop Stand,Home & Kitchen,43141,129423,0.0,129423.0,2025-08,43,Female,Faisalabad,2025-10-10
O01226,C0100,P0023,2025-08-02,5,10,Phone Case,Home & Kitchen,39810,199050,19905.0,179145.0,2025-08,45,Female,Rawalpindi,2026-03-10
O01812,C0435,P0052,2025-08-02,5,25,USB-C Cable,Fashion,44639,223195,55798.75,167396.25,2025-08,54,Male,Rawalpindi,2025-01-19
O01187,C0067,P0062,2025-08-02,5,5,Bluetooth Speaker,Fashion,6941,34705,1735.25,32969.75,2025-08,48,Male,Islamabad,2024-02-06
O01248,C0426,P0083,2025-08-02,3,10,Wireless Mouse,Home & Kitchen,39020,117060,11706.0,105354.0,2025-08,29,Male,Karachi,2025-08-28
O02741,C0043,P0071,2025-08-02,2,5,Mechanical Keyboard,Electronics,14173,28346,1417.3,26928.7,2025-08,26,Male,Islamabad,2026-01-17
O00540,C0213,P0005,2025-08-02,4,10,Mechanical Keyboard,Electronics,12056,48224,4822.4,43401.6,2025-08,23,Male,Rawalpindi,2023-12-19
O00459,C0436,P0091,2025-08-02,1,20,Headphones,Electronics,36951,36951,7390.2,29560.8,2025-08,40,Male,Lahore,2024-11-15
O01080,C0129,P0058,2025-08-02,2,0,Wireless Mouse,Accessories,19243,38486,0.0,38486.0,2025-08,43,Male,Multan,2024-02-03
O00239,C0483,P0026,2025-08-02,4,5,Wireless Mouse,Electronics,45314,181256,9062.8,172193.2,2025-08,43,Male,Karachi,2025-06-29
O00007,C0226,P0084,2025-08-02,2,5,Headphones,Accessories,10352,20704,1035.2,19668.8,2025-08,58,Female,Islamabad,2024-07-10
O02440,C0156,P0047,2025-08-02,2,20,Bluetooth Speaker,Accessories,23671,47342,9468.4,37873.6,2025-08,28,Female,Multan,2024-12-27
O01018,C0427,P0062,2025-08-03,2,15,Bluetooth Speaker,Fashion,6941,13882,2082.3,11799.7,2025-08,33,Male,Lahore,2025-09-04
O01835,C0325,P0050,2025-08-03,1,10,Wireless Mouse,Electronics,34554,34554,3455.4,31098.6,2025-08,20,Female,Multan,2025-03-03
O02190,C0029,P0025,2025-08-03,5,15,Backpack,Fashion,37414,187070,28060.5,159009.5,2025-08,59,Male,Islamabad,2025-03-27
O01904,C0260,P0003,2025-08-03,3,20,Backpack,Fashion,22136,66408,13281.6,53126.4,2025-08,28,Male,Rawalpindi,2026-05-30
O00191,C0049,P0009,2025-08-03,4,5,Backpack,Electronics,44290,177160,8858.0,168302.0,2025-08,25,Male,Islamabad,2024-02-05
O00989,C0092,P0015,2025-08-03,5,5,Wireless Mouse,Home & Kitchen,13678,68390,3419.5,64970.5,2025-08,25,Male,Islamabad,2025-06-12
O00221,C0266,P0013,2025-08-03,3,0,Bluetooth Speaker,Accessories,16673,50019,0.0,50019.0,2025-08,52,Male,Faisalabad,2024-04-28
O00738,C0173,P0076,2025-08-03,3,15,Laptop Stand,Electronics,34568,103704,15555.6,88148.4,2025-08,59,Female,Faisalabad,2024-08-02
O00715,C0082,P0018,2025-08-04,5,20,Laptop Stand,Accessories,33674,168370,33674.0,134696.0,2025-08,18,Male,Rawalpindi,2023-12-30
O01066,C0101,P0092,2025-08-04,1,5,Headphones,Accessories,7727,7727,386.35,7340.65,2025-08,24,Female,Lahore,2025-11-28
O00682,C0230,P0087,2025-08-04,2,10,Bluetooth Speaker,Accessories,36493,72986,7298.6,65687.4,2025-08,35,Male,Multan,2024-06-18
O00930,C0043,P0038,2025-08-04,2,5,Wireless Mouse,Home & Kitchen,43152,86304,4315.2,81988.8,2025-08,26,Male,Islamabad,2026-01-17
O02517,C0401,P0018,2025-08-04,5,20,Laptop Stand,Accessories,33674,168370,33674.0,134696.0,2025-08,29,Female,Rawalpindi,2023-11-13
O01687,C0401,P0091,2025-08-04,4,0,Headphones,Electronics,36951,147804,0.0,147804.0,2025-08,29,Female,Rawalpindi,2023-11-13
O00037,C0125,P0036,2025-08-04,2,10,Bluetooth Speaker,Electronics,27617,55234,5523.4,49710.6,2025-08,44,Male,Rawalpindi,2024-03-07
O02353,C0222,P0025,2025-08-05,1,10,Backpack,Fashion,37414,37414,3741.4,33672.6,2025-08,36,Male,Multan,2024-02-26
O00427,C0444,P0079,2025-08-05,5,5,Headphones,Accessories,29052,145260,7263.0,137997.0,2025-08,49,Female,Lahore,2023-11-08
O02947,C0435,P0083,2025-08-05,4,5,Wireless Mouse,Home & Kitchen,39020,156080,7804.0,148276.0,2025-08,54,Male,Rawalpindi,2025-01-19
O00648,C0420,P0032,2025-08-05,2,5,Power Bank,Electronics,46913,93826,4691.3,89134.7,2025-08,46,Female,Multan,2025-06-13
O01396,C0441,P0093,2025-08-05,3,10,Phone Case,Home & Kitchen,32410,97230,9723.0,87507.0,2025-08,48,Male,Faisalabad,2025-07-02
O01401,C0424,P0036,2025-08-06,3,25,Bluetooth Speaker,Electronics,27617,82851,20712.75,62138.25,2025-08,47,Female,Karachi,2025-05-23
O01120,C0395,P0061,2025-08-06,2,10,Laptop Stand,Electronics,9136,18272,1827.2,16444.8,2025-08,45,Male,Faisalabad,2023-05-02
O02623,C0038,P0056,2025-08-06,2,5,Bluetooth Speaker,Home & Kitchen,4154,8308,415.4,7892.6,2025-08,56,Female,Faisalabad,2024-01-09
O02631,C0314,P0085,2025-08-06,4,15,Smart Watch,Accessories,31901,127604,19140.6,108463.4,2025-08,58,Female,Multan,2025-01-17
O00626,C0388,P0095,2025-08-06,5,15,Mechanical Keyboard,Accessories,23884,119420,17913.0,101507.0,2025-08,33,Male,Islamabad,2023-04-26
O02846,C0079,P0082,2025-08-06,3,0,Bluetooth Speaker,Fashion,11117,33351,0.0,33351.0,2025-08,58,Female,Karachi,2025-09-12
O00092,C0172,P0078,2025-08-06,2,15,Phone Case,Home & Kitchen,9935,19870,2980.5,16889.5,2025-08,50,Male,Rawalpindi,2023-11-25
O02241,C0457,P0099,2025-08-06,5,15,Smart Watch,Electronics,3540,17700,2655.0,15045.0,2025-08,29,Male,Faisalabad,2025-08-14
O01542,C0081,P0024,2025-08-07,1,0,Phone Case,Accessories,9406,9406,0.0,9406.0,2025-08,32,Female,Karachi,2025-09-09
O01369,C0342,P0021,2025-08-07,1,10,USB-C Cable,Accessories,28264,28264,2826.4,25437.6,2025-08,57,Female,Multan,2025-07-04
O00307,C0097,P0091,2025-08-07,2,10,Headphones,Electronics,36951,73902,7390.2,66511.8,2025-08,59,Male,Lahore,2024-02-18
O00149,C0288,P0087,2025-08-07,2,10,Bluetooth Speaker,Accessories,36493,72986,7298.6,65687.4,2025-08,50,Female,Islamabad,2024-01-16
O02444,C0469,P0096,2025-08-07,5,5,Mechanical Keyboard,Accessories,645,3225,161.25,3063.75,2025-08,60,Female,Faisalabad,2026-06-27
O01584,C0335,P0023,2025-08-08,2,0,Phone Case,Home & Kitchen,39810,79620,0.0,79620.0,2025-08,40,Male,Islamabad,2023-07-18
O01029,C0164,P0070,2025-08-08,2,20,Smart Watch,Home & Kitchen,43168,86336,17267.2,69068.8,2025-08,58,Female,Faisalabad,2026-03-14
O00684,C0310,P0002,2025-08-08,4,10,Headphones,Home & Kitchen,33279,133116,13311.6,119804.4,2025-08,47,Male,Karachi,2025-08-31
O00145,C0406,P0042,2025-08-09,5,0,Power Bank,Accessories,49757,248785,0.0,248785.0,2025-08,42,Female,Multan,2023-08-11
O01512,C0447,P0037,2025-08-09,1,0,Bluetooth Speaker,Fashion,36878,36878,0.0,36878.0,2025-08,21,Male,Rawalpindi,2025-07-12
O00184,C0342,P0039,2025-08-09,2,0,Wireless Mouse,Accessories,7394,14788,0.0,14788.0,2025-08,57,Female,Multan,2025-07-04
O00685,C0488,P0031,2025-08-09,5,0,Backpack,Electronics,47381,236905,0.0,236905.0,2025-08,28,Female,Lahore,2024-04-22
O00301,C0494,P0062,2025-08-09,1,10,Bluetooth Speaker,Fashion,6941,6941,694.1,6246.9,2025-08,27,Male,Karachi,2023-10-20
O02169,C0046,P0006,2025-08-09,3,5,Headphones,Accessories,28098,84294,4214.7,80079.3,2025-08,37,Female,Multan,2025-02-16
O01328,C0324,P0027,2025-08-09,4,25,Bluetooth Speaker,Electronics,45879,183516,45879.0,137637.0,2025-08,50,Female,Multan,2025-10-05
O02340,C0046,P0077,2025-08-09,4,0,Mechanical Keyboard,Fashion,23753,95012,0.0,95012.0,2025-08,37,Female,Multan,2025-02-16
O02242,C0160,P0052,2025-08-10,3,0,USB-C Cable,Fashion,44639,133917,0.0,133917.0,2025-08,50,Male,Karachi,2024-02-23
O01330,C0465,P0072,2025-08-10,4,0,Headphones,Electronics,11630,46520,0.0,46520.0,2025-08,18,Female,Lahore,2023-06-01
O01122,C0431,P0054,2025-08-10,3,20,Bluetooth Speaker,Fashion,30234,90702,18140.4,72561.6,2025-08,56,Female,Multan,2025-06-27
O01234,C0369,P0074,2025-08-10,5,25,Laptop Stand,Electronics,15722,78610,19652.5,58957.5,2025-08,39,Female,Karachi,2023-04-12
O02871,C0058,P0100,2025-08-11,1,10,Smart Watch,Accessories,42922,42922,4292.2,38629.8,2025-08,59,Female,Multan,2024-11-18
O02836,C0450,P0019,2025-08-11,3,20,Headphones,Accessories,42474,127422,25484.4,101937.6,2025-08,33,Male,Lahore,2024-03-20
O01998,C0471,P0080,2025-08-11,1,5,Smart Watch,Accessories,37884,37884,1894.2,35989.8,2025-08,30,Male,Faisalabad,2025-05-15
O01437,C0041,P0061,2025-08-11,3,15,Laptop Stand,Electronics,9136,27408,4111.2,23296.8,2025-08,42,Female,Rawalpindi,2026-05-08
O00576,C0345,P0028,2025-08-12,3,0,Laptop Stand,Electronics,13576,40728,0.0,40728.0,2025-08,60,Female,Rawalpindi,2025-01-03
O02044,C0162,P0006,2025-08-12,2,10,Headphones,Accessories,28098,56196,5619.6,50576.4,2025-08,44,Male,Lahore,2025-04-29
O01492,C0478,P0066,2025-08-12,2,15,Backpack,Fashion,35066,70132,10519.8,59612.2,2025-08,43,Male,Multan,2026-06-23
O01334,C0065,P0063,2025-08-13,2,0,Mechanical Keyboard,Electronics,25111,50222,0.0,50222.0,2025-08,53,Male,Karachi,2025-07-23
O00556,C0233,P0022,2025-08-13,2,10,Power Bank,Accessories,22127,44254,4425.4,39828.6,2025-08,28,Female,Karachi,2023-12-29
O02946,C0150,P0016,2025-08-13,5,20,Smart Watch,Electronics,39838,199190,39838.0,159352.0,2025-08,59,Male,Lahore,2025-07-25
O01577,C0364,P0033,2025-08-13,2,5,Laptop Stand,Electronics,6512,13024,651.2,12372.8,2025-08,45,Female,Multan,2024-08-29
O01843,C0480,P0016,2025-08-13,5,15,Smart Watch,Electronics,39838,199190,29878.5,169311.5,2025-08,46,Male,Rawalpindi,2026-06-14
O00677,C0394,P0095,2025-08-13,5,5,Mechanical Keyboard,Accessories,23884,119420,5971.0,113449.0,2025-08,36,Female,Karachi,2023-03-31
O02265,C0428,P0036,2025-08-13,2,0,Bluetooth Speaker,Electronics,27617,55234,0.0,55234.0,2025-08,43,Female,Faisalabad,2025-10-10
O01498,C0147,P0030,2025-08-14,1,5,Wireless Mouse,Home & Kitchen,38150,38150,1907.5,36242.5,2025-08,39,Male,Rawalpindi,2023-08-14
O01141,C0417,P0006,2025-08-14,1,25,Headphones,Accessories,28098,28098,7024.5,21073.5,2025-08,33,Male,Lahore,2025-06-18
O01224,C0038,P0004,2025-08-14,1,25,Laptop Stand,Home & Kitchen,16853,16853,4213.25,12639.75,2025-08,56,Female,Faisalabad,2024-01-09
O02636,C0025,P0051,2025-08-14,3,5,Headphones,Fashion,48978,146934,7346.7,139587.3,2025-08,29,Female,Multan,2025-05-15
O02384,C0446,P0029,2025-08-14,5,10,Smart Watch,Electronics,49792,248960,24896.0,224064.0,2025-08,22,Male,Lahore,2025-12-18
O00080,C0230,P0004,2025-08-14,5,25,Laptop Stand,Home & Kitchen,16853,84265,21066.25,63198.75,2025-08,35,Male,Multan,2024-06-18
O00198,C0216,P0074,2025-08-14,3,0,Laptop Stand,Electronics,15722,47166,0.0,47166.0,2025-08,20,Male,Islamabad,2025-02-19
O00950,C0330,P0028,2025-08-14,5,25,Laptop Stand,Electronics,13576,67880,16970.0,50910.0,2025-08,20,Male,Multan,2024-03-05
O02751,C0247,P0063,2025-08-14,3,25,Mechanical Keyboard,Electronics,25111,75333,18833.25,56499.75,2025-08,22,Male,Multan,2024-03-23
O00169,C0449,P0094,2025-08-14,5,20,Phone Case,Home & Kitchen,36541,182705,36541.0,146164.0,2025-08,41,Male,Multan,2023-02-04
O00327,C0191,P0096,2025-08-15,3,10,Mechanical Keyboard,Accessories,645,1935,193.5,1741.5,2025-08,49,Female,Lahore,2026-04-14
O01093,C0247,P0065,2025-08-15,5,10,Mechanical Keyboard,Accessories,12649,63245,6324.5,56920.5,2025-08,22,Male,Multan,2024-03-23
O02565,C0378,P0070,2025-08-15,3,25,Smart Watch,Home & Kitchen,43168,129504,32376.0,97128.0,2025-08,50,Male,Faisalabad,2026-01-14
O01165,C0289,P0044,2025-08-15,4,20,Mechanical Keyboard,Accessories,12789,51156,10231.2,40924.8,2025-08,29,Female,Islamabad,2024-04-04
O00503,C0370,P0025,2025-08-15,4,10,Backpack,Fashion,37414,149656,14965.6,134690.4,2025-08,42,Female,Rawalpindi,2025-02-17
O02002,C0119,P0050,2025-08-16,2,0,Wireless Mouse,Electronics,34554,69108,0.0,69108.0,2025-08,20,Female,Lahore,2023-01-03
O01546,C0235,P0057,2025-08-16,5,20,Wireless Mouse,Accessories,23986,119930,23986.0,95944.0,2025-08,42,Female,Islamabad,2023-12-22
O01647,C0067,P0087,2025-08-16,1,0,Bluetooth Speaker,Accessories,36493,36493,0.0,36493.0,2025-08,48,Male,Islamabad,2024-02-06
O01130,C0131,P0086,2025-08-16,1,15,Power Bank,Accessories,6795,6795,1019.25,5775.75,2025-08,30,Female,Faisalabad,2025-08-21
O02912,C0403,P0012,2025-08-16,2,25,USB-C Cable,Home & Kitchen,27466,54932,13733.0,41199.0,2025-08,18,Female,Faisalabad,2023-01-09
O02205,C0104,P0001,2025-08-17,2,25,Smart Watch,Electronics,5260,10520,2630.0,7890.0,2025-08,29,Female,Rawalpindi,2025-08-15
O02758,C0377,P0041,2025-08-17,1,25,Smart Watch,Accessories,31510,31510,7877.5,23632.5,2025-08,54,Female,Rawalpindi,2024-08-14
O02559,C0103,P0068,2025-08-17,5,15,Backpack,Electronics,22175,110875,16631.25,94243.75,2025-08,25,Male,Lahore,2023-01-29
O00079,C0264,P0077,2025-08-17,3,5,Mechanical Keyboard,Fashion,23753,71259,3562.95,67696.05,2025-08,57,Male,Multan,2026-05-04
O00796,C0302,P0076,2025-08-17,3,10,Laptop Stand,Electronics,34568,103704,10370.4,93333.6,2025-08,45,Male,Multan,2024-02-01
O02134,C0237,P0091,2025-08-17,2,5,Headphones,Electronics,36951,73902,3695.1,70206.9,2025-08,48,Male,Rawalpindi,2023-10-22
O01608,C0193,P0054,2025-08-17,5,10,Bluetooth Speaker,Fashion,30234,151170,15117.0,136053.0,2025-08,18,Female,Islamabad,2024-03-29
O00911,C0396,P0064,2025-08-17,5,10,Smart Watch,Home & Kitchen,42935,214675,21467.5,193207.5,2025-08,43,Male,Rawalpindi,2023-05-23
O01587,C0023,P0059,2025-08-17,2,15,USB-C Cable,Fashion,48868,97736,14660.4,83075.6,2025-08,38,Female,Karachi,2023-06-21
O01244,C0083,P0063,2025-08-17,1,15,Mechanical Keyboard,Electronics,25111,25111,3766.65,21344.35,2025-08,42,Male,Karachi,2023-02-08
O01194,C0191,P0031,2025-08-17,5,5,Backpack,Electronics,47381,236905,11845.25,225059.75,2025-08,49,Female,Lahore,2026-04-14
O02430,C0342,P0079,2025-08-18,4,5,Headphones,Accessories,29052,116208,5810.4,110397.6,2025-08,57,Female,Multan,2025-07-04
O01720,C0359,P0078,2025-08-18,4,20,Phone Case,Home & Kitchen,9935,39740,7948.0,31792.0,2025-08,33,Female,Karachi,2025-12-23
O01499,C0239,P0084,2025-08-18,3,5,Headphones,Accessories,10352,31056,1552.8,29503.2,2025-08,59,Female,Rawalpindi,2025-12-05
O00614,C0229,P0087,2025-08-18,4,5,Bluetooth Speaker,Accessories,36493,145972,7298.6,138673.4,2025-08,56,Female,Faisalabad,2025-11-20
O02066,C0316,P0035,2025-08-18,5,0,Bluetooth Speaker,Fashion,28711,143555,0.0,143555.0,2025-08,41,Male,Faisalabad,2023-01-21
O00628,C0483,P0020,2025-08-18,1,15,Phone Case,Home & Kitchen,4931,4931,739.65,4191.35,2025-08,43,Male,Karachi,2025-06-29
O01964,C0053,P0012,2025-08-18,3,10,USB-C Cable,Home & Kitchen,27466,82398,8239.8,74158.2,2025-08,53,Male,Lahore,2024-01-26
O00469,C0261,P0054,2025-08-19,5,15,Bluetooth Speaker,Fashion,30234,151170,22675.5,128494.5,2025-08,25,Female,Multan,2023-02-06
O00826,C0316,P0058,2025-08-19,2,25,Wireless Mouse,Accessories,19243,38486,9621.5,28864.5,2025-08,41,Male,Faisalabad,2023-01-21
O02725,C0109,P0023,2025-08-19,5,5,Phone Case,Home & Kitchen,39810,199050,9952.5,189097.5,2025-08,54,Male,Karachi,2024-11-27
O01419,C0380,P0022,2025-08-19,5,0,Power Bank,Accessories,22127,110635,0.0,110635.0,2025-08,22,Female,Faisalabad,2024-11-03
O00276,C0467,P0057,2025-08-19,2,0,Wireless Mouse,Accessories,23986,47972,0.0,47972.0,2025-08,57,Male,Faisalabad,2024-08-30
O01015,C0089,P0049,2025-08-19,5,0,Phone Case,Electronics,21329,106645,0.0,106645.0,2025-08,41,Female,Islamabad,2023-01-16
O02990,C0409,P0011,2025-08-20,3,5,Mechanical Keyboard,Fashion,26019,78057,3902.85,74154.15,2025-08,33,Male,Faisalabad,2026-01-12
O00992,C0381,P0053,2025-08-20,2,5,Power Bank,Electronics,49213,98426,4921.3,93504.7,2025-08,56,Male,Multan,2024-12-14
O01422,C0295,P0093,2025-08-20,2,20,Phone Case,Home & Kitchen,32410,64820,12964.0,51856.0,2025-08,25,Female,Rawalpindi,2023-03-20
O00074,C0005,P0063,2025-08-20,4,5,Mechanical Keyboard,Electronics,25111,100444,5022.2,95421.8,2025-08,25,Female,Karachi,2025-08-15
O00070,C0049,P0079,2025-08-20,3,25,Headphones,Accessories,29052,87156,21789.0,65367.0,2025-08,25,Male,Islamabad,2024-02-05
O02529,C0149,P0032,2025-08-20,5,15,Power Bank,Electronics,46913,234565,35184.75,199380.25,2025-08,19,Male,Faisalabad,2023-08-06
O01151,C0075,P0007,2025-08-20,5,20,Power Bank,Home & Kitchen,12063,60315,12063.0,48252.0,2025-08,35,Female,Multan,2023-05-11
O02808,C0113,P0021,2025-08-20,1,20,USB-C Cable,Accessories,28264,28264,5652.8,22611.2,2025-08,44,Female,Multan,2023-09-23
O01424,C0245,P0034,2025-08-21,1,10,Backpack,Electronics,7651,7651,765.1,6885.9,2025-08,18,Male,Lahore,2025-05-15
O01392,C0467,P0034,2025-08-21,2,5,Backpack,Electronics,7651,15302,765.1,14536.9,2025-08,57,Male,Faisalabad,2024-08-30
O02556,C0368,P0030,2025-08-21,3,0,Wireless Mouse,Home & Kitchen,38150,114450,0.0,114450.0,2025-08,40,Male,Islamabad,2025-03-11
O02982,C0370,P0003,2025-08-21,5,25,Backpack,Fashion,22136,110680,27670.0,83010.0,2025-08,42,Female,Rawalpindi,2025-02-17
O00943,C0341,P0081,2025-08-21,2,15,Mechanical Keyboard,Fashion,16893,33786,5067.9,28718.1,2025-08,34,Female,Lahore,2025-06-17
O02988,C0341,P0072,2025-08-22,3,0,Headphones,Electronics,11630,34890,0.0,34890.0,2025-08,34,Female,Lahore,2025-06-17
O02250,C0214,P0013,2025-08-22,4,0,Bluetooth Speaker,Accessories,16673,66692,0.0,66692.0,2025-08,33,Female,Lahore,2024-07-24
O01308,C0158,P0075,2025-08-22,2,0,Headphones,Home & Kitchen,24169,48338,0.0,48338.0,2025-08,42,Male,Karachi,2026-01-27
O00845,C0439,P0030,2025-08-22,5,0,Wireless Mouse,Home & Kitchen,38150,190750,0.0,190750.0,2025-08,53,Male,Faisalabad,2023-10-15
O01573,C0486,P0100,2025-08-22,4,5,Smart Watch,Accessories,42922,171688,8584.4,163103.6,2025-08,24,Female,Rawalpindi,2023-04-10
O02927,C0481,P0073,2025-08-22,4,0,Power Bank,Electronics,23168,92672,0.0,92672.0,2025-08,43,Female,Multan,2024-06-13
O01345,C0015,P0090,2025-08-23,3,0,Wireless Mouse,Fashion,40075,120225,0.0,120225.0,2025-08,41,Male,Lahore,2023-03-02
O01364,C0260,P0047,2025-08-23,1,0,Bluetooth Speaker,Accessories,23671,23671,0.0,23671.0,2025-08,28,Male,Rawalpindi,2026-05-30
O01409,C0141,P0009,2025-08-23,5,15,Backpack,Electronics,44290,221450,33217.5,188232.5,2025-08,60,Male,Faisalabad,2026-03-22
O00418,C0247,P0008,2025-08-23,2,15,Wireless Mouse,Electronics,47319,94638,14195.7,80442.3,2025-08,22,Male,Multan,2024-03-23
O02987,C0244,P0021,2025-08-23,4,10,USB-C Cable,Accessories,28264,113056,11305.6,101750.4,2025-08,19,Male,Rawalpindi,2026-05-31
O02952,C0278,P0064,2025-08-23,1,15,Smart Watch,Home & Kitchen,42935,42935,6440.25,36494.75,2025-08,50,Male,Karachi,2026-02-17
O01171,C0483,P0065,2025-08-23,5,0,Mechanical Keyboard,Accessories,12649,63245,0.0,63245.0,2025-08,43,Male,Karachi,2025-06-29
O02514,C0389,P0029,2025-08-23,2,5,Smart Watch,Electronics,49792,99584,4979.2,94604.8,2025-08,30,Male,Rawalpindi,2025-07-06
O01339,C0424,P0063,2025-08-24,4,5,Mechanical Keyboard,Electronics,25111,100444,5022.2,95421.8,2025-08,47,Female,Karachi,2025-05-23
O01335,C0008,P0012,2025-08-24,4,15,USB-C Cable,Home & Kitchen,27466,109864,16479.6,93384.4,2025-08,36,Female,Rawalpindi,2023-07-20
O00843,C0391,P0082,2025-08-24,5,0,Bluetooth Speaker,Fashion,11117,55585,0.0,55585.0,2025-08,47,Male,Rawalpindi,2023-07-13
O00630,C0320,P0012,2025-08-24,1,10,USB-C Cable,Home & Kitchen,27466,27466,2746.6,24719.4,2025-08,50,Male,Multan,2024-07-23
O01837,C0431,P0027,2025-08-24,2,5,Bluetooth Speaker,Electronics,45879,91758,4587.9,87170.1,2025-08,56,Female,Multan,2025-06-27
O00033,C0146,P0010,2025-08-24,4,15,Backpack,Fashion,8734,34936,5240.4,29695.6,2025-08,24,Male,Multan,2026-02-04
O02000,C0466,P0056,2025-08-24,2,10,Bluetooth Speaker,Home & Kitchen,4154,8308,830.8,7477.2,2025-08,50,Female,Rawalpindi,2025-08-04
O01494,C0127,P0016,2025-08-24,4,20,Smart Watch,Electronics,39838,159352,31870.4,127481.6,2025-08,32,Male,Islamabad,2025-08-06
O01230,C0147,P0015,2025-08-25,1,20,Wireless Mouse,Home & Kitchen,13678,13678,2735.6,10942.4,2025-08,39,Male,Rawalpindi,2023-08-14
O02449,C0322,P0001,2025-08-25,2,25,Smart Watch,Electronics,5260,10520,2630.0,7890.0,2025-08,49,Female,Islamabad,2026-03-31
O02755,C0413,P0076,2025-08-25,2,5,Laptop Stand,Electronics,34568,69136,3456.8,65679.2,2025-08,46,Female,Lahore,2023-01-07
O00526,C0402,P0014,2025-08-25,1,15,Bluetooth Speaker,Electronics,27487,27487,4123.05,23363.95,2025-08,18,Female,Rawalpindi,2024-09-26
O00147,C0456,P0081,2025-08-25,3,10,Mechanical Keyboard,Fashion,16893,50679,5067.9,45611.1,2025-08,41,Male,Rawalpindi,2023-06-08
O00330,C0483,P0099,2025-08-25,5,5,Smart Watch,Electronics,3540,17700,885.0,16815.0,2025-08,43,Male,Karachi,2025-06-29
O01143,C0163,P0059,2025-08-25,4,15,USB-C Cable,Fashion,48868,195472,29320.8,166151.2,2025-08,30,Male,Multan,2023-03-03
O00148,C0231,P0076,2025-08-25,2,10,Laptop Stand,Electronics,34568,69136,6913.6,62222.4,2025-08,57,Male,Lahore,2024-03-01
O01263,C0431,P0076,2025-08-25,5,20,Laptop Stand,Electronics,34568,172840,34568.0,138272.0,2025-08,56,Female,Multan,2025-06-27
O00323,C0178,P0058,2025-08-25,1,15,Wireless Mouse,Accessories,19243,19243,2886.45,16356.55,2025-08,41,Male,Rawalpindi,2025-07-09
O00788,C0198,P0057,2025-08-26,2,15,Wireless Mouse,Accessories,23986,47972,7195.8,40776.2,2025-08,23,Female,Faisalabad,2024-08-15
O01466,C0268,P0095,2025-08-26,1,15,Mechanical Keyboard,Accessories,23884,23884,3582.6,20301.4,2025-08,52,Male,Faisalabad,2024-12-31
O02291,C0025,P0055,2025-08-26,4,15,Bluetooth Speaker,Electronics,7552,30208,4531.2,25676.8,2025-08,29,Female,Multan,2025-05-15
O00312,C0273,P0009,2025-08-26,4,0,Backpack,Electronics,44290,177160,0.0,177160.0,2025-08,19,Female,Faisalabad,2024-02-05
O01984,C0014,P0009,2025-08-27,1,25,Backpack,Electronics,44290,44290,11072.5,33217.5,2025-08,57,Male,Faisalabad,2026-05-25
O01387,C0268,P0100,2025-08-27,4,15,Smart Watch,Accessories,42922,171688,25753.2,145934.8,2025-08,52,Male,Faisalabad,2024-12-31
O01801,C0192,P0007,2025-08-27,4,20,Power Bank,Home & Kitchen,12063,48252,9650.4,38601.6,2025-08,50,Female,Faisalabad,2025-07-02
O01815,C0260,P0053,2025-08-27,3,0,Power Bank,Electronics,49213,147639,0.0,147639.0,2025-08,28,Male,Rawalpindi,2026-05-30
O02390,C0019,P0003,2025-08-27,1,20,Backpack,Fashion,22136,22136,4427.2,17708.8,2025-08,41,Male,Karachi,2025-11-28
O00225,C0253,P0067,2025-08-27,1,15,Mechanical Keyboard,Fashion,42868,42868,6430.2,36437.8,2025-08,36,Female,Islamabad,2024-02-18
O00546,C0376,P0074,2025-08-27,5,5,Laptop Stand,Electronics,15722,78610,3930.5,74679.5,2025-08,60,Female,Rawalpindi,2025-12-05
O02311,C0216,P0062,2025-08-28,2,20,Bluetooth Speaker,Fashion,6941,13882,2776.4,11105.6,2025-08,20,Male,Islamabad,2025-02-19
O01562,C0284,P0058,2025-08-28,2,25,Wireless Mouse,Accessories,19243,38486,9621.5,28864.5,2025-08,25,Male,Islamabad,2024-12-16
O01420,C0353,P0058,2025-08-28,1,20,Wireless Mouse,Accessories,19243,19243,3848.6,15394.4,2025-08,30,Male,Lahore,2025-10-10
O02370,C0351,P0021,2025-08-28,1,15,USB-C Cable,Accessories,28264,28264,4239.6,24024.4,2025-08,42,Male,Islamabad,2025-08-13
O01448,C0192,P0060,2025-08-28,3,25,Phone Case,Electronics,24989,74967,18741.75,56225.25,2025-08,50,Female,Faisalabad,2025-07-02
O01294,C0361,P0011,2025-08-28,4,5,Mechanical Keyboard,Fashion,26019,104076,5203.8,98872.2,2025-08,29,Female,Islamabad,2023-03-13
O00492,C0292,P0083,2025-08-29,2,0,Wireless Mouse,Home & Kitchen,39020,78040,0.0,78040.0,2025-08,47,Male,Islamabad,2025-06-25
O02551,C0116,P0081,2025-08-29,2,20,Mechanical Keyboard,Fashion,16893,33786,6757.2,27028.8,2025-08,52,Male,Multan,2023-12-06
O01527,C0039,P0073,2025-08-30,1,5,Power Bank,Electronics,23168,23168,1158.4,22009.6,2025-08,35,Female,Multan,2025-09-02
O00050,C0042,P0006,2025-08-30,3,15,Headphones,Accessories,28098,84294,12644.1,71649.9,2025-08,31,Female,Multan,2024-04-10
O02496,C0181,P0020,2025-08-30,5,15,Phone Case,Home & Kitchen,4931,24655,3698.25,20956.75,2025-08,56,Male,Karachi,2024-06-04
O01221,C0354,P0094,2025-08-31,5,0,Phone Case,Home & Kitchen,36541,182705,0.0,182705.0,2025-08,24,Female,Rawalpindi,2024-05-15
O00782,C0107,P0022,2025-08-31,1,5,Power Bank,Accessories,22127,22127,1106.35,21020.65,2025-08,40,Male,Karachi,2023-09-02
O00725,C0406,P0081,2025-08-31,3,15,Mechanical Keyboard,Fashion,16893,50679,7601.85,43077.15,2025-08,42,Female,Multan,2023-08-11
O02333,C0411,P0092,2025-09-01,4,15,Headphones,Accessories,7727,30908,4636.2,26271.8,2025-09,22,Female,Islamabad,2023-09-08
O01185,C0128,P0092,2025-09-01,1,20,Headphones,Accessories,7727,7727,1545.4,6181.6,2025-09,32,Male,Karachi,2024-08-07
O02273,C0312,P0002,2025-09-01,5,10,Headphones,Home & Kitchen,33279,166395,16639.5,149755.5,2025-09,23,Female,Rawalpindi,2025-11-11
O02956,C0025,P0012,2025-09-02,3,5,USB-C Cable,Home & Kitchen,27466,82398,4119.9,78278.1,2025-09,29,Female,Multan,2025-05-15
O02031,C0325,P0027,2025-09-02,3,15,Bluetooth Speaker,Electronics,45879,137637,20645.55,116991.45,2025-09,20,Female,Multan,2025-03-03
O00937,C0454,P0036,2025-09-03,2,15,Bluetooth Speaker,Electronics,27617,55234,8285.1,46948.9,2025-09,44,Female,Multan,2025-06-21
O02082,C0011,P0055,2025-09-03,5,15,Bluetooth Speaker,Electronics,7552,37760,5664.0,32096.0,2025-09,28,Male,Lahore,2024-12-13
O01702,C0379,P0072,2025-09-03,1,25,Headphones,Electronics,11630,11630,2907.5,8722.5,2025-09,25,Female,Multan,2023-04-02
O02068,C0217,P0026,2025-09-03,3,5,Wireless Mouse,Electronics,45314,135942,6797.1,129144.9,2025-09,37,Female,Faisalabad,2023-12-29
O00043,C0280,P0074,2025-09-03,1,25,Laptop Stand,Electronics,15722,15722,3930.5,11791.5,2025-09,50,Male,Islamabad,2023-11-02
O02056,C0056,P0066,2025-09-03,4,10,Backpack,Fashion,35066,140264,14026.4,126237.6,2025-09,19,Male,Islamabad,2023-05-17
O00247,C0405,P0093,2025-09-03,1,5,Phone Case,Home & Kitchen,32410,32410,1620.5,30789.5,2025-09,49,Male,Multan,2026-01-01
O02428,C0088,P0078,2025-09-04,3,20,Phone Case,Home & Kitchen,9935,29805,5961.0,23844.0,2025-09,25,Female,Multan,2026-03-30
O00223,C0450,P0026,2025-09-04,4,25,Wireless Mouse,Electronics,45314,181256,45314.0,135942.0,2025-09,33,Male,Lahore,2024-03-20
O01016,C0379,P0086,2025-09-05,4,10,Power Bank,Accessories,6795,27180,2718.0,24462.0,2025-09,25,Female,Multan,2023-04-02
O00656,C0462,P0040,2025-09-05,5,25,Smart Watch,Electronics,13967,69835,17458.75,52376.25,2025-09,54,Female,Karachi,2025-01-01
O00054,C0494,P0028,2025-09-05,1,0,Laptop Stand,Electronics,13576,13576,0.0,13576.0,2025-09,27,Male,Karachi,2023-10-20
O02621,C0476,P0022,2025-09-05,5,10,Power Bank,Accessories,22127,110635,11063.5,99571.5,2025-09,40,Male,Multan,2025-01-24
O02596,C0254,P0057,2025-09-05,2,15,Wireless Mouse,Accessories,23986,47972,7195.8,40776.2,2025-09,33,Male,Karachi,2024-08-08
O01691,C0278,P0013,2025-09-06,1,10,Bluetooth Speaker,Accessories,16673,16673,1667.3,15005.7,2025-09,50,Male,Karachi,2026-02-17
O00662,C0020,P0093,2025-09-06,4,5,Phone Case,Home & Kitchen,32410,129640,6482.0,123158.0,2025-09,47,Male,Rawalpindi,2023-05-11
O02067,C0475,P0053,2025-09-06,3,5,Power Bank,Electronics,49213,147639,7381.95,140257.05,2025-09,52,Female,Rawalpindi,2023-10-22
O02878,C0474,P0049,2025-09-06,2,5,Phone Case,Electronics,21329,42658,2132.9,40525.1,2025-09,19,Male,Faisalabad,2025-07-20
O00680,C0154,P0038,2025-09-06,5,10,Wireless Mouse,Home & Kitchen,43152,215760,21576.0,194184.0,2025-09,37,Male,Islamabad,2023-02-23
O01501,C0424,P0028,2025-09-06,5,25,Laptop Stand,Electronics,13576,67880,16970.0,50910.0,2025-09,47,Female,Karachi,2025-05-23
O00115,C0158,P0056,2025-09-07,2,0,Bluetooth Speaker,Home & Kitchen,4154,8308,0.0,8308.0,2025-09,42,Male,Karachi,2026-01-27
O01293,C0002,P0075,2025-09-07,5,5,Headphones,Home & Kitchen,24169,120845,6042.25,114802.75,2025-09,46,Male,Lahore,2025-01-20
O02974,C0106,P0064,2025-09-07,5,10,Smart Watch,Home & Kitchen,42935,214675,21467.5,193207.5,2025-09,50,Male,Faisalabad,2023-11-14
O00100,C0116,P0092,2025-09-08,2,25,Headphones,Accessories,7727,15454,3863.5,11590.5,2025-09,52,Male,Multan,2023-12-06
O00946,C0022,P0083,2025-09-08,4,20,Wireless Mouse,Home & Kitchen,39020,156080,31216.0,124864.0,2025-09,19,Female,Lahore,2023-04-18
O00211,C0163,P0048,2025-09-08,4,15,Laptop Stand,Accessories,35405,141620,21243.0,120377.0,2025-09,30,Male,Multan,2023-03-03
O00445,C0435,P0054,2025-09-09,3,25,Bluetooth Speaker,Fashion,30234,90702,22675.5,68026.5,2025-09,54,Male,Rawalpindi,2025-01-19
O00377,C0183,P0090,2025-09-09,1,25,Wireless Mouse,Fashion,40075,40075,10018.75,30056.25,2025-09,20,Male,Faisalabad,2025-08-12
O01782,C0154,P0035,2025-09-10,4,15,Bluetooth Speaker,Fashion,28711,114844,17226.6,97617.4,2025-09,37,Male,Islamabad,2023-02-23
O01406,C0340,P0079,2025-09-10,4,5,Headphones,Accessories,29052,116208,5810.4,110397.6,2025-09,43,Male,Karachi,2024-01-13
O01701,C0309,P0072,2025-09-10,1,0,Headphones,Electronics,11630,11630,0.0,11630.0,2025-09,45,Female,Rawalpindi,2026-02-27
O02223,C0033,P0010,2025-09-10,4,10,Backpack,Fashion,8734,34936,3493.6,31442.4,2025-09,20,Male,Faisalabad,2023-01-12
O01995,C0260,P0044,2025-09-10,3,0,Mechanical Keyboard,Accessories,12789,38367,0.0,38367.0,2025-09,28,Male,Rawalpindi,2026-05-30
O00030,C0291,P0082,2025-09-10,4,15,Bluetooth Speaker,Fashion,11117,44468,6670.2,37797.8,2025-09,39,Male,Islamabad,2023-01-29
O00853,C0479,P0085,2025-09-10,4,5,Smart Watch,Accessories,31901,127604,6380.2,121223.8,2025-09,25,Male,Lahore,2024-09-28
O02921,C0323,P0021,2025-09-10,1,0,USB-C Cable,Accessories,28264,28264,0.0,28264.0,2025-09,40,Male,Islamabad,2026-04-01
O02280,C0028,P0023,2025-09-10,4,10,Phone Case,Home & Kitchen,39810,159240,15924.0,143316.0,2025-09,44,Male,Lahore,2025-12-03
O01718,C0300,P0095,2025-09-10,5,15,Mechanical Keyboard,Accessories,23884,119420,17913.0,101507.0,2025-09,47,Female,Faisalabad,2024-05-30
O01980,C0052,P0087,2025-09-10,4,25,Bluetooth Speaker,Accessories,36493,145972,36493.0,109479.0,2025-09,34,Female,Multan,2023-09-07
O01473,C0476,P0047,2025-09-11,2,25,Bluetooth Speaker,Accessories,23671,47342,11835.5,35506.5,2025-09,40,Male,Multan,2025-01-24
O02774,C0147,P0087,2025-09-11,4,5,Bluetooth Speaker,Accessories,36493,145972,7298.6,138673.4,2025-09,39,Male,Rawalpindi,2023-08-14
O00125,C0003,P0046,2025-09-11,1,15,Backpack,Accessories,44096,44096,6614.4,37481.6,2025-09,32,Male,Multan,2026-03-17
O01043,C0468,P0010,2025-09-12,4,25,Backpack,Fashion,8734,34936,8734.0,26202.0,2025-09,27,Female,Karachi,2024-02-24
O00154,C0500,P0086,2025-09-12,3,5,Power Bank,Accessories,6795,20385,1019.25,19365.75,2025-09,53,Male,Multan,2023-01-14
O00893,C0142,P0042,2025-09-12,5,10,Power Bank,Accessories,49757,248785,24878.5,223906.5,2025-09,46,Male,Islamabad,2024-07-17
O02880,C0425,P0010,2025-09-12,5,5,Backpack,Fashion,8734,43670,2183.5,41486.5,2025-09,22,Male,Multan,2023-01-14
O00140,C0121,P0035,2025-09-12,5,15,Bluetooth Speaker,Fashion,28711,143555,21533.25,122021.75,2025-09,22,Male,Faisalabad,2024-01-11
O00406,C0060,P0079,2025-09-12,1,20,Headphones,Accessories,29052,29052,5810.4,23241.6,2025-09,46,Male,Karachi,2024-12-27
O02060,C0401,P0063,2025-09-12,1,0,Mechanical Keyboard,Electronics,25111,25111,0.0,25111.0,2025-09,29,Female,Rawalpindi,2023-11-13
O00201,C0462,P0065,2025-09-12,3,20,Mechanical Keyboard,Accessories,12649,37947,7589.4,30357.6,2025-09,54,Female,Karachi,2025-01-01
O00116,C0121,P0023,2025-09-12,5,15,Phone Case,Home & Kitchen,39810,199050,29857.5,169192.5,2025-09,22,Male,Faisalabad,2024-01-11
O00629,C0224,P0053,2025-09-12,1,5,Power Bank,Electronics,49213,49213,2460.65,46752.35,2025-09,49,Male,Lahore,2023-01-07
O00833,C0473,P0059,2025-09-12,1,20,USB-C Cable,Fashion,48868,48868,9773.6,39094.4,2025-09,48,Female,Lahore,2023-12-01
O02976,C0288,P0069,2025-09-13,5,15,Headphones,Fashion,5995,29975,4496.25,25478.75,2025-09,50,Female,Islamabad,2024-01-16
O00160,C0114,P0032,2025-09-13,2,5,Power Bank,Electronics,46913,93826,4691.3,89134.7,2025-09,52,Female,Karachi,2025-07-14
O01072,C0275,P0063,2025-09-13,5,0,Mechanical Keyboard,Electronics,25111,125555,0.0,125555.0,2025-09,33,Female,Karachi,2024-12-05
O02521,C0425,P0001,2025-09-14,4,0,Smart Watch,Electronics,5260,21040,0.0,21040.0,2025-09,22,Male,Multan,2023-01-14
O02408,C0245,P0081,2025-09-14,4,10,Mechanical Keyboard,Fashion,16893,67572,6757.2,60814.8,2025-09,18,Male,Lahore,2025-05-15
O02851,C0128,P0097,2025-09-14,1,20,Wireless Mouse,Home & Kitchen,38278,38278,7655.6,30622.4,2025-09,32,Male,Karachi,2024-08-07
O02389,C0274,P0035,2025-09-14,5,0,Bluetooth Speaker,Fashion,28711,143555,0.0,143555.0,2025-09,52,Male,Lahore,2025-06-04
O02309,C0052,P0060,2025-09-14,5,25,Phone Case,Electronics,24989,124945,31236.25,93708.75,2025-09,34,Female,Multan,2023-09-07
O00635,C0010,P0094,2025-09-14,2,20,Phone Case,Home & Kitchen,36541,73082,14616.4,58465.6,2025-09,28,Female,Rawalpindi,2023-03-14
O02161,C0118,P0092,2025-09-14,4,20,Headphones,Accessories,7727,30908,6181.6,24726.4,2025-09,31,Female,Rawalpindi,2024-07-30
O01344,C0047,P0069,2025-09-14,5,20,Headphones,Fashion,5995,29975,5995.0,23980.0,2025-09,45,Male,Karachi,2025-11-05
O02147,C0149,P0091,2025-09-14,2,5,Headphones,Electronics,36951,73902,3695.1,70206.9,2025-09,19,Male,Faisalabad,2023-08-06
O00077,C0160,P0058,2025-09-15,4,15,Wireless Mouse,Accessories,19243,76972,11545.8,65426.2,2025-09,50,Male,Karachi,2024-02-23
O02653,C0149,P0017,2025-09-15,1,25,Smart Watch,Electronics,25096,25096,6274.0,18822.0,2025-09,19,Male,Faisalabad,2023-08-06
O00119,C0012,P0061,2025-09-15,5,20,Laptop Stand,Electronics,9136,45680,9136.0,36544.0,2025-09,41,Male,Islamabad,2023-10-23
O02761,C0168,P0062,2025-09-15,3,25,Bluetooth Speaker,Fashion,6941,20823,5205.75,15617.25,2025-09,25,Female,Multan,2025-02-19
O00352,C0376,P0086,2025-09-15,3,0,Power Bank,Accessories,6795,20385,0.0,20385.0,2025-09,60,Female,Rawalpindi,2025-12-05
O00612,C0281,P0027,2025-09-15,4,25,Bluetooth Speaker,Electronics,45879,183516,45879.0,137637.0,2025-09,31,Female,Multan,2024-12-04
O01331,C0482,P0007,2025-09-15,5,20,Power Bank,Home & Kitchen,12063,60315,12063.0,48252.0,2025-09,27,Male,Islamabad,2023-01-21
O01137,C0156,P0047,2025-09-16,3,25,Bluetooth Speaker,Accessories,23671,71013,17753.25,53259.75,2025-09,28,Female,Multan,2024-12-27
O00637,C0384,P0019,2025-09-16,1,25,Headphones,Accessories,42474,42474,10618.5,31855.5,2025-09,49,Female,Karachi,2023-01-02
O00113,C0106,P0060,2025-09-16,2,10,Phone Case,Electronics,24989,49978,4997.8,44980.2,2025-09,50,Male,Faisalabad,2023-11-14
O00518,C0288,P0021,2025-09-16,2,25,USB-C Cable,Accessories,28264,56528,14132.0,42396.0,2025-09,50,Female,Islamabad,2024-01-16
O00479,C0220,P0049,2025-09-16,5,25,Phone Case,Electronics,21329,106645,26661.25,79983.75,2025-09,43,Male,Multan,2023-12-22
O00741,C0183,P0083,2025-09-16,1,25,Wireless Mouse,Home & Kitchen,39020,39020,9755.0,29265.0,2025-09,20,Male,Faisalabad,2025-08-12
O02820,C0057,P0017,2025-09-16,5,15,Smart Watch,Electronics,25096,125480,18822.0,106658.0,2025-09,23,Male,Rawalpindi,2025-06-01
O00822,C0326,P0015,2025-09-17,3,0,Wireless Mouse,Home & Kitchen,13678,41034,0.0,41034.0,2025-09,35,Male,Faisalabad,2025-03-02
O01216,C0251,P0098,2025-09-17,4,5,Phone Case,Electronics,16535,66140,3307.0,62833.0,2025-09,58,Male,Karachi,2025-10-04
O02769,C0013,P0036,2025-09-17,1,20,Bluetooth Speaker,Electronics,27617,27617,5523.4,22093.6,2025-09,53,Male,Karachi,2025-11-06
O02534,C0403,P0060,2025-09-17,5,15,Phone Case,Electronics,24989,124945,18741.75,106203.25,2025-09,18,Female,Faisalabad,2023-01-09
O02926,C0073,P0066,2025-09-17,1,0,Backpack,Fashion,35066,35066,0.0,35066.0,2025-09,38,Male,Multan,2023-07-07
O01268,C0437,P0073,2025-09-18,2,10,Power Bank,Electronics,23168,46336,4633.6,41702.4,2025-09,27,Male,Lahore,2023-11-05
O02321,C0241,P0049,2025-09-18,4,10,Phone Case,Electronics,21329,85316,8531.6,76784.4,2025-09,24,Female,Faisalabad,2026-06-10
O00632,C0354,P0017,2025-09-18,5,0,Smart Watch,Electronics,25096,125480,0.0,125480.0,2025-09,24,Female,Rawalpindi,2024-05-15
O02801,C0179,P0017,2025-09-18,1,25,Smart Watch,Electronics,25096,25096,6274.0,18822.0,2025-09,58,Female,Faisalabad,2025-01-07
O01056,C0486,P0093,2025-09-18,2,15,Phone Case,Home & Kitchen,32410,64820,9723.0,55097.0,2025-09,24,Female,Rawalpindi,2023-04-10
O01560,C0408,P0014,2025-09-19,5,10,Bluetooth Speaker,Electronics,27487,137435,13743.5,123691.5,2025-09,18,Male,Lahore,2024-12-16
O00305,C0400,P0095,2025-09-19,2,10,Mechanical Keyboard,Accessories,23884,47768,4776.8,42991.2,2025-09,26,Female,Islamabad,2024-03-03
O01242,C0150,P0096,2025-09-19,1,10,Mechanical Keyboard,Accessories,645,645,64.5,580.5,2025-09,59,Male,Lahore,2025-07-25
O00490,C0451,P0085,2025-09-19,4,0,Smart Watch,Accessories,31901,127604,0.0,127604.0,2025-09,19,Female,Karachi,2023-04-03
O02781,C0148,P0074,2025-09-19,4,5,Laptop Stand,Electronics,15722,62888,3144.4,59743.6,2025-09,45,Female,Karachi,2025-04-04
O02669,C0480,P0019,2025-09-21,4,0,Headphones,Accessories,42474,169896,0.0,169896.0,2025-09,46,Male,Rawalpindi,2026-06-14
O02046,C0452,P0024,2025-09-21,4,0,Phone Case,Accessories,9406,37624,0.0,37624.0,2025-09,45,Female,Faisalabad,2026-05-15
O00657,C0014,P0056,2025-09-21,3,5,Bluetooth Speaker,Home & Kitchen,4154,12462,623.1,11838.9,2025-09,57,Male,Faisalabad,2026-05-25
O03000,C0403,P0034,2025-09-21,1,5,Backpack,Electronics,7651,7651,382.55,7268.45,2025-09,18,Female,Faisalabad,2023-01-09
O00896,C0314,P0043,2025-09-21,5,10,Laptop Stand,Home & Kitchen,43141,215705,21570.5,194134.5,2025-09,58,Female,Multan,2025-01-17
O02700,C0495,P0055,2025-09-22,4,15,Bluetooth Speaker,Electronics,7552,30208,4531.2,25676.8,2025-09,54,Male,Islamabad,2025-04-16
O02373,C0070,P0094,2025-09-22,1,25,Phone Case,Home & Kitchen,36541,36541,9135.25,27405.75,2025-09,31,Male,Faisalabad,2026-03-21
O01903,C0384,P0018,2025-09-22,2,10,Laptop Stand,Accessories,33674,67348,6734.8,60613.2,2025-09,49,Female,Karachi,2023-01-02
O00378,C0117,P0002,2025-09-22,1,20,Headphones,Home & Kitchen,33279,33279,6655.8,26623.2,2025-09,54,Male,Rawalpindi,2024-01-24
O00303,C0263,P0060,2025-09-23,4,15,Phone Case,Electronics,24989,99956,14993.4,84962.6,2025-09,55,Male,Karachi,2023-10-05
O02785,C0151,P0038,2025-09-23,3,25,Wireless Mouse,Home & Kitchen,43152,129456,32364.0,97092.0,2025-09,23,Female,Karachi,2025-01-22
O00052,C0167,P0039,2025-09-23,1,5,Wireless Mouse,Accessories,7394,7394,369.7,7024.3,2025-09,23,Male,Multan,2023-06-09
O02220,C0480,P0048,2025-09-23,2,5,Laptop Stand,Accessories,35405,70810,3540.5,67269.5,2025-09,46,Male,Rawalpindi,2026-06-14
O01876,C0067,P0070,2025-09-23,3,0,Smart Watch,Home & Kitchen,43168,129504,0.0,129504.0,2025-09,48,Male,Islamabad,2024-02-06
O02567,C0483,P0065,2025-09-24,4,5,Mechanical Keyboard,Accessories,12649,50596,2529.8,48066.2,2025-09,43,Male,Karachi,2025-06-29
O02958,C0284,P0094,2025-09-24,1,0,Phone Case,Home & Kitchen,36541,36541,0.0,36541.0,2025-09,25,Male,Islamabad,2024-12-16
O00017,C0476,P0043,2025-09-24,3,15,Laptop Stand,Home & Kitchen,43141,129423,19413.45,110009.55,2025-09,40,Male,Multan,2025-01-24
O01547,C0321,P0078,2025-09-24,4,20,Phone Case,Home & Kitchen,9935,39740,7948.0,31792.0,2025-09,38,Female,Islamabad,2025-07-22
O01023,C0268,P0079,2025-09-24,4,5,Headphones,Accessories,29052,116208,5810.4,110397.6,2025-09,52,Male,Faisalabad,2024-12-31
O02680,C0357,P0054,2025-09-25,4,20,Bluetooth Speaker,Fashion,30234,120936,24187.2,96748.8,2025-09,18,Female,Lahore,2024-08-06
O02136,C0393,P0044,2025-09-25,4,20,Mechanical Keyboard,Accessories,12789,51156,10231.2,40924.8,2025-09,34,Male,Lahore,2025-05-20
O02737,C0452,P0052,2025-09-25,5,20,USB-C Cable,Fashion,44639,223195,44639.0,178556.0,2025-09,45,Female,Faisalabad,2026-05-15
O01707,C0354,P0043,2025-09-25,4,20,Laptop Stand,Home & Kitchen,43141,172564,34512.8,138051.2,2025-09,24,Female,Rawalpindi,2024-05-15
O02048,C0338,P0094,2025-09-25,5,20,Phone Case,Home & Kitchen,36541,182705,36541.0,146164.0,2025-09,59,Male,Multan,2025-08-17
O02405,C0273,P0100,2025-09-25,5,15,Smart Watch,Accessories,42922,214610,32191.5,182418.5,2025-09,19,Female,Faisalabad,2024-02-05
O00510,C0258,P0098,2025-09-25,4,0,Phone Case,Electronics,16535,66140,0.0,66140.0,2025-09,50,Female,Lahore,2024-07-25
O02253,C0104,P0074,2025-09-26,3,10,Laptop Stand,Electronics,15722,47166,4716.6,42449.4,2025-09,29,Female,Rawalpindi,2025-08-15
O00465,C0051,P0035,2025-09-26,5,10,Bluetooth Speaker,Fashion,28711,143555,14355.5,129199.5,2025-09,31,Male,Rawalpindi,2026-01-14
O02736,C0128,P0014,2025-09-26,5,25,Bluetooth Speaker,Electronics,27487,137435,34358.75,103076.25,2025-09,32,Male,Karachi,2024-08-07
O02894,C0280,P0026,2025-09-26,3,0,Wireless Mouse,Electronics,45314,135942,0.0,135942.0,2025-09,50,Male,Islamabad,2023-11-02
O00921,C0086,P0063,2025-09-26,3,5,Mechanical Keyboard,Electronics,25111,75333,3766.65,71566.35,2025-09,41,Female,Multan,2025-07-09
O02168,C0074,P0041,2025-09-27,3,20,Smart Watch,Accessories,31510,94530,18906.0,75624.0,2025-09,33,Male,Lahore,2026-01-26
O01444,C0183,P0059,2025-09-27,3,20,USB-C Cable,Fashion,48868,146604,29320.8,117283.2,2025-09,20,Male,Faisalabad,2025-08-12
O00828,C0188,P0091,2025-09-27,1,10,Headphones,Electronics,36951,36951,3695.1,33255.9,2025-09,45,Male,Rawalpindi,2023-02-07
O01645,C0344,P0084,2025-09-27,1,5,Headphones,Accessories,10352,10352,517.6,9834.4,2025-09,26,Female,Islamabad,2026-03-22
O00801,C0320,P0069,2025-09-27,5,25,Headphones,Fashion,5995,29975,7493.75,22481.25,2025-09,50,Male,Multan,2024-07-23
O01985,C0178,P0060,2025-09-27,1,25,Phone Case,Electronics,24989,24989,6247.25,18741.75,2025-09,41,Male,Rawalpindi,2025-07-09
O01975,C0074,P0051,2025-09-27,2,10,Headphones,Fashion,48978,97956,9795.6,88160.4,2025-09,33,Male,Lahore,2026-01-26
O01752,C0101,P0046,2025-09-27,5,15,Backpack,Accessories,44096,220480,33072.0,187408.0,2025-09,24,Female,Lahore,2025-11-28
O00727,C0109,P0009,2025-09-28,5,0,Backpack,Electronics,44290,221450,0.0,221450.0,2025-09,54,Male,Karachi,2024-11-27
O00379,C0282,P0050,2025-09-28,1,25,Wireless Mouse,Electronics,34554,34554,8638.5,25915.5,2025-09,38,Male,Lahore,2024-11-17
O01721,C0324,P0011,2025-09-28,5,5,Mechanical Keyboard,Fashion,26019,130095,6504.75,123590.25,2025-09,50,Female,Multan,2025-10-05
O01184,C0343,P0080,2025-09-28,2,20,Smart Watch,Accessories,37884,75768,15153.6,60614.4,2025-09,50,Female,Multan,2024-06-10
O00633,C0491,P0064,2025-09-28,5,25,Smart Watch,Home & Kitchen,42935,214675,53668.75,161006.25,2025-09,42,Male,Islamabad,2023-11-30
O00663,C0075,P0094,2025-09-28,5,5,Phone Case,Home & Kitchen,36541,182705,9135.25,173569.75,2025-09,35,Female,Multan,2023-05-11
O02101,C0041,P0087,2025-09-28,5,0,Bluetooth Speaker,Accessories,36493,182465,0.0,182465.0,2025-09,42,Female,Rawalpindi,2026-05-08
O02425,C0081,P0023,2025-09-28,5,15,Phone Case,Home & Kitchen,39810,199050,29857.5,169192.5,2025-09,32,Female,Karachi,2025-09-09
O02064,C0413,P0075,2025-09-28,4,0,Headphones,Home & Kitchen,24169,96676,0.0,96676.0,2025-09,46,Female,Lahore,2023-01-07
O02983,C0283,P0093,2025-09-28,1,0,Phone Case,Home & Kitchen,32410,32410,0.0,32410.0,2025-09,37,Male,Lahore,2023-10-12
O02313,C0188,P0088,2025-09-28,5,25,Power Bank,Accessories,34584,172920,43230.0,129690.0,2025-09,45,Male,Rawalpindi,2023-02-07
O01125,C0457,P0031,2025-09-29,4,0,Backpack,Electronics,47381,189524,0.0,189524.0,2025-09,29,Male,Faisalabad,2025-08-14
O02081,C0364,P0076,2025-09-29,4,25,Laptop Stand,Electronics,34568,138272,34568.0,103704.0,2025-09,45,Female,Multan,2024-08-29
O02703,C0167,P0057,2025-09-30,1,5,Wireless Mouse,Accessories,23986,23986,1199.3,22786.7,2025-09,23,Male,Multan,2023-06-09
O01373,C0162,P0055,2025-09-30,1,15,Bluetooth Speaker,Electronics,7552,7552,1132.8,6419.2,2025-09,44,Male,Lahore,2025-04-29
O02296,C0461,P0092,2025-09-30,1,20,Headphones,Accessories,7727,7727,1545.4,6181.6,2025-09,60,Male,Islamabad,2024-05-30
O01150,C0314,P0013,2025-09-30,5,15,Bluetooth Speaker,Accessories,16673,83365,12504.75,70860.25,2025-09,58,Female,Multan,2025-01-17
O01251,C0284,P0086,2025-10-01,3,15,Power Bank,Accessories,6795,20385,3057.75,17327.25,2025-10,25,Male,Islamabad,2024-12-16
O01195,C0021,P0003,2025-10-01,1,5,Backpack,Fashion,22136,22136,1106.8,21029.2,2025-10,55,Female,Islamabad,2026-06-06
O02344,C0062,P0034,2025-10-01,2,0,Backpack,Electronics,7651,15302,0.0,15302.0,2025-10,43,Male,Multan,2026-05-31
O01982,C0160,P0077,2025-10-01,2,10,Mechanical Keyboard,Fashion,23753,47506,4750.6,42755.4,2025-10,50,Male,Karachi,2024-02-23
O00902,C0218,P0085,2025-10-02,3,5,Smart Watch,Accessories,31901,95703,4785.15,90917.85,2025-10,53,Male,Rawalpindi,2024-07-10
O00098,C0471,P0005,2025-10-02,2,25,Mechanical Keyboard,Electronics,12056,24112,6028.0,18084.0,2025-10,30,Male,Faisalabad,2025-05-15
O01657,C0234,P0016,2025-10-02,4,5,Smart Watch,Electronics,39838,159352,7967.6,151384.4,2025-10,45,Male,Rawalpindi,2023-03-23
O02025,C0343,P0060,2025-10-02,2,5,Phone Case,Electronics,24989,49978,2498.9,47479.1,2025-10,50,Female,Multan,2024-06-10
O02654,C0456,P0059,2025-10-02,5,5,USB-C Cable,Fashion,48868,244340,12217.0,232123.0,2025-10,41,Male,Rawalpindi,2023-06-08
O00343,C0219,P0017,2025-10-02,5,0,Smart Watch,Electronics,25096,125480,0.0,125480.0,2025-10,36,Male,Islamabad,2026-04-08
O01939,C0111,P0009,2025-10-02,4,5,Backpack,Electronics,44290,177160,8858.0,168302.0,2025-10,57,Female,Multan,2026-06-16
O02493,C0116,P0089,2025-10-02,1,20,Mechanical Keyboard,Electronics,45605,45605,9121.0,36484.0,2025-10,52,Male,Multan,2023-12-06
O01386,C0061,P0054,2025-10-03,5,20,Bluetooth Speaker,Fashion,30234,151170,30234.0,120936.0,2025-10,35,Male,Multan,2024-08-16
O02214,C0222,P0089,2025-10-03,5,15,Mechanical Keyboard,Electronics,45605,228025,34203.75,193821.25,2025-10,36,Male,Multan,2024-02-26
O00899,C0069,P0097,2025-10-03,4,15,Wireless Mouse,Home & Kitchen,38278,153112,22966.8,130145.2,2025-10,25,Male,Islamabad,2026-03-28
O02006,C0338,P0060,2025-10-03,1,15,Phone Case,Electronics,24989,24989,3748.35,21240.65,2025-10,59,Male,Multan,2025-08-17
O01440,C0277,P0095,2025-10-03,3,20,Mechanical Keyboard,Accessories,23884,71652,14330.4,57321.6,2025-10,53,Male,Rawalpindi,2024-04-18
O01927,C0375,P0057,2025-10-03,5,5,Wireless Mouse,Accessories,23986,119930,5996.5,113933.5,2025-10,32,Female,Islamabad,2025-06-07
O00749,C0251,P0039,2025-10-03,5,20,Wireless Mouse,Accessories,7394,36970,7394.0,29576.0,2025-10,58,Male,Karachi,2025-10-04
O01863,C0057,P0012,2025-10-04,4,15,USB-C Cable,Home & Kitchen,27466,109864,16479.6,93384.4,2025-10,23,Male,Rawalpindi,2025-06-01
O00473,C0320,P0035,2025-10-04,2,5,Bluetooth Speaker,Fashion,28711,57422,2871.1,54550.9,2025-10,50,Male,Multan,2024-07-23
O02558,C0112,P0058,2025-10-04,5,5,Wireless Mouse,Accessories,19243,96215,4810.75,91404.25,2025-10,39,Female,Islamabad,2024-01-12
O00326,C0116,P0039,2025-10-04,5,20,Wireless Mouse,Accessories,7394,36970,7394.0,29576.0,2025-10,52,Male,Multan,2023-12-06
O02699,C0001,P0036,2025-10-05,1,0,Bluetooth Speaker,Electronics,27617,27617,0.0,27617.0,2025-10,56,Female,Multan,2023-03-10
O00940,C0098,P0052,2025-10-05,5,15,USB-C Cable,Fashion,44639,223195,33479.25,189715.75,2025-10,56,Female,Faisalabad,2023-09-08
O01362,C0348,P0015,2025-10-05,4,15,Wireless Mouse,Home & Kitchen,13678,54712,8206.8,46505.2,2025-10,59,Female,Islamabad,2026-06-13
O00891,C0376,P0012,2025-10-05,5,20,USB-C Cable,Home & Kitchen,27466,137330,27466.0,109864.0,2025-10,60,Female,Rawalpindi,2025-12-05
O02244,C0264,P0005,2025-10-05,5,15,Mechanical Keyboard,Electronics,12056,60280,9042.0,51238.0,2025-10,57,Male,Multan,2026-05-04
O01908,C0075,P0038,2025-10-05,1,15,Wireless Mouse,Home & Kitchen,43152,43152,6472.8,36679.2,2025-10,35,Female,Multan,2023-05-11
O00373,C0191,P0011,2025-10-06,3,25,Mechanical Keyboard,Fashion,26019,78057,19514.25,58542.75,2025-10,49,Female,Lahore,2026-04-14
O02154,C0021,P0090,2025-10-06,2,10,Wireless Mouse,Fashion,40075,80150,8015.0,72135.0,2025-10,55,Female,Islamabad,2026-06-06
O00421,C0443,P0063,2025-10-06,5,5,Mechanical Keyboard,Electronics,25111,125555,6277.75,119277.25,2025-10,36,Male,Multan,2024-07-02
O02112,C0455,P0086,2025-10-06,2,25,Power Bank,Accessories,6795,13590,3397.5,10192.5,2025-10,37,Male,Lahore,2025-05-11
O02843,C0084,P0046,2025-10-06,2,25,Backpack,Accessories,44096,88192,22048.0,66144.0,2025-10,24,Female,Lahore,2024-05-11
O00099,C0286,P0074,2025-10-06,3,0,Laptop Stand,Electronics,15722,47166,0.0,47166.0,2025-10,20,Male,Islamabad,2026-06-04
O01100,C0196,P0022,2025-10-06,3,0,Power Bank,Accessories,22127,66381,0.0,66381.0,2025-10,43,Female,Multan,2025-03-06
O02288,C0362,P0031,2025-10-07,3,15,Backpack,Electronics,47381,142143,21321.45,120821.55,2025-10,40,Female,Islamabad,2023-10-01
O01084,C0021,P0031,2025-10-07,3,10,Backpack,Electronics,47381,142143,14214.3,127928.7,2025-10,55,Female,Islamabad,2026-06-06
O01261,C0121,P0009,2025-10-07,2,20,Backpack,Electronics,44290,88580,17716.0,70864.0,2025-10,22,Male,Faisalabad,2024-01-11
O01245,C0110,P0068,2025-10-07,1,5,Backpack,Electronics,22175,22175,1108.75,21066.25,2025-10,52,Male,Islamabad,2023-09-29
O01838,C0494,P0032,2025-10-08,3,25,Power Bank,Electronics,46913,140739,35184.75,105554.25,2025-10,27,Male,Karachi,2023-10-20
O00901,C0087,P0093,2025-10-08,2,10,Phone Case,Home & Kitchen,32410,64820,6482.0,58338.0,2025-10,18,Male,Faisalabad,2024-12-22
O02913,C0084,P0090,2025-10-08,2,25,Wireless Mouse,Fashion,40075,80150,20037.5,60112.5,2025-10,24,Female,Lahore,2024-05-11
O01994,C0191,P0024,2025-10-08,4,5,Phone Case,Accessories,9406,37624,1881.2,35742.8,2025-10,49,Female,Lahore,2026-04-14
O00604,C0118,P0046,2025-10-08,2,0,Backpack,Accessories,44096,88192,0.0,88192.0,2025-10,31,Female,Rawalpindi,2024-07-30
O02149,C0488,P0091,2025-10-08,5,5,Headphones,Electronics,36951,184755,9237.75,175517.25,2025-10,28,Female,Lahore,2024-04-22
O00190,C0239,P0072,2025-10-08,1,0,Headphones,Electronics,11630,11630,0.0,11630.0,2025-10,59,Female,Rawalpindi,2025-12-05
O01358,C0179,P0052,2025-10-08,2,5,USB-C Cable,Fashion,44639,89278,4463.9,84814.1,2025-10,58,Female,Faisalabad,2025-01-07
O01275,C0320,P0087,2025-10-09,5,0,Bluetooth Speaker,Accessories,36493,182465,0.0,182465.0,2025-10,50,Male,Multan,2024-07-23
O02361,C0235,P0028,2025-10-09,4,0,Laptop Stand,Electronics,13576,54304,0.0,54304.0,2025-10,42,Female,Islamabad,2023-12-22
O00120,C0145,P0063,2025-10-09,3,25,Mechanical Keyboard,Electronics,25111,75333,18833.25,56499.75,2025-10,49,Female,Lahore,2026-06-20
O02562,C0494,P0018,2025-10-09,5,20,Laptop Stand,Accessories,33674,168370,33674.0,134696.0,2025-10,27,Male,Karachi,2023-10-20
O00918,C0383,P0049,2025-10-09,3,20,Phone Case,Electronics,21329,63987,12797.4,51189.6,2025-10,23,Male,Lahore,2023-08-30
O00351,C0314,P0036,2025-10-10,5,20,Bluetooth Speaker,Electronics,27617,138085,27617.0,110468.0,2025-10,58,Female,Multan,2025-01-17
O01243,C0432,P0004,2025-10-10,5,10,Laptop Stand,Home & Kitchen,16853,84265,8426.5,75838.5,2025-10,53,Male,Multan,2026-06-20
O01133,C0286,P0023,2025-10-10,4,20,Phone Case,Home & Kitchen,39810,159240,31848.0,127392.0,2025-10,20,Male,Islamabad,2026-06-04
O01004,C0387,P0087,2025-10-10,5,10,Bluetooth Speaker,Accessories,36493,182465,18246.5,164218.5,2025-10,57,Female,Faisalabad,2024-08-11
O00063,C0353,P0002,2025-10-10,4,20,Headphones,Home & Kitchen,33279,133116,26623.2,106492.8,2025-10,30,Male,Lahore,2025-10-10
O00688,C0202,P0046,2025-10-10,4,25,Backpack,Accessories,44096,176384,44096.0,132288.0,2025-10,34,Female,Faisalabad,2023-11-14
O02175,C0470,P0014,2025-10-10,1,10,Bluetooth Speaker,Electronics,27487,27487,2748.7,24738.3,2025-10,46,Female,Lahore,2026-02-14
O01319,C0304,P0042,2025-10-11,1,20,Power Bank,Accessories,49757,49757,9951.4,39805.6,2025-10,22,Female,Rawalpindi,2025-06-05
O00164,C0341,P0017,2025-10-11,1,20,Smart Watch,Electronics,25096,25096,5019.2,20076.8,2025-10,34,Female,Lahore,2025-06-17
O01436,C0305,P0085,2025-10-11,5,10,Smart Watch,Accessories,31901,159505,15950.5,143554.5,2025-10,36,Female,Lahore,2025-03-07
O02546,C0279,P0077,2025-10-12,4,0,Mechanical Keyboard,Fashion,23753,95012,0.0,95012.0,2025-10,21,Male,Lahore,2023-07-29
O00364,C0485,P0057,2025-10-12,4,10,Wireless Mouse,Accessories,23986,95944,9594.4,86349.6,2025-10,58,Male,Faisalabad,2025-03-04
O01981,C0148,P0016,2025-10-12,4,0,Smart Watch,Electronics,39838,159352,0.0,159352.0,2025-10,45,Female,Karachi,2025-04-04
O01770,C0476,P0023,2025-10-12,4,5,Phone Case,Home & Kitchen,39810,159240,7962.0,151278.0,2025-10,40,Male,Multan,2025-01-24
O00779,C0050,P0003,2025-10-12,4,20,Backpack,Fashion,22136,88544,17708.8,70835.2,2025-10,52,Female,Faisalabad,2025-09-07
O02602,C0188,P0093,2025-10-13,2,15,Phone Case,Home & Kitchen,32410,64820,9723.0,55097.0,2025-10,45,Male,Rawalpindi,2023-02-07
O00875,C0070,P0044,2025-10-13,4,5,Mechanical Keyboard,Accessories,12789,51156,2557.8,48598.2,2025-10,31,Male,Faisalabad,2026-03-21
O01271,C0424,P0083,2025-10-13,3,25,Wireless Mouse,Home & Kitchen,39020,117060,29265.0,87795.0,2025-10,47,Female,Karachi,2025-05-23
O01750,C0005,P0051,2025-10-13,2,15,Headphones,Fashion,48978,97956,14693.4,83262.6,2025-10,25,Female,Karachi,2025-08-15
O02324,C0084,P0007,2025-10-14,4,25,Power Bank,Home & Kitchen,12063,48252,12063.0,36189.0,2025-10,24,Female,Lahore,2024-05-11
O01844,C0022,P0099,2025-10-14,3,10,Smart Watch,Electronics,3540,10620,1062.0,9558.0,2025-10,19,Female,Lahore,2023-04-18
O01717,C0021,P0079,2025-10-14,2,15,Headphones,Accessories,29052,58104,8715.6,49388.4,2025-10,55,Female,Islamabad,2026-06-06
O00376,C0256,P0081,2025-10-15,2,20,Mechanical Keyboard,Fashion,16893,33786,6757.2,27028.8,2025-10,37,Male,Faisalabad,2026-06-01
O02248,C0456,P0002,2025-10-15,2,20,Headphones,Home & Kitchen,33279,66558,13311.6,53246.4,2025-10,41,Male,Rawalpindi,2023-06-08
O01160,C0139,P0020,2025-10-15,5,0,Phone Case,Home & Kitchen,4931,24655,0.0,24655.0,2025-10,56,Male,Faisalabad,2025-12-21
O02383,C0090,P0001,2025-10-15,1,5,Smart Watch,Electronics,5260,5260,263.0,4997.0,2025-10,28,Male,Rawalpindi,2024-05-07
O02790,C0313,P0097,2025-10-15,3,0,Wireless Mouse,Home & Kitchen,38278,114834,0.0,114834.0,2025-10,52,Female,Multan,2025-04-28
O02898,C0154,P0033,2025-10-15,1,0,Laptop Stand,Electronics,6512,6512,0.0,6512.0,2025-10,37,Male,Islamabad,2023-02-23
O01131,C0076,P0058,2025-10-15,3,0,Wireless Mouse,Accessories,19243,57729,0.0,57729.0,2025-10,41,Male,Rawalpindi,2025-03-15
O02617,C0179,P0087,2025-10-16,5,0,Bluetooth Speaker,Accessories,36493,182465,0.0,182465.0,2025-10,58,Female,Faisalabad,2025-01-07
O01347,C0147,P0036,2025-10-16,5,10,Bluetooth Speaker,Electronics,27617,138085,13808.5,124276.5,2025-10,39,Male,Rawalpindi,2023-08-14
O02158,C0013,P0049,2025-10-16,2,10,Phone Case,Electronics,21329,42658,4265.8,38392.2,2025-10,53,Male,Karachi,2025-11-06
O02057,C0460,P0074,2025-10-16,4,10,Laptop Stand,Electronics,15722,62888,6288.8,56599.2,2025-10,50,Male,Faisalabad,2025-03-15
O01463,C0456,P0026,2025-10-16,2,10,Wireless Mouse,Electronics,45314,90628,9062.8,81565.2,2025-10,41,Male,Rawalpindi,2023-06-08
O01665,C0030,P0001,2025-10-16,1,15,Smart Watch,Electronics,5260,5260,789.0,4471.0,2025-10,45,Female,Islamabad,2025-08-14
O00847,C0270,P0096,2025-10-16,2,20,Mechanical Keyboard,Accessories,645,1290,258.0,1032.0,2025-10,46,Male,Lahore,2025-11-06
O00075,C0428,P0022,2025-10-16,5,0,Power Bank,Accessories,22127,110635,0.0,110635.0,2025-10,43,Female,Faisalabad,2025-10-10
O00545,C0113,P0054,2025-10-16,5,0,Bluetooth Speaker,Fashion,30234,151170,0.0,151170.0,2025-10,44,Female,Multan,2023-09-23
O01738,C0338,P0059,2025-10-17,1,10,USB-C Cable,Fashion,48868,48868,4886.8,43981.2,2025-10,59,Male,Multan,2025-08-17
O01299,C0120,P0007,2025-10-17,4,25,Power Bank,Home & Kitchen,12063,48252,12063.0,36189.0,2025-10,18,Male,Multan,2026-03-11
O01592,C0313,P0095,2025-10-17,5,25,Mechanical Keyboard,Accessories,23884,119420,29855.0,89565.0,2025-10,52,Female,Multan,2025-04-28
O01246,C0435,P0081,2025-10-17,4,5,Mechanical Keyboard,Fashion,16893,67572,3378.6,64193.4,2025-10,54,Male,Rawalpindi,2025-01-19
O01550,C0463,P0015,2025-10-17,3,5,Wireless Mouse,Home & Kitchen,13678,41034,2051.7,38982.3,2025-10,29,Female,Multan,2024-06-15
O00602,C0003,P0055,2025-10-18,5,25,Bluetooth Speaker,Electronics,7552,37760,9440.0,28320.0,2025-10,32,Male,Multan,2026-03-17
O02007,C0248,P0026,2025-10-18,5,0,Wireless Mouse,Electronics,45314,226570,0.0,226570.0,2025-10,54,Female,Islamabad,2025-05-05
O02538,C0303,P0034,2025-10-18,3,20,Backpack,Electronics,7651,22953,4590.6,18362.4,2025-10,50,Male,Lahore,2023-02-08
O01054,C0363,P0056,2025-10-18,3,15,Bluetooth Speaker,Home & Kitchen,4154,12462,1869.3,10592.7,2025-10,32,Male,Faisalabad,2023-12-04
O01429,C0363,P0007,2025-10-19,5,10,Power Bank,Home & Kitchen,12063,60315,6031.5,54283.5,2025-10,32,Male,Faisalabad,2023-12-04
O02456,C0155,P0082,2025-10-19,1,5,Bluetooth Speaker,Fashion,11117,11117,555.85,10561.15,2025-10,47,Female,Faisalabad,2025-12-06
O02821,C0412,P0073,2025-10-19,5,10,Power Bank,Electronics,23168,115840,11584.0,104256.0,2025-10,39,Male,Rawalpindi,2024-01-18
O01710,C0051,P0009,2025-10-19,3,15,Backpack,Electronics,44290,132870,19930.5,112939.5,2025-10,31,Male,Rawalpindi,2026-01-14
O00769,C0124,P0077,2025-10-19,1,10,Mechanical Keyboard,Fashion,23753,23753,2375.3,21377.7,2025-10,56,Male,Lahore,2023-10-20
O02088,C0201,P0019,2025-10-19,3,5,Headphones,Accessories,42474,127422,6371.1,121050.9,2025-10,28,Female,Rawalpindi,2023-08-12
O01753,C0164,P0053,2025-10-19,5,25,Power Bank,Electronics,49213,246065,61516.25,184548.75,2025-10,58,Female,Faisalabad,2026-03-14
O02422,C0321,P0095,2025-10-20,2,25,Mechanical Keyboard,Accessories,23884,47768,11942.0,35826.0,2025-10,38,Female,Islamabad,2025-07-22
O01569,C0429,P0022,2025-10-20,5,5,Power Bank,Accessories,22127,110635,5531.75,105103.25,2025-10,43,Female,Karachi,2025-11-01
O01898,C0023,P0015,2025-10-20,1,20,Wireless Mouse,Home & Kitchen,13678,13678,2735.6,10942.4,2025-10,38,Female,Karachi,2023-06-21
O01277,C0376,P0025,2025-10-20,1,5,Backpack,Fashion,37414,37414,1870.7,35543.3,2025-10,60,Female,Rawalpindi,2025-12-05
O02786,C0002,P0041,2025-10-20,2,0,Smart Watch,Accessories,31510,63020,0.0,63020.0,2025-10,46,Male,Lahore,2025-01-20
O01520,C0266,P0034,2025-10-20,3,15,Backpack,Electronics,7651,22953,3442.95,19510.05,2025-10,52,Male,Faisalabad,2024-04-28
O00974,C0277,P0067,2025-10-20,3,5,Mechanical Keyboard,Fashion,42868,128604,6430.2,122173.8,2025-10,53,Male,Rawalpindi,2024-04-18
O00215,C0419,P0029,2025-10-21,2,25,Smart Watch,Electronics,49792,99584,24896.0,74688.0,2025-10,39,Female,Islamabad,2024-02-14
O00042,C0487,P0003,2025-10-21,4,20,Backpack,Fashion,22136,88544,17708.8,70835.2,2025-10,21,Female,Islamabad,2025-01-21
O00051,C0288,P0089,2025-10-21,1,15,Mechanical Keyboard,Electronics,45605,45605,6840.75,38764.25,2025-10,50,Female,Islamabad,2024-01-16
O02208,C0460,P0097,2025-10-21,2,10,Wireless Mouse,Home & Kitchen,38278,76556,7655.6,68900.4,2025-10,50,Male,Faisalabad,2025-03-15
O02566,C0271,P0086,2025-10-21,3,25,Power Bank,Accessories,6795,20385,5096.25,15288.75,2025-10,35,Male,Rawalpindi,2024-06-07
O02224,C0055,P0030,2025-10-22,2,5,Wireless Mouse,Home & Kitchen,38150,76300,3815.0,72485.0,2025-10,21,Female,Rawalpindi,2024-09-20
O01204,C0460,P0008,2025-10-22,4,20,Wireless Mouse,Electronics,47319,189276,37855.2,151420.8,2025-10,50,Male,Faisalabad,2025-03-15
O01768,C0395,P0087,2025-10-22,4,25,Bluetooth Speaker,Accessories,36493,145972,36493.0,109479.0,2025-10,45,Male,Faisalabad,2023-05-02
O01563,C0277,P0076,2025-10-22,3,20,Laptop Stand,Electronics,34568,103704,20740.8,82963.2,2025-10,53,Male,Rawalpindi,2024-04-18
O02985,C0178,P0017,2025-10-23,2,25,Smart Watch,Electronics,25096,50192,12548.0,37644.0,2025-10,41,Male,Rawalpindi,2025-07-09
O00486,C0329,P0099,2025-10-23,3,15,Smart Watch,Electronics,3540,10620,1593.0,9027.0,2025-10,48,Female,Faisalabad,2025-12-19
O02852,C0310,P0042,2025-10-23,2,20,Power Bank,Accessories,49757,99514,19902.8,79611.2,2025-10,47,Male,Karachi,2025-08-31
O00295,C0393,P0054,2025-10-23,1,25,Bluetooth Speaker,Fashion,30234,30234,7558.5,22675.5,2025-10,34,Male,Lahore,2025-05-20
O02329,C0054,P0016,2025-10-23,5,15,Smart Watch,Electronics,39838,199190,29878.5,169311.5,2025-10,57,Male,Rawalpindi,2023-12-01
O00972,C0032,P0025,2025-10-24,3,5,Backpack,Fashion,37414,112242,5612.1,106629.9,2025-10,32,Male,Multan,2023-11-26
O01962,C0021,P0035,2025-10-24,1,10,Bluetooth Speaker,Fashion,28711,28711,2871.1,25839.9,2025-10,55,Female,Islamabad,2026-06-06
O01609,C0047,P0044,2025-10-24,1,25,Mechanical Keyboard,Accessories,12789,12789,3197.25,9591.75,2025-10,45,Male,Karachi,2025-11-05
O02198,C0321,P0019,2025-10-24,3,5,Headphones,Accessories,42474,127422,6371.1,121050.9,2025-10,38,Female,Islamabad,2025-07-22
O00793,C0403,P0010,2025-10-24,1,5,Backpack,Fashion,8734,8734,436.7,8297.3,2025-10,18,Female,Faisalabad,2023-01-09
O00736,C0019,P0073,2025-10-24,2,20,Power Bank,Electronics,23168,46336,9267.2,37068.8,2025-10,41,Male,Karachi,2025-11-28
O00275,C0151,P0076,2025-10-24,1,20,Laptop Stand,Electronics,34568,34568,6913.6,27654.4,2025-10,23,Female,Karachi,2025-01-22
O01349,C0308,P0093,2025-10-25,2,15,Phone Case,Home & Kitchen,32410,64820,9723.0,55097.0,2025-10,34,Male,Karachi,2025-06-02
O02981,C0330,P0015,2025-10-25,4,5,Wireless Mouse,Home & Kitchen,13678,54712,2735.6,51976.4,2025-10,20,Male,Multan,2024-03-05
O00062,C0136,P0085,2025-10-25,4,0,Smart Watch,Accessories,31901,127604,0.0,127604.0,2025-10,47,Female,Rawalpindi,2024-12-10
O02227,C0244,P0088,2025-10-26,5,15,Power Bank,Accessories,34584,172920,25938.0,146982.0,2025-10,19,Male,Rawalpindi,2026-05-31
O00729,C0030,P0020,2025-10-26,4,0,Phone Case,Home & Kitchen,4931,19724,0.0,19724.0,2025-10,45,Female,Islamabad,2025-08-14
O01926,C0145,P0025,2025-10-26,2,20,Backpack,Fashion,37414,74828,14965.6,59862.4,2025-10,49,Female,Lahore,2026-06-20
O01451,C0147,P0096,2025-10-26,1,10,Mechanical Keyboard,Accessories,645,645,64.5,580.5,2025-10,39,Male,Rawalpindi,2023-08-14
O01798,C0399,P0064,2025-10-26,1,25,Smart Watch,Home & Kitchen,42935,42935,10733.75,32201.25,2025-10,40,Female,Lahore,2025-06-05
O02282,C0233,P0078,2025-10-26,3,15,Phone Case,Home & Kitchen,9935,29805,4470.75,25334.25,2025-10,28,Female,Karachi,2023-12-29
O00986,C0079,P0058,2025-10-26,1,20,Wireless Mouse,Accessories,19243,19243,3848.6,15394.4,2025-10,58,Female,Karachi,2025-09-12
O00266,C0316,P0057,2025-10-27,3,25,Wireless Mouse,Accessories,23986,71958,17989.5,53968.5,2025-10,41,Male,Faisalabad,2023-01-21
O02528,C0435,P0059,2025-10-27,2,20,USB-C Cable,Fashion,48868,97736,19547.2,78188.8,2025-10,54,Male,Rawalpindi,2025-01-19
O02123,C0329,P0023,2025-10-27,2,15,Phone Case,Home & Kitchen,39810,79620,11943.0,67677.0,2025-10,48,Female,Faisalabad,2025-12-19
O00553,C0039,P0065,2025-10-27,2,10,Mechanical Keyboard,Accessories,12649,25298,2529.8,22768.2,2025-10,35,Female,Multan,2025-09-02
O00860,C0301,P0015,2025-10-27,3,10,Wireless Mouse,Home & Kitchen,13678,41034,4103.4,36930.6,2025-10,50,Female,Islamabad,2026-01-27
O00158,C0481,P0087,2025-10-27,4,0,Bluetooth Speaker,Accessories,36493,145972,0.0,145972.0,2025-10,43,Female,Multan,2024-06-13
O00566,C0238,P0033,2025-10-28,2,15,Laptop Stand,Electronics,6512,13024,1953.6,11070.4,2025-10,47,Male,Rawalpindi,2026-06-01
O00659,C0418,P0011,2025-10-29,1,5,Mechanical Keyboard,Fashion,26019,26019,1300.95,24718.05,2025-10,54,Female,Multan,2023-01-22
O01361,C0455,P0067,2025-10-29,2,15,Mechanical Keyboard,Fashion,42868,85736,12860.4,72875.6,2025-10,37,Male,Lahore,2025-05-11
O01706,C0042,P0023,2025-10-29,4,5,Phone Case,Home & Kitchen,39810,159240,7962.0,151278.0,2025-10,31,Female,Multan,2024-04-10
O01017,C0178,P0085,2025-10-29,3,10,Smart Watch,Accessories,31901,95703,9570.3,86132.7,2025-10,41,Male,Rawalpindi,2025-07-09
O02918,C0309,P0088,2025-10-29,5,5,Power Bank,Accessories,34584,172920,8646.0,164274.0,2025-10,45,Female,Rawalpindi,2026-02-27
O01365,C0406,P0046,2025-10-29,3,15,Backpack,Accessories,44096,132288,19843.2,112444.8,2025-10,42,Female,Multan,2023-08-11
O01388,C0262,P0030,2025-10-29,5,25,Wireless Mouse,Home & Kitchen,38150,190750,47687.5,143062.5,2025-10,53,Male,Karachi,2025-09-15
O02901,C0295,P0084,2025-10-30,5,0,Headphones,Accessories,10352,51760,0.0,51760.0,2025-10,25,Female,Rawalpindi,2023-03-20
O01559,C0279,P0088,2025-10-30,1,25,Power Bank,Accessories,34584,34584,8646.0,25938.0,2025-10,21,Male,Lahore,2023-07-29
O02042,C0137,P0026,2025-10-30,2,20,Wireless Mouse,Electronics,45314,90628,18125.6,72502.4,2025-10,54,Male,Multan,2025-03-17
O01303,C0016,P0002,2025-10-31,3,5,Headphones,Home & Kitchen,33279,99837,4991.85,94845.15,2025-10,20,Male,Rawalpindi,2025-07-27
O00997,C0026,P0087,2025-10-31,3,5,Bluetooth Speaker,Accessories,36493,109479,5473.95,104005.05,2025-10,39,Male,Rawalpindi,2024-06-07
O01269,C0317,P0023,2025-11-01,3,20,Phone Case,Home & Kitchen,39810,119430,23886.0,95544.0,2025-11,46,Male,Karachi,2023-10-30
O01085,C0158,P0052,2025-11-01,1,25,USB-C Cable,Fashion,44639,44639,11159.75,33479.25,2025-11,42,Male,Karachi,2026-01-27
O02365,C0240,P0061,2025-11-02,3,0,Laptop Stand,Electronics,9136,27408,0.0,27408.0,2025-11,52,Female,Faisalabad,2026-02-10
O02141,C0274,P0051,2025-11-02,2,5,Headphones,Fashion,48978,97956,4897.8,93058.2,2025-11,52,Male,Lahore,2025-06-04
O01915,C0173,P0068,2025-11-02,4,20,Backpack,Electronics,22175,88700,17740.0,70960.0,2025-11,59,Female,Faisalabad,2024-08-02
O00034,C0323,P0082,2025-11-02,5,25,Bluetooth Speaker,Fashion,11117,55585,13896.25,41688.75,2025-11,40,Male,Islamabad,2026-04-01
O00299,C0156,P0059,2025-11-02,2,25,USB-C Cable,Fashion,48868,97736,24434.0,73302.0,2025-11,28,Female,Multan,2024-12-27
O02848,C0014,P0053,2025-11-02,4,15,Power Bank,Electronics,49213,196852,29527.8,167324.2,2025-11,57,Male,Faisalabad,2026-05-25
O00366,C0160,P0059,2025-11-03,3,15,USB-C Cable,Fashion,48868,146604,21990.6,124613.4,2025-11,50,Male,Karachi,2024-02-23
O02582,C0490,P0070,2025-11-03,4,15,Smart Watch,Home & Kitchen,43168,172672,25900.8,146771.2,2025-11,53,Male,Faisalabad,2024-06-09
O02055,C0112,P0082,2025-11-03,4,0,Bluetooth Speaker,Fashion,11117,44468,0.0,44468.0,2025-11,39,Female,Islamabad,2024-01-12
O02977,C0262,P0023,2025-11-03,1,25,Phone Case,Home & Kitchen,39810,39810,9952.5,29857.5,2025-11,53,Male,Karachi,2025-09-15
O02666,C0009,P0016,2025-11-03,4,20,Smart Watch,Electronics,39838,159352,31870.4,127481.6,2025-11,40,Male,Karachi,2023-06-03
O00761,C0148,P0090,2025-11-03,2,10,Wireless Mouse,Fashion,40075,80150,8015.0,72135.0,2025-11,45,Female,Karachi,2025-04-04
O00186,C0101,P0019,2025-11-03,3,15,Headphones,Accessories,42474,127422,19113.3,108308.7,2025-11,24,Female,Lahore,2025-11-28
O00016,C0419,P0069,2025-11-03,4,25,Headphones,Fashion,5995,23980,5995.0,17985.0,2025-11,39,Female,Islamabad,2024-02-14
O00181,C0406,P0028,2025-11-03,2,10,Laptop Stand,Electronics,13576,27152,2715.2,24436.8,2025-11,42,Female,Multan,2023-08-11
O02929,C0048,P0079,2025-11-04,4,0,Headphones,Accessories,29052,116208,0.0,116208.0,2025-11,24,Male,Islamabad,2024-12-11
O01375,C0439,P0020,2025-11-04,1,20,Phone Case,Home & Kitchen,4931,4931,986.2,3944.8,2025-11,53,Male,Faisalabad,2023-10-15
O01786,C0308,P0067,2025-11-04,5,0,Mechanical Keyboard,Fashion,42868,214340,0.0,214340.0,2025-11,34,Male,Karachi,2025-06-02
O00022,C0457,P0061,2025-11-05,5,25,Laptop Stand,Electronics,9136,45680,11420.0,34260.0,2025-11,29,Male,Faisalabad,2025-08-14
O00195,C0429,P0097,2025-11-05,4,25,Wireless Mouse,Home & Kitchen,38278,153112,38278.0,114834.0,2025-11,43,Female,Karachi,2025-11-01
O01264,C0500,P0087,2025-11-05,4,15,Bluetooth Speaker,Accessories,36493,145972,21895.8,124076.2,2025-11,53,Male,Multan,2023-01-14
O02604,C0326,P0075,2025-11-05,5,25,Headphones,Home & Kitchen,24169,120845,30211.25,90633.75,2025-11,35,Male,Faisalabad,2025-03-02
O02278,C0143,P0064,2025-11-05,3,15,Smart Watch,Home & Kitchen,42935,128805,19320.75,109484.25,2025-11,53,Male,Islamabad,2025-02-10
O00085,C0381,P0088,2025-11-05,1,5,Power Bank,Accessories,34584,34584,1729.2,32854.8,2025-11,56,Male,Multan,2024-12-14
O01987,C0366,P0077,2025-11-06,5,0,Mechanical Keyboard,Fashion,23753,118765,0.0,118765.0,2025-11,19,Male,Faisalabad,2023-01-11
O02087,C0094,P0033,2025-11-06,1,25,Laptop Stand,Electronics,6512,6512,1628.0,4884.0,2025-11,52,Female,Karachi,2025-01-08
O01357,C0157,P0071,2025-11-06,2,0,Mechanical Keyboard,Electronics,14173,28346,0.0,28346.0,2025-11,45,Female,Karachi,2024-11-19
O00101,C0264,P0021,2025-11-06,4,0,USB-C Cable,Accessories,28264,113056,0.0,113056.0,2025-11,57,Male,Multan,2026-05-04
O00757,C0161,P0006,2025-11-06,4,5,Headphones,Accessories,28098,112392,5619.6,106772.4,2025-11,18,Male,Karachi,2024-11-20
O00482,C0136,P0032,2025-11-06,5,15,Power Bank,Electronics,46913,234565,35184.75,199380.25,2025-11,47,Female,Rawalpindi,2024-12-10
O02520,C0237,P0097,2025-11-07,5,20,Wireless Mouse,Home & Kitchen,38278,191390,38278.0,153112.0,2025-11,48,Male,Rawalpindi,2023-10-22
O01571,C0073,P0080,2025-11-07,4,5,Smart Watch,Accessories,37884,151536,7576.8,143959.2,2025-11,38,Male,Multan,2023-07-07
O00641,C0411,P0071,2025-11-07,1,5,Mechanical Keyboard,Electronics,14173,14173,708.65,13464.35,2025-11,22,Female,Islamabad,2023-09-08
O00243,C0141,P0028,2025-11-07,5,5,Laptop Stand,Electronics,13576,67880,3394.0,64486.0,2025-11,60,Male,Faisalabad,2026-03-22
O01091,C0223,P0040,2025-11-07,4,5,Smart Watch,Electronics,13967,55868,2793.4,53074.6,2025-11,37,Female,Multan,2024-11-30
O00861,C0228,P0073,2025-11-07,1,20,Power Bank,Electronics,23168,23168,4633.6,18534.4,2025-11,57,Male,Lahore,2025-01-30
O00423,C0200,P0070,2025-11-07,3,15,Smart Watch,Home & Kitchen,43168,129504,19425.6,110078.4,2025-11,21,Male,Faisalabad,2025-11-29
O01756,C0064,P0013,2025-11-07,4,20,Bluetooth Speaker,Accessories,16673,66692,13338.4,53353.6,2025-11,27,Female,Multan,2024-01-07
O00165,C0258,P0085,2025-11-08,2,10,Smart Watch,Accessories,31901,63802,6380.2,57421.8,2025-11,50,Female,Lahore,2024-07-25
O02603,C0054,P0022,2025-11-08,2,10,Power Bank,Accessories,22127,44254,4425.4,39828.6,2025-11,57,Male,Rawalpindi,2023-12-01
O01252,C0468,P0070,2025-11-09,2,10,Smart Watch,Home & Kitchen,43168,86336,8633.6,77702.4,2025-11,27,Female,Karachi,2024-02-24
O00881,C0203,P0032,2025-11-09,5,20,Power Bank,Electronics,46913,234565,46913.0,187652.0,2025-11,55,Female,Faisalabad,2023-12-15
O01598,C0167,P0087,2025-11-09,2,10,Bluetooth Speaker,Accessories,36493,72986,7298.6,65687.4,2025-11,23,Male,Multan,2023-06-09
O00836,C0414,P0013,2025-11-09,1,25,Bluetooth Speaker,Accessories,16673,16673,4168.25,12504.75,2025-11,20,Male,Multan,2024-04-03
O02251,C0059,P0004,2025-11-09,2,15,Laptop Stand,Home & Kitchen,16853,33706,5055.9,28650.1,2025-11,21,Male,Multan,2025-04-06
O02071,C0394,P0044,2025-11-09,3,10,Mechanical Keyboard,Accessories,12789,38367,3836.7,34530.3,2025-11,36,Female,Karachi,2023-03-31
O01511,C0258,P0047,2025-11-10,3,0,Bluetooth Speaker,Accessories,23671,71013,0.0,71013.0,2025-11,50,Female,Lahore,2024-07-25
O00451,C0148,P0043,2025-11-10,2,15,Laptop Stand,Home & Kitchen,43141,86282,12942.3,73339.7,2025-11,45,Female,Karachi,2025-04-04
O01714,C0430,P0039,2025-11-10,3,20,Wireless Mouse,Accessories,7394,22182,4436.4,17745.6,2025-11,38,Female,Karachi,2023-03-28
O00568,C0151,P0043,2025-11-10,2,5,Laptop Stand,Home & Kitchen,43141,86282,4314.1,81967.9,2025-11,23,Female,Karachi,2025-01-22
O00697,C0119,P0044,2025-11-10,2,15,Mechanical Keyboard,Accessories,12789,25578,3836.7,21741.3,2025-11,20,Female,Lahore,2023-01-03
O01893,C0164,P0021,2025-11-11,5,15,USB-C Cable,Accessories,28264,141320,21198.0,120122.0,2025-11,58,Female,Faisalabad,2026-03-14
O00739,C0228,P0044,2025-11-11,5,10,Mechanical Keyboard,Accessories,12789,63945,6394.5,57550.5,2025-11,57,Male,Lahore,2025-01-30
O00348,C0149,P0021,2025-11-11,2,0,USB-C Cable,Accessories,28264,56528,0.0,56528.0,2025-11,19,Male,Faisalabad,2023-08-06
O01544,C0268,P0002,2025-11-11,4,0,Headphones,Home & Kitchen,33279,133116,0.0,133116.0,2025-11,52,Male,Faisalabad,2024-12-31
O01149,C0338,P0078,2025-11-11,1,5,Phone Case,Home & Kitchen,9935,9935,496.75,9438.25,2025-11,59,Male,Multan,2025-08-17
O01705,C0387,P0026,2025-11-12,3,25,Wireless Mouse,Electronics,45314,135942,33985.5,101956.5,2025-11,57,Female,Faisalabad,2024-08-11
O02841,C0289,P0026,2025-11-12,4,0,Wireless Mouse,Electronics,45314,181256,0.0,181256.0,2025-11,29,Female,Islamabad,2024-04-04
O02411,C0418,P0005,2025-11-12,1,15,Mechanical Keyboard,Electronics,12056,12056,1808.4,10247.6,2025-11,54,Female,Multan,2023-01-22
O01866,C0163,P0018,2025-11-13,2,5,Laptop Stand,Accessories,33674,67348,3367.4,63980.6,2025-11,30,Male,Multan,2023-03-03
O02884,C0204,P0072,2025-11-13,5,25,Headphones,Electronics,11630,58150,14537.5,43612.5,2025-11,41,Female,Faisalabad,2023-04-25
O01044,C0454,P0089,2025-11-13,3,0,Mechanical Keyboard,Electronics,45605,136815,0.0,136815.0,2025-11,44,Female,Multan,2025-06-21
O02959,C0449,P0051,2025-11-13,2,25,Headphones,Fashion,48978,97956,24489.0,73467.0,2025-11,41,Male,Multan,2023-02-04
O02084,C0452,P0092,2025-11-13,2,20,Headphones,Accessories,7727,15454,3090.8,12363.2,2025-11,45,Female,Faisalabad,2026-05-15
O02759,C0481,P0032,2025-11-13,2,10,Power Bank,Electronics,46913,93826,9382.6,84443.4,2025-11,43,Female,Multan,2024-06-13
O02237,C0135,P0004,2025-11-13,4,15,Laptop Stand,Home & Kitchen,16853,67412,10111.8,57300.2,2025-11,21,Female,Multan,2025-07-27
O01875,C0135,P0006,2025-11-13,4,5,Headphones,Accessories,28098,112392,5619.6,106772.4,2025-11,21,Female,Multan,2025-07-27
O01886,C0136,P0033,2025-11-13,1,10,Laptop Stand,Electronics,6512,6512,651.2,5860.8,2025-11,47,Female,Rawalpindi,2024-12-10
O02973,C0046,P0015,2025-11-14,4,5,Wireless Mouse,Home & Kitchen,13678,54712,2735.6,51976.4,2025-11,37,Female,Multan,2025-02-16
O01502,C0084,P0025,2025-11-14,3,10,Backpack,Fashion,37414,112242,11224.2,101017.8,2025-11,24,Female,Lahore,2024-05-11
O00443,C0385,P0075,2025-11-14,4,15,Headphones,Home & Kitchen,24169,96676,14501.4,82174.6,2025-11,47,Male,Faisalabad,2023-08-13
O01529,C0259,P0090,2025-11-14,4,15,Wireless Mouse,Fashion,40075,160300,24045.0,136255.0,2025-11,41,Male,Multan,2023-12-01
O01670,C0037,P0070,2025-11-15,5,0,Smart Watch,Home & Kitchen,43168,215840,0.0,215840.0,2025-11,26,Male,Multan,2026-01-09
O01166,C0212,P0024,2025-11-16,2,5,Phone Case,Accessories,9406,18812,940.6,17871.4,2025-11,26,Male,Rawalpindi,2023-04-02
O02692,C0194,P0007,2025-11-16,5,5,Power Bank,Home & Kitchen,12063,60315,3015.75,57299.25,2025-11,36,Female,Lahore,2023-02-06
O01834,C0443,P0036,2025-11-16,1,10,Bluetooth Speaker,Electronics,27617,27617,2761.7,24855.3,2025-11,36,Male,Multan,2024-07-02
O02139,C0263,P0047,2025-11-16,5,15,Bluetooth Speaker,Accessories,23671,118355,17753.25,100601.75,2025-11,55,Male,Karachi,2023-10-05
O01557,C0223,P0078,2025-11-16,1,25,Phone Case,Home & Kitchen,9935,9935,2483.75,7451.25,2025-11,37,Female,Multan,2024-11-30
O01888,C0188,P0012,2025-11-16,4,25,USB-C Cable,Home & Kitchen,27466,109864,27466.0,82398.0,2025-11,45,Male,Rawalpindi,2023-02-07
O02970,C0420,P0059,2025-11-16,3,0,USB-C Cable,Fashion,48868,146604,0.0,146604.0,2025-11,46,Female,Multan,2025-06-13
O00830,C0031,P0046,2025-11-16,4,20,Backpack,Accessories,44096,176384,35276.8,141107.2,2025-11,33,Female,Faisalabad,2025-11-06
O00384,C0252,P0062,2025-11-17,3,15,Bluetooth Speaker,Fashion,6941,20823,3123.45,17699.55,2025-11,52,Female,Multan,2024-04-11
O02185,C0017,P0088,2025-11-17,1,20,Power Bank,Accessories,34584,34584,6916.8,27667.2,2025-11,39,Male,Multan,2023-02-11
O01763,C0047,P0049,2025-11-17,2,5,Phone Case,Electronics,21329,42658,2132.9,40525.1,2025-11,45,Male,Karachi,2025-11-05
O01693,C0069,P0057,2025-11-17,4,10,Wireless Mouse,Accessories,23986,95944,9594.4,86349.6,2025-11,25,Male,Islamabad,2026-03-28
O02095,C0298,P0098,2025-11-17,1,0,Phone Case,Electronics,16535,16535,0.0,16535.0,2025-11,51,Male,Karachi,2024-07-23
O01250,C0201,P0032,2025-11-17,1,0,Power Bank,Electronics,46913,46913,0.0,46913.0,2025-11,28,Female,Rawalpindi,2023-08-12
O00342,C0062,P0058,2025-11-18,4,15,Wireless Mouse,Accessories,19243,76972,11545.8,65426.2,2025-11,43,Male,Multan,2026-05-31
O02477,C0241,P0022,2025-11-18,2,10,Power Bank,Accessories,22127,44254,4425.4,39828.6,2025-11,24,Female,Faisalabad,2026-06-10
O01724,C0092,P0027,2025-11-19,5,0,Bluetooth Speaker,Electronics,45879,229395,0.0,229395.0,2025-11,25,Male,Islamabad,2025-06-12
O02302,C0351,P0075,2025-11-19,5,25,Headphones,Home & Kitchen,24169,120845,30211.25,90633.75,2025-11,42,Male,Islamabad,2025-08-13
O00959,C0344,P0072,2025-11-19,2,5,Headphones,Electronics,11630,23260,1163.0,22097.0,2025-11,26,Female,Islamabad,2026-03-22
O01050,C0365,P0005,2025-11-19,2,5,Mechanical Keyboard,Electronics,12056,24112,1205.6,22906.4,2025-11,51,Male,Karachi,2023-06-15
O00328,C0062,P0058,2025-11-19,2,25,Wireless Mouse,Accessories,19243,38486,9621.5,28864.5,2025-11,43,Male,Multan,2026-05-31
O01359,C0132,P0037,2025-11-19,5,5,Bluetooth Speaker,Fashion,36878,184390,9219.5,175170.5,2025-11,49,Female,Islamabad,2026-03-09
O00999,C0447,P0050,2025-11-19,4,0,Wireless Mouse,Electronics,34554,138216,0.0,138216.0,2025-11,21,Male,Rawalpindi,2025-07-12
O01554,C0062,P0024,2025-11-19,4,10,Phone Case,Accessories,9406,37624,3762.4,33861.6,2025-11,43,Male,Multan,2026-05-31
O00480,C0337,P0096,2025-11-20,5,15,Mechanical Keyboard,Accessories,645,3225,483.75,2741.25,2025-11,44,Female,Lahore,2023-12-15
O02186,C0268,P0035,2025-11-20,3,25,Bluetooth Speaker,Fashion,28711,86133,21533.25,64599.75,2025-11,52,Male,Faisalabad,2024-12-31
O00488,C0463,P0080,2025-11-20,4,5,Smart Watch,Accessories,37884,151536,7576.8,143959.2,2025-11,29,Female,Multan,2024-06-15
O01317,C0149,P0047,2025-11-20,3,20,Bluetooth Speaker,Accessories,23671,71013,14202.6,56810.4,2025-11,19,Male,Faisalabad,2023-08-06
O01615,C0402,P0079,2025-11-20,2,0,Headphones,Accessories,29052,58104,0.0,58104.0,2025-11,18,Female,Rawalpindi,2024-09-26
O01746,C0487,P0012,2025-11-20,3,0,USB-C Cable,Home & Kitchen,27466,82398,0.0,82398.0,2025-11,21,Female,Islamabad,2025-01-21
O02585,C0290,P0027,2025-11-21,5,10,Bluetooth Speaker,Electronics,45879,229395,22939.5,206455.5,2025-11,39,Male,Rawalpindi,2025-10-27
O01079,C0016,P0095,2025-11-21,2,15,Mechanical Keyboard,Accessories,23884,47768,7165.2,40602.8,2025-11,20,Male,Rawalpindi,2025-07-27
O01920,C0083,P0088,2025-11-21,1,15,Power Bank,Accessories,34584,34584,5187.6,29396.4,2025-11,42,Male,Karachi,2023-02-08
O02332,C0422,P0082,2025-11-21,4,25,Bluetooth Speaker,Fashion,11117,44468,11117.0,33351.0,2025-11,45,Female,Lahore,2026-02-24
O02939,C0083,P0003,2025-11-21,5,25,Backpack,Fashion,22136,110680,27670.0,83010.0,2025-11,42,Male,Karachi,2023-02-08
O02720,C0063,P0029,2025-11-21,5,25,Smart Watch,Electronics,49792,248960,62240.0,186720.0,2025-11,51,Female,Islamabad,2025-09-16
O02381,C0320,P0071,2025-11-21,3,25,Mechanical Keyboard,Electronics,14173,42519,10629.75,31889.25,2025-11,50,Male,Multan,2024-07-23
O00272,C0254,P0008,2025-11-21,1,20,Wireless Mouse,Electronics,47319,47319,9463.8,37855.2,2025-11,33,Male,Karachi,2024-08-08
O00760,C0260,P0060,2025-11-21,5,15,Phone Case,Electronics,24989,124945,18741.75,106203.25,2025-11,28,Male,Rawalpindi,2026-05-30
O00472,C0008,P0048,2025-11-21,4,10,Laptop Stand,Accessories,35405,141620,14162.0,127458.0,2025-11,36,Female,Rawalpindi,2023-07-20
O01936,C0474,P0092,2025-11-22,5,5,Headphones,Accessories,7727,38635,1931.75,36703.25,2025-11,19,Male,Faisalabad,2025-07-20
O00455,C0415,P0096,2025-11-22,3,5,Mechanical Keyboard,Accessories,645,1935,96.75,1838.25,2025-11,29,Male,Rawalpindi,2026-01-12
O00698,C0071,P0060,2025-11-22,4,0,Phone Case,Electronics,24989,99956,0.0,99956.0,2025-11,40,Male,Rawalpindi,2025-09-21
O00536,C0278,P0087,2025-11-22,5,25,Bluetooth Speaker,Accessories,36493,182465,45616.25,136848.75,2025-11,50,Male,Karachi,2026-02-17
O01616,C0476,P0043,2025-11-22,3,20,Laptop Stand,Home & Kitchen,43141,129423,25884.6,103538.4,2025-11,40,Male,Multan,2025-01-24
O01239,C0154,P0011,2025-11-22,5,10,Mechanical Keyboard,Fashion,26019,130095,13009.5,117085.5,2025-11,37,Male,Islamabad,2023-02-23
O01612,C0157,P0027,2025-11-22,5,25,Bluetooth Speaker,Electronics,45879,229395,57348.75,172046.25,2025-11,45,Female,Karachi,2024-11-19
O01114,C0434,P0078,2025-11-22,1,20,Phone Case,Home & Kitchen,9935,9935,1987.0,7948.0,2025-11,47,Female,Multan,2026-03-16
O02658,C0287,P0053,2025-11-22,5,10,Power Bank,Electronics,49213,246065,24606.5,221458.5,2025-11,34,Male,Karachi,2025-08-05
O00442,C0043,P0008,2025-11-23,1,5,Wireless Mouse,Electronics,47319,47319,2365.95,44953.05,2025-11,26,Male,Islamabad,2026-01-17
O02599,C0169,P0099,2025-11-23,4,25,Smart Watch,Electronics,3540,14160,3540.0,10620.0,2025-11,44,Male,Islamabad,2026-02-17
O01576,C0188,P0096,2025-11-23,2,5,Mechanical Keyboard,Accessories,645,1290,64.5,1225.5,2025-11,45,Male,Rawalpindi,2023-02-07
O02334,C0226,P0080,2025-11-23,4,10,Smart Watch,Accessories,37884,151536,15153.6,136382.4,2025-11,58,Female,Islamabad,2024-07-10
O01813,C0175,P0033,2025-11-24,2,20,Laptop Stand,Electronics,6512,13024,2604.8,10419.2,2025-11,32,Female,Rawalpindi,2024-09-26
O02179,C0138,P0099,2025-11-24,1,0,Smart Watch,Electronics,3540,3540,0.0,3540.0,2025-11,40,Male,Islamabad,2023-01-11
O01272,C0465,P0047,2025-11-24,2,20,Bluetooth Speaker,Accessories,23671,47342,9468.4,37873.6,2025-11,18,Female,Lahore,2023-06-01
O02401,C0285,P0042,2025-11-24,1,5,Power Bank,Accessories,49757,49757,2487.85,47269.15,2025-11,24,Male,Lahore,2025-02-01
O00903,C0421,P0085,2025-11-24,3,20,Smart Watch,Accessories,31901,95703,19140.6,76562.4,2025-11,31,Male,Karachi,2024-05-29
O02348,C0078,P0024,2025-11-25,3,5,Phone Case,Accessories,9406,28218,1410.9,26807.1,2025-11,42,Male,Rawalpindi,2025-07-24
O02107,C0462,P0060,2025-11-25,3,25,Phone Case,Electronics,24989,74967,18741.75,56225.25,2025-11,54,Female,Karachi,2025-01-01
O01579,C0288,P0036,2025-11-25,3,25,Bluetooth Speaker,Electronics,27617,82851,20712.75,62138.25,2025-11,50,Female,Islamabad,2024-01-16
O00127,C0030,P0055,2025-11-25,1,25,Bluetooth Speaker,Electronics,7552,7552,1888.0,5664.0,2025-11,45,Female,Islamabad,2025-08-14
O00349,C0138,P0064,2025-11-25,5,5,Smart Watch,Home & Kitchen,42935,214675,10733.75,203941.25,2025-11,40,Male,Islamabad,2023-01-11
O00897,C0021,P0095,2025-11-25,1,25,Mechanical Keyboard,Accessories,23884,23884,5971.0,17913.0,2025-11,55,Female,Islamabad,2026-06-06
O00961,C0424,P0080,2025-11-25,4,5,Smart Watch,Accessories,37884,151536,7576.8,143959.2,2025-11,47,Female,Karachi,2025-05-23
O02818,C0097,P0045,2025-11-26,5,10,Mechanical Keyboard,Fashion,45476,227380,22738.0,204642.0,2025-11,59,Male,Lahore,2024-02-18
O01083,C0375,P0034,2025-11-26,2,20,Backpack,Electronics,7651,15302,3060.4,12241.6,2025-11,32,Female,Islamabad,2025-06-07
O01683,C0059,P0073,2025-11-26,3,5,Power Bank,Electronics,23168,69504,3475.2,66028.8,2025-11,21,Male,Multan,2025-04-06
O02300,C0068,P0099,2025-11-26,2,25,Smart Watch,Electronics,3540,7080,1770.0,5310.0,2025-11,32,Female,Lahore,2024-09-06
O00132,C0104,P0058,2025-11-26,5,25,Wireless Mouse,Accessories,19243,96215,24053.75,72161.25,2025-11,29,Female,Rawalpindi,2025-08-15
O01919,C0061,P0093,2025-11-26,1,10,Phone Case,Home & Kitchen,32410,32410,3241.0,29169.0,2025-11,35,Male,Multan,2024-08-16
O00014,C0293,P0063,2025-11-26,2,0,Mechanical Keyboard,Electronics,25111,50222,0.0,50222.0,2025-11,55,Female,Multan,2025-11-22
O01970,C0337,P0008,2025-11-26,5,10,Wireless Mouse,Electronics,47319,236595,23659.5,212935.5,2025-11,44,Female,Lahore,2023-12-15
O00872,C0417,P0009,2025-11-26,1,15,Backpack,Electronics,44290,44290,6643.5,37646.5,2025-11,33,Male,Lahore,2025-06-18
O01979,C0054,P0008,2025-11-27,1,20,Wireless Mouse,Electronics,47319,47319,9463.8,37855.2,2025-11,57,Male,Rawalpindi,2023-12-01
O01522,C0210,P0090,2025-11-27,4,5,Wireless Mouse,Fashion,40075,160300,8015.0,152285.0,2025-11,33,Female,Islamabad,2023-12-02
O02812,C0331,P0024,2025-11-27,4,25,Phone Case,Accessories,9406,37624,9406.0,28218.0,2025-11,57,Male,Islamabad,2025-09-11
O00714,C0158,P0048,2025-11-27,1,10,Laptop Stand,Accessories,35405,35405,3540.5,31864.5,2025-11,42,Male,Karachi,2026-01-27
O02460,C0364,P0064,2025-11-27,4,15,Smart Watch,Home & Kitchen,42935,171740,25761.0,145979.0,2025-11,45,Female,Multan,2024-08-29
O01486,C0175,P0075,2025-11-28,1,25,Headphones,Home & Kitchen,24169,24169,6042.25,18126.75,2025-11,32,Female,Rawalpindi,2024-09-26
O00462,C0391,P0015,2025-11-28,3,0,Wireless Mouse,Home & Kitchen,13678,41034,0.0,41034.0,2025-11,47,Male,Rawalpindi,2023-07-13
O02058,C0179,P0045,2025-11-28,2,20,Mechanical Keyboard,Fashion,45476,90952,18190.4,72761.6,2025-11,58,Female,Faisalabad,2025-01-07
O01071,C0246,P0072,2025-11-28,5,0,Headphones,Electronics,11630,58150,0.0,58150.0,2025-11,29,Male,Karachi,2024-11-30
O02231,C0016,P0004,2025-11-28,3,15,Laptop Stand,Home & Kitchen,16853,50559,7583.85,42975.15,2025-11,20,Male,Rawalpindi,2025-07-27
O01055,C0040,P0059,2025-11-28,4,15,USB-C Cable,Fashion,48868,195472,29320.8,166151.2,2025-11,21,Male,Multan,2024-12-10
O01878,C0292,P0072,2025-11-29,3,5,Headphones,Electronics,11630,34890,1744.5,33145.5,2025-11,47,Male,Islamabad,2025-06-25
O00752,C0303,P0089,2025-11-29,3,10,Mechanical Keyboard,Electronics,45605,136815,13681.5,123133.5,2025-11,50,Male,Lahore,2023-02-08
O01445,C0041,P0010,2025-11-29,4,10,Backpack,Fashion,8734,34936,3493.6,31442.4,2025-11,42,Female,Rawalpindi,2026-05-08
O02578,C0482,P0042,2025-11-29,1,25,Power Bank,Accessories,49757,49757,12439.25,37317.75,2025-11,27,Male,Islamabad,2023-01-21
O01628,C0325,P0013,2025-11-29,4,0,Bluetooth Speaker,Accessories,16673,66692,0.0,66692.0,2025-11,20,Female,Multan,2025-03-03
O00971,C0448,P0014,2025-11-29,5,0,Bluetooth Speaker,Electronics,27487,137435,0.0,137435.0,2025-11,33,Female,Karachi,2025-01-24
O01426,C0192,P0042,2025-11-29,4,10,Power Bank,Accessories,49757,199028,19902.8,179125.2,2025-11,50,Female,Faisalabad,2025-07-02
O02788,C0022,P0088,2025-11-29,1,25,Power Bank,Accessories,34584,34584,8646.0,25938.0,2025-11,19,Female,Lahore,2023-04-18
O00255,C0012,P0083,2025-11-29,2,0,Wireless Mouse,Home & Kitchen,39020,78040,0.0,78040.0,2025-11,41,Male,Islamabad,2023-10-23
O02318,C0174,P0035,2025-11-30,2,0,Bluetooth Speaker,Fashion,28711,57422,0.0,57422.0,2025-11,41,Male,Karachi,2025-08-09
O02050,C0307,P0013,2025-11-30,3,5,Bluetooth Speaker,Accessories,16673,50019,2500.95,47518.05,2025-11,52,Female,Karachi,2026-01-03
O01518,C0331,P0041,2025-11-30,5,15,Smart Watch,Accessories,31510,157550,23632.5,133917.5,2025-11,57,Male,Islamabad,2025-09-11
O00996,C0284,P0034,2025-11-30,4,10,Backpack,Electronics,7651,30604,3060.4,27543.6,2025-11,25,Male,Islamabad,2024-12-16
O02574,C0040,P0078,2025-11-30,1,20,Phone Case,Home & Kitchen,9935,9935,1987.0,7948.0,2025-11,21,Male,Multan,2024-12-10
O01312,C0064,P0059,2025-12-01,1,15,USB-C Cable,Fashion,48868,48868,7330.2,41537.8,2025-12,27,Female,Multan,2024-01-07
O02215,C0233,P0045,2025-12-01,5,10,Mechanical Keyboard,Fashion,45476,227380,22738.0,204642.0,2025-12,28,Female,Karachi,2023-12-29
O00375,C0308,P0080,2025-12-01,3,10,Smart Watch,Accessories,37884,113652,11365.2,102286.8,2025-12,34,Male,Karachi,2025-06-02
O00541,C0172,P0087,2025-12-01,2,0,Bluetooth Speaker,Accessories,36493,72986,0.0,72986.0,2025-12,50,Male,Rawalpindi,2023-11-25
O00821,C0100,P0001,2025-12-01,5,15,Smart Watch,Electronics,5260,26300,3945.0,22355.0,2025-12,45,Female,Rawalpindi,2026-03-10
O00780,C0259,P0098,2025-12-02,4,0,Phone Case,Electronics,16535,66140,0.0,66140.0,2025-12,41,Male,Multan,2023-12-01
O00156,C0142,P0029,2025-12-02,1,15,Smart Watch,Electronics,49792,49792,7468.8,42323.2,2025-12,46,Male,Islamabad,2024-07-17
O00516,C0400,P0005,2025-12-02,1,10,Mechanical Keyboard,Electronics,12056,12056,1205.6,10850.4,2025-12,26,Female,Islamabad,2024-03-03
O01761,C0310,P0075,2025-12-02,5,0,Headphones,Home & Kitchen,24169,120845,0.0,120845.0,2025-12,47,Male,Karachi,2025-08-31
O01313,C0494,P0090,2025-12-02,5,5,Wireless Mouse,Fashion,40075,200375,10018.75,190356.25,2025-12,27,Male,Karachi,2023-10-20
O02863,C0392,P0026,2025-12-02,3,20,Wireless Mouse,Electronics,45314,135942,27188.4,108753.6,2025-12,36,Male,Lahore,2026-04-04
O02465,C0265,P0091,2025-12-02,2,25,Headphones,Electronics,36951,73902,18475.5,55426.5,2025-12,37,Male,Islamabad,2025-07-04
O02466,C0438,P0054,2025-12-02,4,15,Bluetooth Speaker,Fashion,30234,120936,18140.4,102795.6,2025-12,22,Female,Faisalabad,2024-11-25
O00206,C0436,P0001,2025-12-02,5,15,Smart Watch,Electronics,5260,26300,3945.0,22355.0,2025-12,40,Male,Lahore,2024-11-15
O02369,C0011,P0048,2025-12-03,2,15,Laptop Stand,Accessories,35405,70810,10621.5,60188.5,2025-12,28,Male,Lahore,2024-12-13
O01464,C0445,P0050,2025-12-03,5,0,Wireless Mouse,Electronics,34554,172770,0.0,172770.0,2025-12,18,Female,Faisalabad,2025-05-22
O01810,C0082,P0050,2025-12-03,3,0,Wireless Mouse,Electronics,34554,103662,0.0,103662.0,2025-12,18,Male,Rawalpindi,2023-12-30
O02490,C0017,P0094,2025-12-03,1,15,Phone Case,Home & Kitchen,36541,36541,5481.15,31059.85,2025-12,39,Male,Multan,2023-02-11
O00804,C0049,P0089,2025-12-03,4,10,Mechanical Keyboard,Electronics,45605,182420,18242.0,164178.0,2025-12,25,Male,Islamabad,2024-02-05
O01161,C0350,P0100,2025-12-04,1,5,Smart Watch,Accessories,42922,42922,2146.1,40775.9,2025-12,52,Male,Lahore,2025-10-13
O02091,C0467,P0049,2025-12-04,2,0,Phone Case,Electronics,21329,42658,0.0,42658.0,2025-12,57,Male,Faisalabad,2024-08-30
O00599,C0189,P0030,2025-12-04,3,0,Wireless Mouse,Home & Kitchen,38150,114450,0.0,114450.0,2025-12,40,Male,Multan,2023-11-24
O02721,C0049,P0034,2025-12-04,4,15,Backpack,Electronics,7651,30604,4590.6,26013.4,2025-12,25,Male,Islamabad,2024-02-05
O02525,C0256,P0082,2025-12-04,2,10,Bluetooth Speaker,Fashion,11117,22234,2223.4,20010.6,2025-12,37,Male,Faisalabad,2026-06-01
O02891,C0208,P0071,2025-12-04,3,10,Mechanical Keyboard,Electronics,14173,42519,4251.9,38267.1,2025-12,39,Female,Lahore,2023-08-04
O02713,C0070,P0078,2025-12-05,3,25,Phone Case,Home & Kitchen,9935,29805,7451.25,22353.75,2025-12,31,Male,Faisalabad,2026-03-21
O00112,C0208,P0012,2025-12-05,5,15,USB-C Cable,Home & Kitchen,27466,137330,20599.5,116730.5,2025-12,39,Female,Lahore,2023-08-04
O01322,C0451,P0077,2025-12-05,1,15,Mechanical Keyboard,Fashion,23753,23753,3562.95,20190.05,2025-12,19,Female,Karachi,2023-04-03
O02834,C0197,P0015,2025-12-05,5,10,Wireless Mouse,Home & Kitchen,13678,68390,6839.0,61551.0,2025-12,49,Female,Multan,2025-08-30
O02320,C0282,P0014,2025-12-05,4,0,Bluetooth Speaker,Electronics,27487,109948,0.0,109948.0,2025-12,38,Male,Lahore,2024-11-17
O02316,C0159,P0089,2025-12-05,4,0,Mechanical Keyboard,Electronics,45605,182420,0.0,182420.0,2025-12,56,Female,Karachi,2025-11-09
O01651,C0154,P0054,2025-12-06,1,15,Bluetooth Speaker,Fashion,30234,30234,4535.1,25698.9,2025-12,37,Male,Islamabad,2023-02-23
O01629,C0392,P0084,2025-12-06,5,25,Headphones,Accessories,10352,51760,12940.0,38820.0,2025-12,36,Male,Lahore,2026-04-04
O01791,C0228,P0079,2025-12-06,2,10,Headphones,Accessories,29052,58104,5810.4,52293.6,2025-12,57,Male,Lahore,2025-01-30
O01041,C0042,P0067,2025-12-07,1,15,Mechanical Keyboard,Fashion,42868,42868,6430.2,36437.8,2025-12,31,Female,Multan,2024-04-10
O02451,C0456,P0062,2025-12-07,4,20,Bluetooth Speaker,Fashion,6941,27764,5552.8,22211.2,2025-12,41,Male,Rawalpindi,2023-06-08
O01678,C0274,P0069,2025-12-07,1,0,Headphones,Fashion,5995,5995,0.0,5995.0,2025-12,52,Male,Lahore,2025-06-04
O02339,C0277,P0045,2025-12-08,1,0,Mechanical Keyboard,Fashion,45476,45476,0.0,45476.0,2025-12,53,Male,Rawalpindi,2024-04-18
O00668,C0312,P0028,2025-12-08,3,10,Laptop Stand,Electronics,13576,40728,4072.8,36655.2,2025-12,23,Female,Rawalpindi,2025-11-11
O02685,C0217,P0006,2025-12-08,4,0,Headphones,Accessories,28098,112392,0.0,112392.0,2025-12,37,Female,Faisalabad,2023-12-29
O02765,C0283,P0064,2025-12-08,4,0,Smart Watch,Home & Kitchen,42935,171740,0.0,171740.0,2025-12,37,Male,Lahore,2023-10-12
O01032,C0072,P0068,2025-12-09,1,15,Backpack,Electronics,22175,22175,3326.25,18848.75,2025-12,57,Male,Faisalabad,2024-09-11
O00071,C0316,P0092,2025-12-09,5,5,Headphones,Accessories,7727,38635,1931.75,36703.25,2025-12,41,Male,Faisalabad,2023-01-21
O00086,C0058,P0068,2025-12-09,1,10,Backpack,Electronics,22175,22175,2217.5,19957.5,2025-12,59,Female,Multan,2024-11-18
O01868,C0370,P0053,2025-12-09,5,10,Power Bank,Electronics,49213,246065,24606.5,221458.5,2025-12,42,Female,Rawalpindi,2025-02-17
O02076,C0235,P0086,2025-12-09,3,20,Power Bank,Accessories,6795,20385,4077.0,16308.0,2025-12,42,Female,Islamabad,2023-12-22
O01654,C0363,P0029,2025-12-10,1,10,Smart Watch,Electronics,49792,49792,4979.2,44812.8,2025-12,32,Male,Faisalabad,2023-12-04
O02682,C0241,P0070,2025-12-10,3,20,Smart Watch,Home & Kitchen,43168,129504,25900.8,103603.2,2025-12,24,Female,Faisalabad,2026-06-10
O01117,C0060,P0035,2025-12-10,5,15,Bluetooth Speaker,Fashion,28711,143555,21533.25,122021.75,2025-12,46,Male,Karachi,2024-12-27
O01241,C0215,P0017,2025-12-10,5,10,Smart Watch,Electronics,25096,125480,12548.0,112932.0,2025-12,46,Female,Islamabad,2025-03-26
O00372,C0395,P0044,2025-12-10,3,10,Mechanical Keyboard,Accessories,12789,38367,3836.7,34530.3,2025-12,45,Male,Faisalabad,2023-05-02
O01588,C0360,P0069,2025-12-10,5,25,Headphones,Fashion,5995,29975,7493.75,22481.25,2025-12,31,Male,Karachi,2024-12-21
O01948,C0382,P0053,2025-12-11,1,25,Power Bank,Electronics,49213,49213,12303.25,36909.75,2025-12,21,Female,Lahore,2025-07-24
O02163,C0138,P0028,2025-12-11,2,20,Laptop Stand,Electronics,13576,27152,5430.4,21721.6,2025-12,40,Male,Islamabad,2023-01-11
O01430,C0310,P0068,2025-12-11,1,25,Backpack,Electronics,22175,22175,5543.75,16631.25,2025-12,47,Male,Karachi,2025-08-31
O02887,C0266,P0006,2025-12-11,3,25,Headphones,Accessories,28098,84294,21073.5,63220.5,2025-12,52,Male,Faisalabad,2024-04-28
O02731,C0474,P0082,2025-12-11,2,25,Bluetooth Speaker,Fashion,11117,22234,5558.5,16675.5,2025-12,19,Male,Faisalabad,2025-07-20
O02735,C0352,P0061,2025-12-11,3,10,Laptop Stand,Electronics,9136,27408,2740.8,24667.2,2025-12,41,Male,Multan,2024-12-26
O00627,C0104,P0094,2025-12-12,3,5,Phone Case,Home & Kitchen,36541,109623,5481.15,104141.85,2025-12,29,Female,Rawalpindi,2025-08-15
O02162,C0054,P0017,2025-12-12,2,20,Smart Watch,Electronics,25096,50192,10038.4,40153.6,2025-12,57,Male,Rawalpindi,2023-12-01
O02188,C0372,P0001,2025-12-12,5,0,Smart Watch,Electronics,5260,26300,0.0,26300.0,2025-12,39,Male,Islamabad,2026-01-16
O01025,C0008,P0025,2025-12-13,2,5,Backpack,Fashion,37414,74828,3741.4,71086.6,2025-12,36,Female,Rawalpindi,2023-07-20
O02940,C0154,P0055,2025-12-14,2,25,Bluetooth Speaker,Electronics,7552,15104,3776.0,11328.0,2025-12,37,Male,Islamabad,2023-02-23
O01370,C0492,P0064,2025-12-14,5,20,Smart Watch,Home & Kitchen,42935,214675,42935.0,171740.0,2025-12,38,Female,Islamabad,2023-01-02
O00496,C0105,P0029,2025-12-14,2,10,Smart Watch,Electronics,49792,99584,9958.4,89625.6,2025-12,51,Female,Karachi,2024-04-21
O02299,C0360,P0058,2025-12-15,5,25,Wireless Mouse,Accessories,19243,96215,24053.75,72161.25,2025-12,31,Male,Karachi,2024-12-21
O02100,C0028,P0077,2025-12-15,2,15,Mechanical Keyboard,Fashion,23753,47506,7125.9,40380.1,2025-12,44,Male,Lahore,2025-12-03
O01847,C0171,P0031,2025-12-15,1,20,Backpack,Electronics,47381,47381,9476.2,37904.8,2025-12,54,Male,Lahore,2026-01-17
O01333,C0480,P0046,2025-12-15,2,5,Backpack,Accessories,44096,88192,4409.6,83782.4,2025-12,46,Male,Rawalpindi,2026-06-14
O00580,C0269,P0013,2025-12-15,4,20,Bluetooth Speaker,Accessories,16673,66692,13338.4,53353.6,2025-12,42,Male,Karachi,2023-07-11
O00561,C0149,P0046,2025-12-16,4,5,Backpack,Accessories,44096,176384,8819.2,167564.8,2025-12,19,Male,Faisalabad,2023-08-06
O01910,C0072,P0058,2025-12-16,1,20,Wireless Mouse,Accessories,19243,19243,3848.6,15394.4,2025-12,57,Male,Faisalabad,2024-09-11
O02662,C0443,P0046,2025-12-16,1,15,Backpack,Accessories,44096,44096,6614.4,37481.6,2025-12,36,Male,Multan,2024-07-02
O00430,C0173,P0046,2025-12-17,5,20,Backpack,Accessories,44096,220480,44096.0,176384.0,2025-12,59,Female,Faisalabad,2024-08-02
O02203,C0175,P0054,2025-12-17,3,15,Bluetooth Speaker,Fashion,30234,90702,13605.3,77096.7,2025-12,32,Female,Rawalpindi,2024-09-26
O02255,C0413,P0095,2025-12-17,2,10,Mechanical Keyboard,Accessories,23884,47768,4776.8,42991.2,2025-12,46,Female,Lahore,2023-01-07
O00985,C0213,P0067,2025-12-17,1,5,Mechanical Keyboard,Fashion,42868,42868,2143.4,40724.6,2025-12,23,Male,Rawalpindi,2023-12-19
O00578,C0348,P0090,2025-12-17,3,25,Wireless Mouse,Fashion,40075,120225,30056.25,90168.75,2025-12,59,Female,Islamabad,2026-06-13
O02037,C0139,P0097,2025-12-18,1,10,Wireless Mouse,Home & Kitchen,38278,38278,3827.8,34450.2,2025-12,56,Male,Faisalabad,2025-12-21
O02145,C0492,P0048,2025-12-18,2,10,Laptop Stand,Accessories,35405,70810,7081.0,63729.0,2025-12,38,Female,Islamabad,2023-01-02
O00869,C0021,P0033,2025-12-18,1,25,Laptop Stand,Electronics,6512,6512,1628.0,4884.0,2025-12,55,Female,Islamabad,2026-06-06
O00061,C0073,P0059,2025-12-18,1,20,USB-C Cable,Fashion,48868,48868,9773.6,39094.4,2025-12,38,Male,Multan,2023-07-07
O02799,C0272,P0068,2025-12-19,3,0,Backpack,Electronics,22175,66525,0.0,66525.0,2025-12,35,Male,Karachi,2025-07-06
O00161,C0237,P0046,2025-12-19,2,25,Backpack,Accessories,44096,88192,22048.0,66144.0,2025-12,48,Male,Rawalpindi,2023-10-22
O02950,C0379,P0006,2025-12-19,3,15,Headphones,Accessories,28098,84294,12644.1,71649.9,2025-12,25,Female,Multan,2023-04-02
O02262,C0079,P0099,2025-12-19,5,20,Smart Watch,Electronics,3540,17700,3540.0,14160.0,2025-12,58,Female,Karachi,2025-09-12
O00513,C0181,P0069,2025-12-19,5,15,Headphones,Fashion,5995,29975,4496.25,25478.75,2025-12,56,Male,Karachi,2024-06-04
O01658,C0051,P0099,2025-12-19,2,20,Smart Watch,Electronics,3540,7080,1416.0,5664.0,2025-12,31,Male,Rawalpindi,2026-01-14
O01590,C0048,P0021,2025-12-19,1,20,USB-C Cable,Accessories,28264,28264,5652.8,22611.2,2025-12,24,Male,Islamabad,2024-12-11
O01874,C0030,P0090,2025-12-20,2,15,Wireless Mouse,Fashion,40075,80150,12022.5,68127.5,2025-12,45,Female,Islamabad,2025-08-14
O00889,C0154,P0027,2025-12-20,3,5,Bluetooth Speaker,Electronics,45879,137637,6881.85,130755.15,2025-12,37,Male,Islamabad,2023-02-23
O01929,C0234,P0055,2025-12-20,2,15,Bluetooth Speaker,Electronics,7552,15104,2265.6,12838.4,2025-12,45,Male,Rawalpindi,2023-03-23
O01270,C0164,P0074,2025-12-20,3,10,Laptop Stand,Electronics,15722,47166,4716.6,42449.4,2025-12,58,Female,Faisalabad,2026-03-14
O01425,C0433,P0077,2025-12-20,1,20,Mechanical Keyboard,Fashion,23753,23753,4750.6,19002.4,2025-12,50,Female,Islamabad,2023-05-02
O00493,C0382,P0025,2025-12-21,4,20,Backpack,Fashion,37414,149656,29931.2,119724.8,2025-12,21,Female,Lahore,2025-07-24
O02177,C0356,P0040,2025-12-21,5,10,Smart Watch,Electronics,13967,69835,6983.5,62851.5,2025-12,37,Male,Rawalpindi,2024-01-21
O00139,C0321,P0006,2025-12-21,5,25,Headphones,Accessories,28098,140490,35122.5,105367.5,2025-12,38,Female,Islamabad,2025-07-22
O02144,C0326,P0050,2025-12-21,5,15,Wireless Mouse,Electronics,34554,172770,25915.5,146854.5,2025-12,35,Male,Faisalabad,2025-03-02
O01686,C0500,P0019,2025-12-22,5,25,Headphones,Accessories,42474,212370,53092.5,159277.5,2025-12,53,Male,Multan,2023-01-14
O02356,C0006,P0046,2025-12-22,1,5,Backpack,Accessories,44096,44096,2204.8,41891.2,2025-12,38,Male,Karachi,2023-12-31
O01008,C0042,P0089,2025-12-22,2,10,Mechanical Keyboard,Electronics,45605,91210,9121.0,82089.0,2025-12,31,Female,Multan,2024-04-10
O02295,C0267,P0013,2025-12-22,2,20,Bluetooth Speaker,Accessories,16673,33346,6669.2,26676.8,2025-12,42,Female,Karachi,2026-06-19
O01900,C0290,P0052,2025-12-22,1,20,USB-C Cable,Fashion,44639,44639,8927.8,35711.2,2025-12,39,Male,Rawalpindi,2025-10-27
O00767,C0047,P0072,2025-12-22,5,20,Headphones,Electronics,11630,58150,11630.0,46520.0,2025-12,45,Male,Karachi,2025-11-05
O00979,C0366,P0064,2025-12-22,2,15,Smart Watch,Home & Kitchen,42935,85870,12880.5,72989.5,2025-12,19,Male,Faisalabad,2023-01-11
O01792,C0102,P0089,2025-12-22,4,15,Mechanical Keyboard,Electronics,45605,182420,27363.0,155057.0,2025-12,26,Male,Faisalabad,2025-03-24
O02128,C0470,P0087,2025-12-22,5,5,Bluetooth Speaker,Accessories,36493,182465,9123.25,173341.75,2025-12,46,Female,Lahore,2026-02-14
O01551,C0474,P0012,2025-12-23,4,5,USB-C Cable,Home & Kitchen,27466,109864,5493.2,104370.8,2025-12,19,Male,Faisalabad,2025-07-20
O00159,C0151,P0013,2025-12-23,1,10,Bluetooth Speaker,Accessories,16673,16673,1667.3,15005.7,2025-12,23,Female,Karachi,2025-01-22
O01442,C0059,P0032,2025-12-23,3,10,Power Bank,Electronics,46913,140739,14073.9,126665.1,2025-12,21,Male,Multan,2025-04-06
O00456,C0366,P0061,2025-12-23,1,0,Laptop Stand,Electronics,9136,9136,0.0,9136.0,2025-12,19,Male,Faisalabad,2023-01-11
O00765,C0399,P0004,2025-12-23,5,20,Laptop Stand,Home & Kitchen,16853,84265,16853.0,67412.0,2025-12,40,Female,Lahore,2025-06-05
O02396,C0154,P0071,2025-12-23,5,10,Mechanical Keyboard,Electronics,14173,70865,7086.5,63778.5,2025-12,37,Male,Islamabad,2023-02-23
O00558,C0018,P0047,2025-12-24,5,10,Bluetooth Speaker,Accessories,23671,118355,11835.5,106519.5,2025-12,19,Female,Lahore,2023-01-25
O00434,C0428,P0089,2025-12-24,1,0,Mechanical Keyboard,Electronics,45605,45605,0.0,45605.0,2025-12,43,Female,Faisalabad,2025-10-10
O00646,C0393,P0088,2025-12-24,3,5,Power Bank,Accessories,34584,103752,5187.6,98564.4,2025-12,34,Male,Lahore,2025-05-20
O00280,C0467,P0057,2025-12-24,5,20,Wireless Mouse,Accessories,23986,119930,23986.0,95944.0,2025-12,57,Male,Faisalabad,2024-08-30
O01614,C0444,P0078,2025-12-25,1,25,Phone Case,Home & Kitchen,9935,9935,2483.75,7451.25,2025-12,49,Female,Lahore,2023-11-08
O01937,C0013,P0051,2025-12-25,4,20,Headphones,Fashion,48978,195912,39182.4,156729.6,2025-12,53,Male,Karachi,2025-11-06
O02317,C0489,P0055,2025-12-25,1,5,Bluetooth Speaker,Electronics,7552,7552,377.6,7174.4,2025-12,46,Male,Faisalabad,2025-07-28
O01596,C0417,P0016,2025-12-25,2,0,Smart Watch,Electronics,39838,79676,0.0,79676.0,2025-12,33,Male,Lahore,2025-06-18
O02247,C0217,P0018,2025-12-25,3,0,Laptop Stand,Accessories,33674,101022,0.0,101022.0,2025-12,37,Female,Faisalabad,2023-12-29
O02811,C0053,P0029,2025-12-25,4,25,Smart Watch,Electronics,49792,199168,49792.0,149376.0,2025-12,53,Male,Lahore,2024-01-26
O01105,C0382,P0062,2025-12-25,4,25,Bluetooth Speaker,Fashion,6941,27764,6941.0,20823.0,2025-12,21,Female,Lahore,2025-07-24
O01402,C0142,P0073,2025-12-26,1,10,Power Bank,Electronics,23168,23168,2316.8,20851.2,2025-12,46,Male,Islamabad,2024-07-17
O02090,C0340,P0052,2025-12-27,2,0,USB-C Cable,Fashion,44639,89278,0.0,89278.0,2025-12,43,Male,Karachi,2024-01-13
O00136,C0360,P0085,2025-12-28,3,15,Smart Watch,Accessories,31901,95703,14355.45,81347.55,2025-12,31,Male,Karachi,2024-12-21
O00811,C0090,P0013,2025-12-28,2,15,Bluetooth Speaker,Accessories,16673,33346,5001.9,28344.1,2025-12,28,Male,Rawalpindi,2024-05-07
O01471,C0090,P0096,2025-12-28,5,10,Mechanical Keyboard,Accessories,645,3225,322.5,2902.5,2025-12,28,Male,Rawalpindi,2024-05-07
O02183,C0111,P0018,2025-12-28,3,0,Laptop Stand,Accessories,33674,101022,0.0,101022.0,2025-12,57,Female,Multan,2026-06-16
O01005,C0456,P0048,2025-12-28,4,10,Laptop Stand,Accessories,35405,141620,14162.0,127458.0,2025-12,41,Male,Rawalpindi,2023-06-08
O01253,C0173,P0035,2025-12-29,2,20,Bluetooth Speaker,Fashion,28711,57422,11484.4,45937.6,2025-12,59,Female,Faisalabad,2024-08-02
O01613,C0202,P0087,2025-12-29,2,0,Bluetooth Speaker,Accessories,36493,72986,0.0,72986.0,2025-12,34,Female,Faisalabad,2023-11-14
O01449,C0267,P0088,2025-12-29,2,25,Power Bank,Accessories,34584,69168,17292.0,51876.0,2025-12,42,Female,Karachi,2026-06-19
O01684,C0431,P0039,2025-12-29,3,15,Wireless Mouse,Accessories,7394,22182,3327.3,18854.7,2025-12,56,Female,Multan,2025-06-27
O01818,C0163,P0004,2025-12-29,2,25,Laptop Stand,Home & Kitchen,16853,33706,8426.5,25279.5,2025-12,30,Male,Multan,2023-03-03
O02131,C0109,P0021,2025-12-30,3,20,USB-C Cable,Accessories,28264,84792,16958.4,67833.6,2025-12,54,Male,Karachi,2024-11-27
O02933,C0100,P0048,2025-12-30,3,20,Laptop Stand,Accessories,35405,106215,21243.0,84972.0,2025-12,45,Female,Rawalpindi,2026-03-10
O01181,C0001,P0068,2025-12-30,4,5,Backpack,Electronics,22175,88700,4435.0,84265.0,2025-12,56,Female,Multan,2023-03-10
O02995,C0093,P0014,2025-12-30,3,5,Bluetooth Speaker,Electronics,27487,82461,4123.05,78337.95,2025-12,52,Female,Islamabad,2023-11-07
O01287,C0222,P0078,2025-12-30,3,25,Phone Case,Home & Kitchen,9935,29805,7451.25,22353.75,2025-12,36,Male,Multan,2024-02-26
O02485,C0113,P0002,2025-12-30,5,20,Headphones,Home & Kitchen,33279,166395,33279.0,133116.0,2025-12,44,Female,Multan,2023-09-23
O02823,C0069,P0049,2025-12-31,4,0,Phone Case,Electronics,21329,85316,0.0,85316.0,2025-12,25,Male,Islamabad,2026-03-28
O00265,C0477,P0030,2025-12-31,1,5,Wireless Mouse,Home & Kitchen,38150,38150,1907.5,36242.5,2025-12,34,Male,Lahore,2023-07-05
O02261,C0205,P0011,2025-12-31,4,5,Mechanical Keyboard,Fashion,26019,104076,5203.8,98872.2,2025-12,22,Female,Rawalpindi,2024-11-28
O00667,C0070,P0039,2025-12-31,5,15,Wireless Mouse,Accessories,7394,36970,5545.5,31424.5,2025-12,31,Male,Faisalabad,2026-03-21
O00382,C0052,P0023,2025-12-31,3,25,Phone Case,Home & Kitchen,39810,119430,29857.5,89572.5,2025-12,34,Female,Multan,2023-09-07
O02252,C0132,P0042,2025-12-31,4,25,Power Bank,Accessories,49757,199028,49757.0,149271.0,2025-12,49,Female,Islamabad,2026-03-09
O00170,C0331,P0022,2025-12-31,2,15,Power Bank,Accessories,22127,44254,6638.1,37615.9,2025-12,57,Male,Islamabad,2025-09-11
O02338,C0122,P0063,2025-12-31,5,20,Mechanical Keyboard,Electronics,25111,125555,25111.0,100444.0,2025-12,43,Female,Islamabad,2023-11-20
O02130,C0100,P0097,2025-12-31,1,0,Wireless Mouse,Home & Kitchen,38278,38278,0.0,38278.0,2025-12,45,Female,Rawalpindi,2026-03-10
O02847,C0215,P0096,2025-12-31,1,20,Mechanical Keyboard,Accessories,645,645,129.0,516.0,2025-12,46,Female,Islamabad,2025-03-26
O01298,C0425,P0045,2026-01-01,3,0,Mechanical Keyboard,Fashion,45476,136428,0.0,136428.0,2026-01,22,Male,Multan,2023-01-14
O00134,C0005,P0080,2026-01-01,3,5,Smart Watch,Accessories,37884,113652,5682.6,107969.4,2026-01,25,Female,Karachi,2025-08-15
O02416,C0008,P0062,2026-01-01,1,15,Bluetooth Speaker,Fashion,6941,6941,1041.15,5899.85,2026-01,36,Female,Rawalpindi,2023-07-20
O00232,C0110,P0017,2026-01-02,1,15,Smart Watch,Electronics,25096,25096,3764.4,21331.6,2026-01,52,Male,Islamabad,2023-09-29
O00500,C0119,P0074,2026-01-02,3,25,Laptop Stand,Electronics,15722,47166,11791.5,35374.5,2026-01,20,Female,Lahore,2023-01-03
O00912,C0445,P0054,2026-01-02,3,15,Bluetooth Speaker,Fashion,30234,90702,13605.3,77096.7,2026-01,18,Female,Faisalabad,2025-05-22
O00226,C0310,P0007,2026-01-02,3,10,Power Bank,Home & Kitchen,12063,36189,3618.9,32570.1,2026-01,47,Male,Karachi,2025-08-31
O01292,C0264,P0099,2026-01-02,1,5,Smart Watch,Electronics,3540,3540,177.0,3363.0,2026-01,57,Male,Multan,2026-05-04
O01332,C0216,P0063,2026-01-02,4,10,Mechanical Keyboard,Electronics,25111,100444,10044.4,90399.6,2026-01,20,Male,Islamabad,2025-02-19
O00335,C0014,P0059,2026-01-03,4,25,USB-C Cable,Fashion,48868,195472,48868.0,146604.0,2026-01,57,Male,Faisalabad,2026-05-25
O00210,C0405,P0077,2026-01-03,3,5,Mechanical Keyboard,Fashion,23753,71259,3562.95,67696.05,2026-01,49,Male,Multan,2026-01-01
O00171,C0323,P0033,2026-01-03,3,15,Laptop Stand,Electronics,6512,19536,2930.4,16605.6,2026-01,40,Male,Islamabad,2026-04-01
O02034,C0320,P0096,2026-01-03,3,20,Mechanical Keyboard,Accessories,645,1935,387.0,1548.0,2026-01,50,Male,Multan,2024-07-23
O02989,C0127,P0021,2026-01-03,2,10,USB-C Cable,Accessories,28264,56528,5652.8,50875.2,2026-01,32,Male,Islamabad,2025-08-06
O00706,C0186,P0055,2026-01-03,2,20,Bluetooth Speaker,Electronics,7552,15104,3020.8,12083.2,2026-01,19,Male,Karachi,2026-02-21
O02730,C0451,P0031,2026-01-03,1,25,Backpack,Electronics,47381,47381,11845.25,35535.75,2026-01,19,Female,Karachi,2023-04-03
O01391,C0136,P0087,2026-01-04,1,15,Bluetooth Speaker,Accessories,36493,36493,5473.95,31019.05,2026-01,47,Female,Rawalpindi,2024-12-10
O00542,C0288,P0041,2026-01-04,4,5,Smart Watch,Accessories,31510,126040,6302.0,119738.0,2026-01,50,Female,Islamabad,2024-01-16
O00240,C0425,P0016,2026-01-04,4,25,Smart Watch,Electronics,39838,159352,39838.0,119514.0,2026-01,22,Male,Multan,2023-01-14
O00927,C0354,P0056,2026-01-04,3,0,Bluetooth Speaker,Home & Kitchen,4154,12462,0.0,12462.0,2026-01,24,Female,Rawalpindi,2024-05-15
O01671,C0170,P0008,2026-01-04,2,25,Wireless Mouse,Electronics,47319,94638,23659.5,70978.5,2026-01,26,Female,Islamabad,2025-06-11
O01884,C0141,P0030,2026-01-04,3,0,Wireless Mouse,Home & Kitchen,38150,114450,0.0,114450.0,2026-01,60,Male,Faisalabad,2026-03-22
O01218,C0407,P0045,2026-01-06,2,15,Mechanical Keyboard,Fashion,45476,90952,13642.8,77309.2,2026-01,57,Male,Karachi,2024-07-06
O01240,C0102,P0043,2026-01-06,2,20,Laptop Stand,Home & Kitchen,43141,86282,17256.4,69025.6,2026-01,26,Male,Faisalabad,2025-03-24
O01053,C0114,P0037,2026-01-06,2,10,Bluetooth Speaker,Fashion,36878,73756,7375.6,66380.4,2026-01,52,Female,Karachi,2025-07-14
O01452,C0395,P0016,2026-01-06,2,0,Smart Watch,Electronics,39838,79676,0.0,79676.0,2026-01,45,Male,Faisalabad,2023-05-02
O01805,C0465,P0041,2026-01-06,3,0,Smart Watch,Accessories,31510,94530,0.0,94530.0,2026-01,18,Female,Lahore,2023-06-01
O00654,C0012,P0040,2026-01-06,2,15,Smart Watch,Electronics,13967,27934,4190.1,23743.9,2026-01,41,Male,Islamabad,2023-10-23
O00337,C0229,P0092,2026-01-06,5,15,Headphones,Accessories,7727,38635,5795.25,32839.75,2026-01,56,Female,Faisalabad,2025-11-20
O01779,C0017,P0036,2026-01-06,5,15,Bluetooth Speaker,Electronics,27617,138085,20712.75,117372.25,2026-01,39,Male,Multan,2023-02-11
O00962,C0294,P0004,2026-01-07,2,15,Laptop Stand,Home & Kitchen,16853,33706,5055.9,28650.1,2026-01,55,Male,Karachi,2025-05-28
O00764,C0475,P0054,2026-01-07,5,25,Bluetooth Speaker,Fashion,30234,151170,37792.5,113377.5,2026-01,52,Female,Rawalpindi,2023-10-22
O01731,C0354,P0006,2026-01-07,4,25,Headphones,Accessories,28098,112392,28098.0,84294.0,2026-01,24,Female,Rawalpindi,2024-05-15
O00587,C0283,P0054,2026-01-07,3,0,Bluetooth Speaker,Fashion,30234,90702,0.0,90702.0,2026-01,37,Male,Lahore,2023-10-12
O01211,C0207,P0018,2026-01-07,5,20,Laptop Stand,Accessories,33674,168370,33674.0,134696.0,2026-01,23,Female,Faisalabad,2023-02-09
O00313,C0101,P0092,2026-01-07,3,10,Headphones,Accessories,7727,23181,2318.1,20862.9,2026-01,24,Female,Lahore,2025-11-28
O02182,C0387,P0019,2026-01-08,3,15,Headphones,Accessories,42474,127422,19113.3,108308.7,2026-01,57,Female,Faisalabad,2024-08-11
O00357,C0213,P0061,2026-01-08,3,15,Laptop Stand,Electronics,9136,27408,4111.2,23296.8,2026-01,23,Male,Rawalpindi,2023-12-19
O00338,C0086,P0009,2026-01-08,5,10,Backpack,Electronics,44290,221450,22145.0,199305.0,2026-01,41,Female,Multan,2025-07-09
O00676,C0020,P0004,2026-01-08,5,10,Laptop Stand,Home & Kitchen,16853,84265,8426.5,75838.5,2026-01,47,Male,Rawalpindi,2023-05-11
O00550,C0032,P0064,2026-01-08,3,25,Smart Watch,Home & Kitchen,42935,128805,32201.25,96603.75,2026-01,32,Male,Multan,2023-11-26
O02770,C0240,P0071,2026-01-08,2,5,Mechanical Keyboard,Electronics,14173,28346,1417.3,26928.7,2026-01,52,Female,Faisalabad,2026-02-10
O01376,C0361,P0025,2026-01-09,4,20,Backpack,Fashion,37414,149656,29931.2,119724.8,2026-01,29,Female,Islamabad,2023-03-13
O00549,C0122,P0065,2026-01-09,2,5,Mechanical Keyboard,Accessories,12649,25298,1264.9,24033.1,2026-01,43,Female,Islamabad,2023-11-20
O00844,C0163,P0017,2026-01-09,4,5,Smart Watch,Electronics,25096,100384,5019.2,95364.8,2026-01,30,Male,Multan,2023-03-03
O02431,C0093,P0070,2026-01-09,2,25,Smart Watch,Home & Kitchen,43168,86336,21584.0,64752.0,2026-01,52,Female,Islamabad,2023-11-07
O02212,C0187,P0018,2026-01-10,5,0,Laptop Stand,Accessories,33674,168370,0.0,168370.0,2026-01,19,Female,Multan,2025-09-01
O00563,C0392,P0050,2026-01-10,3,15,Wireless Mouse,Electronics,34554,103662,15549.3,88112.7,2026-01,36,Male,Lahore,2026-04-04
O02470,C0034,P0089,2026-01-10,4,20,Mechanical Keyboard,Electronics,45605,182420,36484.0,145936.0,2026-01,54,Male,Karachi,2023-08-04
O00045,C0302,P0091,2026-01-10,5,5,Headphones,Electronics,36951,184755,9237.75,175517.25,2026-01,45,Male,Multan,2024-02-01
O01428,C0106,P0095,2026-01-10,3,5,Mechanical Keyboard,Accessories,23884,71652,3582.6,68069.4,2026-01,50,Male,Faisalabad,2023-11-14
O02099,C0359,P0038,2026-01-11,5,5,Wireless Mouse,Home & Kitchen,43152,215760,10788.0,204972.0,2026-01,33,Female,Karachi,2025-12-23
O01739,C0104,P0052,2026-01-11,4,20,USB-C Cable,Fashion,44639,178556,35711.2,142844.8,2026-01,29,Female,Rawalpindi,2025-08-15
O01481,C0158,P0026,2026-01-11,2,20,Wireless Mouse,Electronics,45314,90628,18125.6,72502.4,2026-01,42,Male,Karachi,2026-01-27
O02292,C0394,P0081,2026-01-11,1,25,Mechanical Keyboard,Fashion,16893,16893,4223.25,12669.75,2026-01,36,Female,Karachi,2023-03-31
O01351,C0406,P0076,2026-01-11,1,25,Laptop Stand,Electronics,34568,34568,8642.0,25926.0,2026-01,42,Female,Multan,2023-08-11
O00466,C0491,P0075,2026-01-11,1,15,Headphones,Home & Kitchen,24169,24169,3625.35,20543.65,2026-01,42,Male,Islamabad,2023-11-30
O01785,C0236,P0017,2026-01-11,1,15,Smart Watch,Electronics,25096,25096,3764.4,21331.6,2026-01,40,Male,Rawalpindi,2024-08-11
O01667,C0485,P0066,2026-01-12,4,20,Backpack,Fashion,35066,140264,28052.8,112211.2,2026-01,58,Male,Faisalabad,2025-03-04
O02740,C0339,P0010,2026-01-12,4,10,Backpack,Fashion,8734,34936,3493.6,31442.4,2026-01,19,Male,Rawalpindi,2024-11-23
O00182,C0427,P0011,2026-01-12,4,0,Mechanical Keyboard,Fashion,26019,104076,0.0,104076.0,2026-01,33,Male,Lahore,2025-09-04
O02944,C0079,P0100,2026-01-12,4,15,Smart Watch,Accessories,42922,171688,25753.2,145934.8,2026-01,58,Female,Karachi,2025-09-12
O01033,C0055,P0091,2026-01-12,4,5,Headphones,Electronics,36951,147804,7390.2,140413.8,2026-01,21,Female,Rawalpindi,2024-09-20
O01966,C0313,P0077,2026-01-13,5,15,Mechanical Keyboard,Fashion,23753,118765,17814.75,100950.25,2026-01,52,Female,Multan,2025-04-28
O00302,C0371,P0004,2026-01-13,2,10,Laptop Stand,Home & Kitchen,16853,33706,3370.6,30335.4,2026-01,39,Female,Lahore,2023-08-02
O00047,C0068,P0051,2026-01-13,4,15,Headphones,Fashion,48978,195912,29386.8,166525.2,2026-01,32,Female,Lahore,2024-09-06
O01258,C0251,P0011,2026-01-14,4,15,Mechanical Keyboard,Fashion,26019,104076,15611.4,88464.6,2026-01,58,Male,Karachi,2025-10-04
O01924,C0066,P0006,2026-01-14,5,5,Headphones,Accessories,28098,140490,7024.5,133465.5,2026-01,31,Female,Lahore,2025-09-21
O01329,C0035,P0079,2026-01-14,3,25,Headphones,Accessories,29052,87156,21789.0,65367.0,2026-01,24,Female,Karachi,2023-12-05
O01517,C0307,P0027,2026-01-14,5,5,Bluetooth Speaker,Electronics,45879,229395,11469.75,217925.25,2026-01,52,Female,Karachi,2026-01-03
O00389,C0221,P0038,2026-01-14,2,0,Wireless Mouse,Home & Kitchen,43152,86304,0.0,86304.0,2026-01,20,Male,Lahore,2023-07-10
O01548,C0311,P0066,2026-01-14,3,0,Backpack,Fashion,35066,105198,0.0,105198.0,2026-01,46,Female,Karachi,2026-01-12
O01006,C0044,P0055,2026-01-14,4,5,Bluetooth Speaker,Electronics,7552,30208,1510.4,28697.6,2026-01,43,Female,Multan,2024-05-03
O02483,C0163,P0080,2026-01-14,5,15,Smart Watch,Accessories,37884,189420,28413.0,161007.0,2026-01,30,Male,Multan,2023-03-03
O01012,C0167,P0021,2026-01-14,3,0,USB-C Cable,Accessories,28264,84792,0.0,84792.0,2026-01,23,Male,Multan,2023-06-09
O02193,C0228,P0098,2026-01-15,3,20,Phone Case,Electronics,16535,49605,9921.0,39684.0,2026-01,57,Male,Lahore,2025-01-30
O00435,C0449,P0056,2026-01-15,2,20,Bluetooth Speaker,Home & Kitchen,4154,8308,1661.6,6646.4,2026-01,41,Male,Multan,2023-02-04
O01871,C0113,P0058,2026-01-15,2,15,Wireless Mouse,Accessories,19243,38486,5772.9,32713.1,2026-01,44,Female,Multan,2023-09-23
O01295,C0125,P0085,2026-01-15,1,5,Smart Watch,Accessories,31901,31901,1595.05,30305.95,2026-01,44,Male,Rawalpindi,2024-03-07
O02337,C0061,P0017,2026-01-15,2,0,Smart Watch,Electronics,25096,50192,0.0,50192.0,2026-01,35,Male,Multan,2024-08-16
O01254,C0327,P0022,2026-01-15,4,15,Power Bank,Accessories,22127,88508,13276.2,75231.8,2026-01,42,Male,Karachi,2024-05-06
O00229,C0095,P0053,2026-01-15,4,15,Power Bank,Electronics,49213,196852,29527.8,167324.2,2026-01,50,Male,Multan,2026-04-08
O02233,C0043,P0040,2026-01-16,1,20,Smart Watch,Electronics,13967,13967,2793.4,11173.6,2026-01,26,Male,Islamabad,2026-01-17
O02923,C0207,P0048,2026-01-16,3,15,Laptop Stand,Accessories,35405,106215,15932.25,90282.75,2026-01,23,Female,Faisalabad,2023-02-09
O00894,C0313,P0062,2026-01-16,2,20,Bluetooth Speaker,Fashion,6941,13882,2776.4,11105.6,2026-01,52,Female,Multan,2025-04-28
O01472,C0103,P0065,2026-01-16,2,20,Mechanical Keyboard,Accessories,12649,25298,5059.6,20238.4,2026-01,25,Male,Lahore,2023-01-29
O02679,C0405,P0001,2026-01-16,3,20,Smart Watch,Electronics,5260,15780,3156.0,12624.0,2026-01,49,Male,Multan,2026-01-01
O01814,C0239,P0001,2026-01-16,3,10,Smart Watch,Electronics,5260,15780,1578.0,14202.0,2026-01,59,Female,Rawalpindi,2025-12-05
O02017,C0241,P0018,2026-01-16,3,5,Laptop Stand,Accessories,33674,101022,5051.1,95970.9,2026-01,24,Female,Faisalabad,2026-06-10
O02993,C0271,P0088,2026-01-16,5,20,Power Bank,Accessories,34584,172920,34584.0,138336.0,2026-01,35,Male,Rawalpindi,2024-06-07
O02437,C0036,P0079,2026-01-17,3,15,Headphones,Accessories,29052,87156,13073.4,74082.6,2026-01,38,Male,Faisalabad,2024-10-22
O00224,C0281,P0049,2026-01-17,3,20,Phone Case,Electronics,21329,63987,12797.4,51189.6,2026-01,31,Female,Multan,2024-12-04
O01973,C0032,P0047,2026-01-17,1,25,Bluetooth Speaker,Accessories,23671,23671,5917.75,17753.25,2026-01,32,Male,Multan,2023-11-26
O02032,C0428,P0032,2026-01-17,5,20,Power Bank,Electronics,46913,234565,46913.0,187652.0,2026-01,43,Female,Faisalabad,2025-10-10
O02271,C0119,P0052,2026-01-17,3,25,USB-C Cable,Fashion,44639,133917,33479.25,100437.75,2026-01,20,Female,Lahore,2023-01-03
O01460,C0019,P0085,2026-01-17,1,0,Smart Watch,Accessories,31901,31901,0.0,31901.0,2026-01,41,Male,Karachi,2025-11-28
O01467,C0445,P0081,2026-01-17,5,10,Mechanical Keyboard,Fashion,16893,84465,8446.5,76018.5,2026-01,18,Female,Faisalabad,2025-05-22
O00057,C0229,P0037,2026-01-17,5,20,Bluetooth Speaker,Fashion,36878,184390,36878.0,147512.0,2026-01,56,Female,Faisalabad,2025-11-20
O02972,C0237,P0011,2026-01-17,1,10,Mechanical Keyboard,Fashion,26019,26019,2601.9,23417.1,2026-01,48,Male,Rawalpindi,2023-10-22
O01751,C0145,P0037,2026-01-17,2,15,Bluetooth Speaker,Fashion,36878,73756,11063.4,62692.6,2026-01,49,Female,Lahore,2026-06-20
O02397,C0390,P0044,2026-01-18,3,15,Mechanical Keyboard,Accessories,12789,38367,5755.05,32611.95,2026-01,59,Male,Faisalabad,2026-01-31
O02622,C0332,P0067,2026-01-18,5,25,Mechanical Keyboard,Fashion,42868,214340,53585.0,160755.0,2026-01,41,Male,Lahore,2024-06-03
O02457,C0377,P0071,2026-01-18,5,25,Mechanical Keyboard,Electronics,14173,70865,17716.25,53148.75,2026-01,54,Female,Rawalpindi,2024-08-14
O01123,C0364,P0027,2026-01-18,4,5,Bluetooth Speaker,Electronics,45879,183516,9175.8,174340.2,2026-01,45,Female,Multan,2024-08-29
O00873,C0475,P0054,2026-01-18,5,0,Bluetooth Speaker,Fashion,30234,151170,0.0,151170.0,2026-01,52,Female,Rawalpindi,2023-10-22
O00777,C0061,P0067,2026-01-19,2,15,Mechanical Keyboard,Fashion,42868,85736,12860.4,72875.6,2026-01,35,Male,Multan,2024-08-16
O01668,C0122,P0029,2026-01-19,3,0,Smart Watch,Electronics,49792,149376,0.0,149376.0,2026-01,43,Female,Islamabad,2023-11-20
O02187,C0182,P0062,2026-01-19,4,5,Bluetooth Speaker,Fashion,6941,27764,1388.2,26375.8,2026-01,19,Male,Karachi,2023-02-09
O01076,C0395,P0092,2026-01-19,2,10,Headphones,Accessories,7727,15454,1545.4,13908.6,2026-01,45,Male,Faisalabad,2023-05-02
O02503,C0058,P0042,2026-01-19,3,5,Power Bank,Accessories,49757,149271,7463.55,141807.45,2026-01,59,Female,Multan,2024-11-18
O02648,C0039,P0065,2026-01-19,4,15,Mechanical Keyboard,Accessories,12649,50596,7589.4,43006.6,2026-01,35,Female,Multan,2025-09-02
O00321,C0422,P0008,2026-01-19,5,5,Wireless Mouse,Electronics,47319,236595,11829.75,224765.25,2026-01,45,Female,Lahore,2026-02-24
O01403,C0291,P0019,2026-01-20,5,0,Headphones,Accessories,42474,212370,0.0,212370.0,2026-01,39,Male,Islamabad,2023-01-29
O02377,C0355,P0020,2026-01-20,2,0,Phone Case,Home & Kitchen,4931,9862,0.0,9862.0,2026-01,53,Female,Karachi,2023-04-27
O01780,C0371,P0014,2026-01-20,3,20,Bluetooth Speaker,Electronics,27487,82461,16492.2,65968.8,2026-01,39,Female,Lahore,2023-08-02
O01047,C0263,P0075,2026-01-21,2,10,Headphones,Home & Kitchen,24169,48338,4833.8,43504.2,2026-01,55,Male,Karachi,2023-10-05
O01719,C0139,P0055,2026-01-21,3,0,Bluetooth Speaker,Electronics,7552,22656,0.0,22656.0,2026-01,56,Male,Faisalabad,2025-12-21
O02159,C0313,P0087,2026-01-21,4,5,Bluetooth Speaker,Accessories,36493,145972,7298.6,138673.4,2026-01,52,Female,Multan,2025-04-28
O00854,C0106,P0094,2026-01-21,4,25,Phone Case,Home & Kitchen,36541,146164,36541.0,109623.0,2026-01,50,Male,Faisalabad,2023-11-14
O01771,C0005,P0028,2026-01-22,2,15,Laptop Stand,Electronics,13576,27152,4072.8,23079.2,2026-01,25,Female,Karachi,2025-08-15
O01902,C0462,P0054,2026-01-22,3,0,Bluetooth Speaker,Fashion,30234,90702,0.0,90702.0,2026-01,54,Female,Karachi,2025-01-01
O01058,C0220,P0073,2026-01-22,2,5,Power Bank,Electronics,23168,46336,2316.8,44019.2,2026-01,43,Male,Multan,2023-12-22
O02664,C0255,P0078,2026-01-22,3,5,Phone Case,Home & Kitchen,9935,29805,1490.25,28314.75,2026-01,20,Male,Multan,2026-06-10
O02717,C0245,P0079,2026-01-22,4,5,Headphones,Accessories,29052,116208,5810.4,110397.6,2026-01,18,Male,Lahore,2025-05-15
O02635,C0357,P0065,2026-01-22,5,25,Mechanical Keyboard,Accessories,12649,63245,15811.25,47433.75,2026-01,18,Female,Lahore,2024-08-06
O00624,C0003,P0008,2026-01-22,1,25,Wireless Mouse,Electronics,47319,47319,11829.75,35489.25,2026-01,32,Male,Multan,2026-03-17
O02592,C0279,P0071,2026-01-22,2,5,Mechanical Keyboard,Electronics,14173,28346,1417.3,26928.7,2026-01,21,Male,Lahore,2023-07-29
O02554,C0392,P0023,2026-01-22,1,10,Phone Case,Home & Kitchen,39810,39810,3981.0,35829.0,2026-01,36,Male,Lahore,2026-04-04
O00324,C0063,P0045,2026-01-22,4,0,Mechanical Keyboard,Fashion,45476,181904,0.0,181904.0,2026-01,51,Female,Islamabad,2025-09-16
O01655,C0448,P0054,2026-01-22,4,20,Bluetooth Speaker,Fashion,30234,120936,24187.2,96748.8,2026-01,33,Female,Karachi,2025-01-24
O00797,C0410,P0049,2026-01-23,2,5,Phone Case,Electronics,21329,42658,2132.9,40525.1,2026-01,56,Female,Rawalpindi,2023-04-21
O01186,C0191,P0016,2026-01-23,2,25,Smart Watch,Electronics,39838,79676,19919.0,59757.0,2026-01,49,Female,Lahore,2026-04-14
O02550,C0242,P0042,2026-01-23,1,10,Power Bank,Accessories,49757,49757,4975.7,44781.3,2026-01,33,Female,Lahore,2023-01-17
O00361,C0213,P0016,2026-01-23,3,5,Smart Watch,Electronics,39838,119514,5975.7,113538.3,2026-01,23,Male,Rawalpindi,2023-12-19
O00803,C0468,P0052,2026-01-24,5,25,USB-C Cable,Fashion,44639,223195,55798.75,167396.25,2026-01,27,Female,Karachi,2024-02-24
O00686,C0359,P0011,2026-01-24,5,20,Mechanical Keyboard,Fashion,26019,130095,26019.0,104076.0,2026-01,33,Female,Karachi,2025-12-23
O01450,C0494,P0017,2026-01-24,3,0,Smart Watch,Electronics,25096,75288,0.0,75288.0,2026-01,27,Male,Karachi,2023-10-20
O00625,C0449,P0079,2026-01-24,5,0,Headphones,Accessories,29052,145260,0.0,145260.0,2026-01,41,Male,Multan,2023-02-04
O00408,C0029,P0004,2026-01-24,5,25,Laptop Stand,Home & Kitchen,16853,84265,21066.25,63198.75,2026-01,59,Male,Islamabad,2025-03-27
O01040,C0210,P0064,2026-01-24,3,25,Smart Watch,Home & Kitchen,42935,128805,32201.25,96603.75,2026-01,33,Female,Islamabad,2023-12-02
O02151,C0438,P0057,2026-01-24,1,20,Wireless Mouse,Accessories,23986,23986,4797.2,19188.8,2026-01,22,Female,Faisalabad,2024-11-25
O01694,C0165,P0086,2026-01-25,3,10,Power Bank,Accessories,6795,20385,2038.5,18346.5,2026-01,20,Female,Islamabad,2023-08-04
O00819,C0280,P0036,2026-01-25,4,25,Bluetooth Speaker,Electronics,27617,110468,27617.0,82851.0,2026-01,50,Male,Islamabad,2023-11-02
O02272,C0133,P0071,2026-01-25,3,20,Mechanical Keyboard,Electronics,14173,42519,8503.8,34015.2,2026-01,56,Female,Karachi,2023-07-06
O00048,C0218,P0081,2026-01-25,3,20,Mechanical Keyboard,Fashion,16893,50679,10135.8,40543.2,2026-01,53,Male,Rawalpindi,2024-07-10
O00800,C0349,P0093,2026-01-26,3,10,Phone Case,Home & Kitchen,32410,97230,9723.0,87507.0,2026-01,43,Female,Lahore,2024-06-04
O02979,C0166,P0037,2026-01-26,4,15,Bluetooth Speaker,Fashion,36878,147512,22126.8,125385.2,2026-01,56,Male,Islamabad,2023-01-03
O02504,C0154,P0057,2026-01-26,2,0,Wireless Mouse,Accessories,23986,47972,0.0,47972.0,2026-01,37,Male,Islamabad,2023-02-23
O00284,C0130,P0066,2026-01-27,3,0,Backpack,Fashion,35066,105198,0.0,105198.0,2026-01,59,Female,Rawalpindi,2025-03-27
O01461,C0332,P0004,2026-01-27,5,20,Laptop Stand,Home & Kitchen,16853,84265,16853.0,67412.0,2026-01,41,Male,Lahore,2024-06-03
O00015,C0143,P0097,2026-01-27,1,20,Wireless Mouse,Home & Kitchen,38278,38278,7655.6,30622.4,2026-01,53,Male,Islamabad,2025-02-10
O01389,C0218,P0045,2026-01-27,3,20,Mechanical Keyboard,Fashion,45476,136428,27285.6,109142.4,2026-01,53,Male,Rawalpindi,2024-07-10
O01504,C0225,P0010,2026-01-27,2,20,Backpack,Fashion,8734,17468,3493.6,13974.4,2026-01,24,Female,Multan,2023-05-13
O00403,C0425,P0022,2026-01-28,5,0,Power Bank,Accessories,22127,110635,0.0,110635.0,2026-01,22,Male,Multan,2023-01-14
O01788,C0070,P0030,2026-01-28,3,15,Wireless Mouse,Home & Kitchen,38150,114450,17167.5,97282.5,2026-01,31,Male,Faisalabad,2026-03-21
O02744,C0488,P0030,2026-01-28,5,25,Wireless Mouse,Home & Kitchen,38150,190750,47687.5,143062.5,2026-01,28,Female,Lahore,2024-04-22
O01001,C0409,P0012,2026-01-28,2,10,USB-C Cable,Home & Kitchen,27466,54932,5493.2,49438.8,2026-01,33,Male,Faisalabad,2026-01-12
O02232,C0208,P0063,2026-01-28,3,25,Mechanical Keyboard,Electronics,25111,75333,18833.25,56499.75,2026-01,39,Female,Lahore,2023-08-04
O00863,C0107,P0074,2026-01-28,2,10,Laptop Stand,Electronics,15722,31444,3144.4,28299.6,2026-01,40,Male,Karachi,2023-09-02
O01021,C0307,P0015,2026-01-28,2,20,Wireless Mouse,Home & Kitchen,13678,27356,5471.2,21884.8,2026-01,52,Female,Karachi,2026-01-03
O01831,C0063,P0008,2026-01-28,4,0,Wireless Mouse,Electronics,47319,189276,0.0,189276.0,2026-01,51,Female,Islamabad,2025-09-16
O02122,C0137,P0043,2026-01-28,2,5,Laptop Stand,Home & Kitchen,43141,86282,4314.1,81967.9,2026-01,54,Male,Multan,2025-03-17
O01508,C0143,P0097,2026-01-29,5,10,Wireless Mouse,Home & Kitchen,38278,191390,19139.0,172251.0,2026-01,53,Male,Islamabad,2025-02-10
O01321,C0357,P0060,2026-01-29,5,0,Phone Case,Electronics,24989,124945,0.0,124945.0,2026-01,18,Female,Lahore,2024-08-06
O00732,C0117,P0085,2026-01-29,5,5,Smart Watch,Accessories,31901,159505,7975.25,151529.75,2026-01,54,Male,Rawalpindi,2024-01-24
O01538,C0400,P0066,2026-01-29,1,0,Backpack,Fashion,35066,35066,0.0,35066.0,2026-01,26,Female,Islamabad,2024-03-03
O00278,C0499,P0079,2026-01-29,5,20,Headphones,Accessories,29052,145260,29052.0,116208.0,2026-01,52,Male,Multan,2024-01-16
O00944,C0005,P0100,2026-01-29,2,20,Smart Watch,Accessories,42922,85844,17168.8,68675.2,2026-01,25,Female,Karachi,2025-08-15
O00664,C0400,P0056,2026-01-29,1,10,Bluetooth Speaker,Home & Kitchen,4154,4154,415.4,3738.6,2026-01,26,Female,Islamabad,2024-03-03
O01829,C0328,P0061,2026-01-29,2,25,Laptop Stand,Electronics,9136,18272,4568.0,13704.0,2026-01,59,Male,Faisalabad,2023-07-27
O00535,C0114,P0082,2026-01-30,2,0,Bluetooth Speaker,Fashion,11117,22234,0.0,22234.0,2026-01,52,Female,Karachi,2025-07-14
O02366,C0331,P0078,2026-01-30,5,15,Phone Case,Home & Kitchen,9935,49675,7451.25,42223.75,2026-01,57,Male,Islamabad,2025-09-11
O01736,C0099,P0099,2026-01-30,3,0,Smart Watch,Electronics,3540,10620,0.0,10620.0,2026-01,58,Male,Lahore,2025-01-28
O01199,C0437,P0043,2026-01-30,3,5,Laptop Stand,Home & Kitchen,43141,129423,6471.15,122951.85,2026-01,27,Male,Lahore,2023-11-05
O01591,C0160,P0078,2026-01-31,5,20,Phone Case,Home & Kitchen,9935,49675,9935.0,39740.0,2026-01,50,Male,Karachi,2024-02-23
O01976,C0010,P0085,2026-01-31,2,25,Smart Watch,Accessories,31901,63802,15950.5,47851.5,2026-01,28,Female,Rawalpindi,2023-03-14
O01565,C0107,P0070,2026-01-31,4,20,Smart Watch,Home & Kitchen,43168,172672,34534.4,138137.6,2026-01,40,Male,Karachi,2023-09-02
O01176,C0423,P0070,2026-01-31,2,15,Smart Watch,Home & Kitchen,43168,86336,12950.4,73385.6,2026-01,22,Male,Islamabad,2025-03-19
O00188,C0490,P0028,2026-01-31,2,10,Laptop Stand,Electronics,13576,27152,2715.2,24436.8,2026-01,53,Male,Faisalabad,2024-06-09
O01228,C0190,P0032,2026-01-31,4,15,Power Bank,Electronics,46913,187652,28147.8,159504.2,2026-01,54,Male,Lahore,2026-06-28
O01417,C0043,P0075,2026-01-31,2,10,Headphones,Home & Kitchen,24169,48338,4833.8,43504.2,2026-01,26,Male,Islamabad,2026-01-17
O00534,C0473,P0054,2026-01-31,2,0,Bluetooth Speaker,Fashion,30234,60468,0.0,60468.0,2026-01,48,Female,Lahore,2023-12-01
O00506,C0164,P0083,2026-01-31,4,20,Wireless Mouse,Home & Kitchen,39020,156080,31216.0,124864.0,2026-01,58,Female,Faisalabad,2026-03-14
O01747,C0341,P0026,2026-01-31,5,20,Wireless Mouse,Electronics,45314,226570,45314.0,181256.0,2026-01,34,Female,Lahore,2025-06-17
O02580,C0024,P0056,2026-01-31,5,20,Bluetooth Speaker,Home & Kitchen,4154,20770,4154.0,16616.0,2026-01,50,Male,Faisalabad,2023-04-12
O01489,C0146,P0067,2026-01-31,3,5,Mechanical Keyboard,Fashion,42868,128604,6430.2,122173.8,2026-01,24,Male,Multan,2026-02-04
O02388,C0089,P0068,2026-02-01,4,0,Backpack,Electronics,22175,88700,0.0,88700.0,2026-02,41,Female,Islamabad,2023-01-16
O02920,C0406,P0026,2026-02-01,2,25,Wireless Mouse,Electronics,45314,90628,22657.0,67971.0,2026-02,42,Female,Multan,2023-08-11
O00878,C0466,P0098,2026-02-01,5,5,Phone Case,Electronics,16535,82675,4133.75,78541.25,2026-02,50,Female,Rawalpindi,2025-08-04
O00731,C0486,P0091,2026-02-01,2,5,Headphones,Electronics,36951,73902,3695.1,70206.9,2026-02,24,Female,Rawalpindi,2023-04-10
O00004,C0049,P0041,2026-02-01,1,25,Smart Watch,Accessories,31510,31510,7877.5,23632.5,2026-02,25,Male,Islamabad,2024-02-05
O00129,C0279,P0005,2026-02-01,1,10,Mechanical Keyboard,Electronics,12056,12056,1205.6,10850.4,2026-02,21,Male,Lahore,2023-07-29
O00409,C0097,P0096,2026-02-02,5,10,Mechanical Keyboard,Accessories,645,3225,322.5,2902.5,2026-02,59,Male,Lahore,2024-02-18
O01103,C0418,P0080,2026-02-02,4,5,Smart Watch,Accessories,37884,151536,7576.8,143959.2,2026-02,54,Female,Multan,2023-01-22
O00183,C0143,P0078,2026-02-03,5,0,Phone Case,Home & Kitchen,9935,49675,0.0,49675.0,2026-02,53,Male,Islamabad,2025-02-10
O02172,C0102,P0006,2026-02-03,1,0,Headphones,Accessories,28098,28098,0.0,28098.0,2026-02,26,Male,Faisalabad,2025-03-24
O01231,C0030,P0040,2026-02-03,2,25,Smart Watch,Electronics,13967,27934,6983.5,20950.5,2026-02,45,Female,Islamabad,2025-08-14
O01119,C0377,P0072,2026-02-04,3,15,Headphones,Electronics,11630,34890,5233.5,29656.5,2026-02,54,Female,Rawalpindi,2024-08-14
O02164,C0053,P0041,2026-02-04,1,5,Smart Watch,Accessories,31510,31510,1575.5,29934.5,2026-02,53,Male,Lahore,2024-01-26
O02114,C0013,P0026,2026-02-04,1,25,Wireless Mouse,Electronics,45314,45314,11328.5,33985.5,2026-02,53,Male,Karachi,2025-11-06
O01099,C0353,P0081,2026-02-05,4,5,Mechanical Keyboard,Fashion,16893,67572,3378.6,64193.4,2026-02,30,Male,Lahore,2025-10-10
O01633,C0440,P0029,2026-02-05,5,15,Smart Watch,Electronics,49792,248960,37344.0,211616.0,2026-02,51,Male,Lahore,2023-11-03
O01676,C0134,P0060,2026-02-05,5,20,Phone Case,Electronics,24989,124945,24989.0,99956.0,2026-02,49,Female,Faisalabad,2023-03-02
O02971,C0073,P0069,2026-02-05,3,10,Headphones,Fashion,5995,17985,1798.5,16186.5,2026-02,38,Male,Multan,2023-07-07
O01491,C0324,P0054,2026-02-06,4,25,Bluetooth Speaker,Fashion,30234,120936,30234.0,90702.0,2026-02,50,Female,Multan,2025-10-05
O02945,C0315,P0078,2026-02-06,2,0,Phone Case,Home & Kitchen,9935,19870,0.0,19870.0,2026-02,54,Female,Rawalpindi,2025-09-15
O01823,C0429,P0004,2026-02-06,1,15,Laptop Stand,Home & Kitchen,16853,16853,2527.95,14325.05,2026-02,43,Female,Karachi,2025-11-01
O00082,C0050,P0007,2026-02-06,5,5,Power Bank,Home & Kitchen,12063,60315,3015.75,57299.25,2026-02,52,Female,Faisalabad,2025-09-07
O00399,C0192,P0013,2026-02-06,1,15,Bluetooth Speaker,Accessories,16673,16673,2500.95,14172.05,2026-02,50,Female,Faisalabad,2025-07-02
O02119,C0031,P0023,2026-02-06,2,5,Phone Case,Home & Kitchen,39810,79620,3981.0,75639.0,2026-02,33,Female,Faisalabad,2025-11-06
O02132,C0343,P0057,2026-02-06,5,0,Wireless Mouse,Accessories,23986,119930,0.0,119930.0,2026-02,50,Female,Multan,2024-06-10
O00259,C0092,P0045,2026-02-06,2,25,Mechanical Keyboard,Fashion,45476,90952,22738.0,68214.0,2026-02,25,Male,Islamabad,2025-06-12
O02194,C0378,P0089,2026-02-07,5,0,Mechanical Keyboard,Electronics,45605,228025,0.0,228025.0,2026-02,50,Male,Faisalabad,2026-01-14
O01175,C0047,P0013,2026-02-07,3,0,Bluetooth Speaker,Accessories,16673,50019,0.0,50019.0,2026-02,45,Male,Karachi,2025-11-05
O00256,C0288,P0019,2026-02-07,2,25,Headphones,Accessories,42474,84948,21237.0,63711.0,2026-02,50,Female,Islamabad,2024-01-16
O00958,C0076,P0076,2026-02-07,3,5,Laptop Stand,Electronics,34568,103704,5185.2,98518.8,2026-02,41,Male,Rawalpindi,2025-03-15
O01300,C0127,P0081,2026-02-07,4,25,Mechanical Keyboard,Fashion,16893,67572,16893.0,50679.0,2026-02,32,Male,Islamabad,2025-08-06
O01309,C0268,P0016,2026-02-07,2,20,Smart Watch,Electronics,39838,79676,15935.2,63740.8,2026-02,52,Male,Faisalabad,2024-12-31
O02865,C0062,P0072,2026-02-07,4,5,Headphones,Electronics,11630,46520,2326.0,44194.0,2026-02,43,Male,Multan,2026-05-31
O00703,C0216,P0095,2026-02-08,5,5,Mechanical Keyboard,Accessories,23884,119420,5971.0,113449.0,2026-02,20,Male,Islamabad,2025-02-19
O01748,C0008,P0012,2026-02-08,5,15,USB-C Cable,Home & Kitchen,27466,137330,20599.5,116730.5,2026-02,36,Female,Rawalpindi,2023-07-20
O00422,C0214,P0022,2026-02-08,3,0,Power Bank,Accessories,22127,66381,0.0,66381.0,2026-02,33,Female,Lahore,2024-07-24
O01134,C0474,P0089,2026-02-08,5,5,Mechanical Keyboard,Electronics,45605,228025,11401.25,216623.75,2026-02,19,Male,Faisalabad,2025-07-20
O01003,C0254,P0004,2026-02-09,1,5,Laptop Stand,Home & Kitchen,16853,16853,842.65,16010.35,2026-02,33,Male,Karachi,2024-08-08
O00283,C0345,P0082,2026-02-09,5,10,Bluetooth Speaker,Fashion,11117,55585,5558.5,50026.5,2026-02,60,Female,Rawalpindi,2025-01-03
O01381,C0262,P0022,2026-02-09,1,25,Power Bank,Accessories,22127,22127,5531.75,16595.25,2026-02,53,Male,Karachi,2025-09-15
O02137,C0216,P0082,2026-02-09,3,20,Bluetooth Speaker,Fashion,11117,33351,6670.2,26680.8,2026-02,20,Male,Islamabad,2025-02-19
O01605,C0421,P0044,2026-02-09,3,5,Mechanical Keyboard,Accessories,12789,38367,1918.35,36448.65,2026-02,31,Male,Karachi,2024-05-29
O02462,C0173,P0038,2026-02-10,1,0,Wireless Mouse,Home & Kitchen,43152,43152,0.0,43152.0,2026-02,59,Female,Faisalabad,2024-08-02
O00978,C0068,P0020,2026-02-10,3,10,Phone Case,Home & Kitchen,4931,14793,1479.3,13313.7,2026-02,32,Female,Lahore,2024-09-06
O00669,C0211,P0049,2026-02-11,3,0,Phone Case,Electronics,21329,63987,0.0,63987.0,2026-02,50,Female,Islamabad,2026-04-06
O01232,C0334,P0096,2026-02-11,4,10,Mechanical Keyboard,Accessories,645,2580,258.0,2322.0,2026-02,39,Male,Multan,2025-11-16
O01469,C0417,P0075,2026-02-11,2,15,Headphones,Home & Kitchen,24169,48338,7250.7,41087.3,2026-02,33,Male,Lahore,2025-06-18
O02638,C0411,P0091,2026-02-12,4,20,Headphones,Electronics,36951,147804,29560.8,118243.2,2026-02,22,Female,Islamabad,2023-09-08
O00883,C0472,P0012,2026-02-12,3,5,USB-C Cable,Home & Kitchen,27466,82398,4119.9,78278.1,2026-02,29,Female,Karachi,2024-07-31
O00157,C0292,P0037,2026-02-13,2,5,Bluetooth Speaker,Fashion,36878,73756,3687.8,70068.2,2026-02,47,Male,Islamabad,2025-06-25
O02301,C0495,P0082,2026-02-13,5,5,Bluetooth Speaker,Fashion,11117,55585,2779.25,52805.75,2026-02,54,Male,Islamabad,2025-04-16
O01289,C0196,P0048,2026-02-13,4,15,Laptop Stand,Accessories,35405,141620,21243.0,120377.0,2026-02,43,Female,Multan,2025-03-06
O00414,C0232,P0084,2026-02-13,1,25,Headphones,Accessories,10352,10352,2588.0,7764.0,2026-02,18,Female,Karachi,2024-11-02
O02393,C0358,P0001,2026-02-14,4,10,Smart Watch,Electronics,5260,21040,2104.0,18936.0,2026-02,25,Male,Faisalabad,2024-01-30
O00040,C0241,P0077,2026-02-14,3,5,Mechanical Keyboard,Fashion,23753,71259,3562.95,67696.05,2026-02,24,Female,Faisalabad,2026-06-10
O02022,C0214,P0028,2026-02-14,5,5,Laptop Stand,Electronics,13576,67880,3394.0,64486.0,2026-02,33,Female,Lahore,2024-07-24
O00108,C0477,P0068,2026-02-14,5,25,Backpack,Electronics,22175,110875,27718.75,83156.25,2026-02,34,Male,Lahore,2023-07-05
O00592,C0407,P0043,2026-02-15,5,10,Laptop Stand,Home & Kitchen,43141,215705,21570.5,194134.5,2026-02,57,Male,Karachi,2024-07-06
O01666,C0426,P0081,2026-02-15,2,20,Mechanical Keyboard,Fashion,16893,33786,6757.2,27028.8,2026-02,29,Male,Karachi,2025-08-28
O02672,C0273,P0050,2026-02-15,2,5,Wireless Mouse,Electronics,34554,69108,3455.4,65652.6,2026-02,19,Female,Faisalabad,2024-02-05
O02199,C0340,P0023,2026-02-15,5,25,Phone Case,Home & Kitchen,39810,199050,49762.5,149287.5,2026-02,43,Male,Karachi,2024-01-13
O02594,C0069,P0086,2026-02-16,2,25,Power Bank,Accessories,6795,13590,3397.5,10192.5,2026-02,25,Male,Islamabad,2026-03-28
O02266,C0218,P0013,2026-02-16,2,15,Bluetooth Speaker,Accessories,16673,33346,5001.9,28344.1,2026-02,53,Male,Rawalpindi,2024-07-10
O01202,C0142,P0045,2026-02-16,1,0,Mechanical Keyboard,Fashion,45476,45476,0.0,45476.0,2026-02,46,Male,Islamabad,2024-07-17
O00672,C0132,P0096,2026-02-16,1,0,Mechanical Keyboard,Accessories,645,645,0.0,645.0,2026-02,49,Female,Islamabad,2026-03-09
O00603,C0191,P0016,2026-02-16,1,0,Smart Watch,Electronics,39838,39838,0.0,39838.0,2026-02,49,Female,Lahore,2026-04-14
O00415,C0277,P0076,2026-02-16,2,10,Laptop Stand,Electronics,34568,69136,6913.6,62222.4,2026-02,53,Male,Rawalpindi,2024-04-18
O00922,C0289,P0083,2026-02-16,5,25,Wireless Mouse,Home & Kitchen,39020,195100,48775.0,146325.0,2026-02,29,Female,Islamabad,2024-04-04
O02412,C0247,P0048,2026-02-17,5,25,Laptop Stand,Accessories,35405,177025,44256.25,132768.75,2026-02,22,Male,Multan,2024-03-23
O01652,C0155,P0088,2026-02-17,5,25,Power Bank,Accessories,34584,172920,43230.0,129690.0,2026-02,47,Female,Faisalabad,2025-12-06
O01192,C0294,P0096,2026-02-17,2,15,Mechanical Keyboard,Accessories,645,1290,193.5,1096.5,2026-02,55,Male,Karachi,2025-05-28
O00908,C0345,P0086,2026-02-17,2,10,Power Bank,Accessories,6795,13590,1359.0,12231.0,2026-02,60,Female,Rawalpindi,2025-01-03
O02817,C0390,P0084,2026-02-17,5,5,Headphones,Accessories,10352,51760,2588.0,49172.0,2026-02,59,Male,Faisalabad,2026-01-31
O01993,C0030,P0022,2026-02-18,1,5,Power Bank,Accessories,22127,22127,1106.35,21020.65,2026-02,45,Female,Islamabad,2025-08-14
O00257,C0128,P0066,2026-02-18,5,0,Backpack,Fashion,35066,175330,0.0,175330.0,2026-02,32,Male,Karachi,2024-08-07
O01943,C0451,P0032,2026-02-18,4,15,Power Bank,Electronics,46913,187652,28147.8,159504.2,2026-02,19,Female,Karachi,2023-04-03
O00109,C0287,P0069,2026-02-18,4,5,Headphones,Fashion,5995,23980,1199.0,22781.0,2026-02,34,Male,Karachi,2025-08-05
O01060,C0008,P0002,2026-02-19,4,25,Headphones,Home & Kitchen,33279,133116,33279.0,99837.0,2026-02,36,Female,Rawalpindi,2023-07-20
O01178,C0201,P0014,2026-02-19,1,20,Bluetooth Speaker,Electronics,27487,27487,5497.4,21989.6,2026-02,28,Female,Rawalpindi,2023-08-12
O02798,C0114,P0009,2026-02-19,4,5,Backpack,Electronics,44290,177160,8858.0,168302.0,2026-02,52,Female,Karachi,2025-07-14
O01722,C0499,P0026,2026-02-19,2,0,Wireless Mouse,Electronics,45314,90628,0.0,90628.0,2026-02,52,Male,Multan,2024-01-16
O01408,C0177,P0020,2026-02-19,4,25,Phone Case,Home & Kitchen,4931,19724,4931.0,14793.0,2026-02,49,Male,Islamabad,2026-05-03
O01434,C0344,P0035,2026-02-19,1,0,Bluetooth Speaker,Fashion,28711,28711,0.0,28711.0,2026-02,26,Female,Islamabad,2026-03-22
O01507,C0243,P0040,2026-02-19,1,20,Smart Watch,Electronics,13967,13967,2793.4,11173.6,2026-02,43,Female,Karachi,2023-12-26
O00246,C0392,P0065,2026-02-19,3,20,Mechanical Keyboard,Accessories,12649,37947,7589.4,30357.6,2026-02,36,Male,Lahore,2026-04-04
O00616,C0136,P0073,2026-02-19,3,5,Power Bank,Electronics,23168,69504,3475.2,66028.8,2026-02,47,Female,Rawalpindi,2024-12-10
O02446,C0170,P0032,2026-02-19,5,0,Power Bank,Electronics,46913,234565,0.0,234565.0,2026-02,26,Female,Islamabad,2025-06-11
O00138,C0364,P0009,2026-02-20,2,15,Backpack,Electronics,44290,88580,13287.0,75293.0,2026-02,45,Female,Multan,2024-08-29
O01777,C0012,P0083,2026-02-20,1,20,Wireless Mouse,Home & Kitchen,39020,39020,7804.0,31216.0,2026-02,41,Male,Islamabad,2023-10-23
O02643,C0496,P0054,2026-02-20,1,10,Bluetooth Speaker,Fashion,30234,30234,3023.4,27210.6,2026-02,26,Female,Islamabad,2025-10-01
O01775,C0425,P0054,2026-02-20,1,0,Bluetooth Speaker,Fashion,30234,30234,0.0,30234.0,2026-02,22,Male,Multan,2023-01-14
O01238,C0270,P0067,2026-02-20,1,25,Mechanical Keyboard,Fashion,42868,42868,10717.0,32151.0,2026-02,46,Male,Lahore,2025-11-06
O01959,C0158,P0092,2026-02-20,2,20,Headphones,Accessories,7727,15454,3090.8,12363.2,2026-02,42,Male,Karachi,2026-01-27
O00530,C0488,P0061,2026-02-20,3,20,Laptop Stand,Electronics,9136,27408,5481.6,21926.4,2026-02,28,Female,Lahore,2024-04-22
O00457,C0228,P0074,2026-02-20,2,15,Laptop Stand,Electronics,15722,31444,4716.6,26727.4,2026-02,57,Male,Lahore,2025-01-30
O02642,C0382,P0061,2026-02-21,3,0,Laptop Stand,Electronics,9136,27408,0.0,27408.0,2026-02,21,Female,Lahore,2025-07-24
O02547,C0362,P0043,2026-02-21,4,15,Laptop Stand,Home & Kitchen,43141,172564,25884.6,146679.4,2026-02,40,Female,Islamabad,2023-10-01
O02426,C0187,P0082,2026-02-21,4,10,Bluetooth Speaker,Fashion,11117,44468,4446.8,40021.2,2026-02,19,Female,Multan,2025-09-01
O02882,C0219,P0016,2026-02-21,4,25,Smart Watch,Electronics,39838,159352,39838.0,119514.0,2026-02,36,Male,Islamabad,2026-04-08
O02395,C0466,P0080,2026-02-21,4,15,Smart Watch,Accessories,37884,151536,22730.4,128805.6,2026-02,50,Female,Rawalpindi,2025-08-04
O02584,C0323,P0088,2026-02-21,4,25,Power Bank,Accessories,34584,138336,34584.0,103752.0,2026-02,40,Male,Islamabad,2026-04-01
O02552,C0109,P0079,2026-02-21,2,0,Headphones,Accessories,29052,58104,0.0,58104.0,2026-02,54,Male,Karachi,2024-11-27
O02502,C0257,P0069,2026-02-21,1,20,Headphones,Fashion,5995,5995,1199.0,4796.0,2026-02,41,Male,Faisalabad,2025-09-20
O02125,C0459,P0030,2026-02-21,2,0,Wireless Mouse,Home & Kitchen,38150,76300,0.0,76300.0,2026-02,50,Male,Multan,2024-02-08
O01986,C0412,P0078,2026-02-22,3,5,Phone Case,Home & Kitchen,9935,29805,1490.25,28314.75,2026-02,39,Male,Rawalpindi,2024-01-18
O02174,C0258,P0075,2026-02-22,2,25,Headphones,Home & Kitchen,24169,48338,12084.5,36253.5,2026-02,50,Female,Lahore,2024-07-25
O01533,C0117,P0098,2026-02-22,2,5,Phone Case,Electronics,16535,33070,1653.5,31416.5,2026-02,54,Male,Rawalpindi,2024-01-24
O00453,C0232,P0031,2026-02-22,2,15,Backpack,Electronics,47381,94762,14214.3,80547.7,2026-02,18,Female,Karachi,2024-11-02
O00380,C0196,P0012,2026-02-23,1,20,USB-C Cable,Home & Kitchen,27466,27466,5493.2,21972.8,2026-02,43,Female,Multan,2025-03-06
O01353,C0021,P0023,2026-02-23,2,10,Phone Case,Home & Kitchen,39810,79620,7962.0,71658.0,2026-02,55,Female,Islamabad,2026-06-06
O01957,C0401,P0083,2026-02-23,1,25,Wireless Mouse,Home & Kitchen,39020,39020,9755.0,29265.0,2026-02,29,Female,Rawalpindi,2023-11-13
O01219,C0443,P0023,2026-02-23,5,0,Phone Case,Home & Kitchen,39810,199050,0.0,199050.0,2026-02,36,Male,Multan,2024-07-02
O00238,C0387,P0032,2026-02-24,4,20,Power Bank,Electronics,46913,187652,37530.4,150121.6,2026-02,57,Female,Faisalabad,2024-08-11
O01152,C0441,P0044,2026-02-24,5,0,Mechanical Keyboard,Accessories,12789,63945,0.0,63945.0,2026-02,48,Male,Faisalabad,2025-07-02
O02877,C0082,P0001,2026-02-24,4,25,Smart Watch,Electronics,5260,21040,5260.0,15780.0,2026-02,18,Male,Rawalpindi,2023-12-30
O00262,C0334,P0011,2026-02-24,2,10,Mechanical Keyboard,Fashion,26019,52038,5203.8,46834.2,2026-02,39,Male,Multan,2025-11-16
O02126,C0310,P0077,2026-02-24,3,15,Mechanical Keyboard,Fashion,23753,71259,10688.85,60570.15,2026-02,47,Male,Karachi,2025-08-31
O02417,C0478,P0099,2026-02-24,4,20,Smart Watch,Electronics,3540,14160,2832.0,11328.0,2026-02,43,Male,Multan,2026-06-23
O02795,C0440,P0096,2026-02-24,2,5,Mechanical Keyboard,Accessories,645,1290,64.5,1225.5,2026-02,51,Male,Lahore,2023-11-03
O01851,C0298,P0039,2026-02-24,2,20,Wireless Mouse,Accessories,7394,14788,2957.6,11830.4,2026-02,51,Male,Karachi,2024-07-23
O00192,C0042,P0047,2026-02-24,3,10,Bluetooth Speaker,Accessories,23671,71013,7101.3,63911.7,2026-02,31,Female,Multan,2024-04-10
O00491,C0049,P0010,2026-02-24,2,25,Backpack,Fashion,8734,17468,4367.0,13101.0,2026-02,25,Male,Islamabad,2024-02-05
O02670,C0010,P0002,2026-02-25,1,0,Headphones,Home & Kitchen,33279,33279,0.0,33279.0,2026-02,28,Female,Rawalpindi,2023-03-14
O01368,C0067,P0077,2026-02-25,1,20,Mechanical Keyboard,Fashion,23753,23753,4750.6,19002.4,2026-02,48,Male,Islamabad,2024-02-06
O01968,C0214,P0019,2026-02-25,2,0,Headphones,Accessories,42474,84948,0.0,84948.0,2026-02,33,Female,Lahore,2024-07-24
O02476,C0327,P0061,2026-02-25,1,20,Laptop Stand,Electronics,9136,9136,1827.2,7308.8,2026-02,42,Male,Karachi,2024-05-06
O00636,C0405,P0029,2026-02-25,4,10,Smart Watch,Electronics,49792,199168,19916.8,179251.2,2026-02,49,Male,Multan,2026-01-01
O00144,C0454,P0005,2026-02-25,1,25,Mechanical Keyboard,Electronics,12056,12056,3014.0,9042.0,2026-02,44,Female,Multan,2025-06-21
O00041,C0459,P0046,2026-02-26,5,5,Backpack,Accessories,44096,220480,11024.0,209456.0,2026-02,50,Male,Multan,2024-02-08
O01762,C0173,P0096,2026-02-26,1,15,Mechanical Keyboard,Accessories,645,645,96.75,548.25,2026-02,59,Female,Faisalabad,2024-08-02
O00174,C0407,P0032,2026-02-26,4,20,Power Bank,Electronics,46913,187652,37530.4,150121.6,2026-02,57,Male,Karachi,2024-07-06
O01728,C0483,P0043,2026-02-26,3,25,Laptop Stand,Home & Kitchen,43141,129423,32355.75,97067.25,2026-02,43,Male,Karachi,2025-06-29
O01455,C0046,P0039,2026-02-26,2,25,Wireless Mouse,Accessories,7394,14788,3697.0,11091.0,2026-02,37,Female,Multan,2025-02-16
O00926,C0061,P0019,2026-02-26,1,0,Headphones,Accessories,42474,42474,0.0,42474.0,2026-02,35,Male,Multan,2024-08-16
O01604,C0196,P0015,2026-02-27,4,5,Wireless Mouse,Home & Kitchen,13678,54712,2735.6,51976.4,2026-02,43,Female,Multan,2025-03-06
O00355,C0065,P0076,2026-02-27,5,20,Laptop Stand,Electronics,34568,172840,34568.0,138272.0,2026-02,53,Male,Karachi,2025-07-23
O01026,C0408,P0021,2026-02-27,4,15,USB-C Cable,Accessories,28264,113056,16958.4,96097.6,2026-02,18,Male,Lahore,2024-12-16
O02583,C0004,P0020,2026-02-27,5,10,Phone Case,Home & Kitchen,4931,24655,2465.5,22189.5,2026-02,60,Female,Rawalpindi,2026-06-21
O01127,C0216,P0060,2026-02-28,3,0,Phone Case,Electronics,24989,74967,0.0,74967.0,2026-02,20,Male,Islamabad,2025-02-19
O00359,C0242,P0011,2026-02-28,1,15,Mechanical Keyboard,Fashion,26019,26019,3902.85,22116.15,2026-02,33,Female,Lahore,2023-01-17
O01713,C0341,P0083,2026-03-01,4,20,Wireless Mouse,Home & Kitchen,39020,156080,31216.0,124864.0,2026-03,34,Female,Lahore,2025-06-17
O00931,C0169,P0037,2026-03-01,2,10,Bluetooth Speaker,Fashion,36878,73756,7375.6,66380.4,2026-03,44,Male,Islamabad,2026-02-17
O00200,C0158,P0047,2026-03-01,2,20,Bluetooth Speaker,Accessories,23671,47342,9468.4,37873.6,2026-03,42,Male,Karachi,2026-01-27
O02728,C0065,P0058,2026-03-01,1,10,Wireless Mouse,Accessories,19243,19243,1924.3,17318.7,2026-03,53,Male,Karachi,2025-07-23
O00670,C0101,P0036,2026-03-01,4,0,Bluetooth Speaker,Electronics,27617,110468,0.0,110468.0,2026-03,24,Female,Lahore,2025-11-28
O02937,C0452,P0059,2026-03-01,4,25,USB-C Cable,Fashion,48868,195472,48868.0,146604.0,2026-03,45,Female,Faisalabad,2026-05-15
O00325,C0485,P0062,2026-03-02,1,15,Bluetooth Speaker,Fashion,6941,6941,1041.15,5899.85,2026-03,58,Male,Faisalabad,2025-03-04
O00693,C0057,P0010,2026-03-02,4,20,Backpack,Fashion,8734,34936,6987.2,27948.8,2026-03,23,Male,Rawalpindi,2025-06-01
O01952,C0221,P0039,2026-03-02,4,15,Wireless Mouse,Accessories,7394,29576,4436.4,25139.6,2026-03,20,Male,Lahore,2023-07-10
O01858,C0169,P0030,2026-03-02,2,10,Wireless Mouse,Home & Kitchen,38150,76300,7630.0,68670.0,2026-03,44,Male,Islamabad,2026-02-17
O00572,C0256,P0020,2026-03-02,2,25,Phone Case,Home & Kitchen,4931,9862,2465.5,7396.5,2026-03,37,Male,Faisalabad,2026-06-01
O01776,C0046,P0029,2026-03-02,5,15,Smart Watch,Electronics,49792,248960,37344.0,211616.0,2026-03,37,Female,Multan,2025-02-16
O01495,C0420,P0002,2026-03-03,3,5,Headphones,Home & Kitchen,33279,99837,4991.85,94845.15,2026-03,46,Female,Multan,2025-06-13
O02793,C0007,P0057,2026-03-03,2,5,Wireless Mouse,Accessories,23986,47972,2398.6,45573.4,2026-03,56,Female,Faisalabad,2024-04-26
O02813,C0389,P0074,2026-03-03,4,5,Laptop Stand,Electronics,15722,62888,3144.4,59743.6,2026-03,30,Male,Rawalpindi,2025-07-06
O02694,C0271,P0044,2026-03-03,2,10,Mechanical Keyboard,Accessories,12789,25578,2557.8,23020.2,2026-03,35,Male,Rawalpindi,2024-06-07
O02475,C0093,P0085,2026-03-03,3,5,Smart Watch,Accessories,31901,95703,4785.15,90917.85,2026-03,52,Female,Islamabad,2023-11-07
O02487,C0091,P0085,2026-03-03,5,15,Smart Watch,Accessories,31901,159505,23925.75,135579.25,2026-03,34,Female,Faisalabad,2026-02-05
O00396,C0397,P0096,2026-03-04,3,25,Mechanical Keyboard,Accessories,645,1935,483.75,1451.25,2026-03,54,Female,Islamabad,2025-09-20
O00268,C0390,P0051,2026-03-04,4,5,Headphones,Fashion,48978,195912,9795.6,186116.4,2026-03,59,Male,Faisalabad,2026-01-31
O02204,C0465,P0073,2026-03-04,1,20,Power Bank,Electronics,23168,23168,4633.6,18534.4,2026-03,18,Female,Lahore,2023-06-01
O02994,C0132,P0035,2026-03-04,1,5,Bluetooth Speaker,Fashion,28711,28711,1435.55,27275.45,2026-03,49,Female,Islamabad,2026-03-09
O01431,C0382,P0019,2026-03-04,1,10,Headphones,Accessories,42474,42474,4247.4,38226.6,2026-03,21,Female,Lahore,2025-07-24
O01236,C0424,P0006,2026-03-04,2,25,Headphones,Accessories,28098,56196,14049.0,42147.0,2026-03,47,Female,Karachi,2025-05-23
O02474,C0089,P0084,2026-03-04,1,25,Headphones,Accessories,10352,10352,2588.0,7764.0,2026-03,41,Female,Islamabad,2023-01-16
O00832,C0152,P0008,2026-03-05,5,20,Wireless Mouse,Electronics,47319,236595,47319.0,189276.0,2026-03,45,Male,Lahore,2024-05-20
O00202,C0134,P0029,2026-03-05,2,0,Smart Watch,Electronics,49792,99584,0.0,99584.0,2026-03,49,Female,Faisalabad,2023-03-02
O00360,C0493,P0054,2026-03-05,3,20,Bluetooth Speaker,Fashion,30234,90702,18140.4,72561.6,2026-03,53,Male,Rawalpindi,2024-01-10
O01010,C0227,P0030,2026-03-05,2,25,Wireless Mouse,Home & Kitchen,38150,76300,19075.0,57225.0,2026-03,50,Male,Rawalpindi,2025-04-05
O00857,C0070,P0081,2026-03-06,4,0,Mechanical Keyboard,Fashion,16893,67572,0.0,67572.0,2026-03,31,Male,Faisalabad,2026-03-21
O02380,C0184,P0059,2026-03-07,4,0,USB-C Cable,Fashion,48868,195472,0.0,195472.0,2026-03,54,Female,Faisalabad,2026-06-03
O02207,C0186,P0019,2026-03-07,4,20,Headphones,Accessories,42474,169896,33979.2,135916.8,2026-03,19,Male,Karachi,2026-02-21
O02914,C0483,P0044,2026-03-07,3,20,Mechanical Keyboard,Accessories,12789,38367,7673.4,30693.6,2026-03,43,Male,Karachi,2025-06-29
O02403,C0125,P0050,2026-03-07,5,20,Wireless Mouse,Electronics,34554,172770,34554.0,138216.0,2026-03,44,Male,Rawalpindi,2024-03-07
O01774,C0020,P0025,2026-03-07,2,20,Backpack,Fashion,37414,74828,14965.6,59862.4,2026-03,47,Male,Rawalpindi,2023-05-11
O01914,C0461,P0011,2026-03-08,5,15,Mechanical Keyboard,Fashion,26019,130095,19514.25,110580.75,2026-03,60,Male,Islamabad,2024-05-30
O02962,C0068,P0048,2026-03-08,1,5,Laptop Stand,Accessories,35405,35405,1770.25,33634.75,2026-03,32,Female,Lahore,2024-09-06
O00673,C0111,P0036,2026-03-08,3,20,Bluetooth Speaker,Electronics,27617,82851,16570.2,66280.8,2026-03,57,Female,Multan,2026-06-16
O00956,C0167,P0097,2026-03-08,1,15,Wireless Mouse,Home & Kitchen,38278,38278,5741.7,32536.3,2026-03,23,Male,Multan,2023-06-09
O01327,C0393,P0027,2026-03-08,1,25,Bluetooth Speaker,Electronics,45879,45879,11469.75,34409.25,2026-03,34,Male,Lahore,2025-05-20
O02399,C0108,P0041,2026-03-09,1,10,Smart Watch,Accessories,31510,31510,3151.0,28359.0,2026-03,41,Male,Karachi,2025-01-17
O02593,C0365,P0083,2026-03-09,1,0,Wireless Mouse,Home & Kitchen,39020,39020,0.0,39020.0,2026-03,51,Male,Karachi,2023-06-15
O00812,C0260,P0045,2026-03-09,5,5,Mechanical Keyboard,Fashion,45476,227380,11369.0,216011.0,2026-03,28,Male,Rawalpindi,2026-05-30
O02402,C0059,P0033,2026-03-09,4,20,Laptop Stand,Electronics,6512,26048,5209.6,20838.4,2026-03,21,Male,Multan,2025-04-06
O00385,C0082,P0096,2026-03-09,1,20,Mechanical Keyboard,Accessories,645,645,129.0,516.0,2026-03,18,Male,Rawalpindi,2023-12-30
O00218,C0276,P0026,2026-03-09,4,5,Wireless Mouse,Electronics,45314,181256,9062.8,172193.2,2026-03,58,Female,Islamabad,2023-01-22
O02305,C0491,P0069,2026-03-09,4,5,Headphones,Fashion,5995,23980,1199.0,22781.0,2026-03,42,Male,Islamabad,2023-11-30
O01172,C0424,P0099,2026-03-09,2,20,Smart Watch,Electronics,3540,7080,1416.0,5664.0,2026-03,47,Female,Karachi,2025-05-23
O01097,C0025,P0021,2026-03-09,4,25,USB-C Cable,Accessories,28264,113056,28264.0,84792.0,2026-03,29,Female,Multan,2025-05-15
O01695,C0489,P0092,2026-03-10,3,5,Headphones,Accessories,7727,23181,1159.05,22021.95,2026-03,46,Male,Faisalabad,2025-07-28
O02413,C0008,P0096,2026-03-10,3,20,Mechanical Keyboard,Accessories,645,1935,387.0,1548.0,2026-03,36,Female,Rawalpindi,2023-07-20
O02156,C0235,P0045,2026-03-10,1,0,Mechanical Keyboard,Fashion,45476,45476,0.0,45476.0,2026-03,42,Female,Islamabad,2023-12-22
O00772,C0137,P0063,2026-03-10,3,5,Mechanical Keyboard,Electronics,25111,75333,3766.65,71566.35,2026-03,54,Male,Multan,2025-03-17
O00203,C0067,P0050,2026-03-10,1,15,Wireless Mouse,Electronics,34554,34554,5183.1,29370.9,2026-03,48,Male,Islamabad,2024-02-06
O02419,C0484,P0063,2026-03-10,1,10,Mechanical Keyboard,Electronics,25111,25111,2511.1,22599.9,2026-03,51,Female,Islamabad,2025-05-16
O02897,C0022,P0071,2026-03-10,4,25,Mechanical Keyboard,Electronics,14173,56692,14173.0,42519.0,2026-03,19,Female,Lahore,2023-04-18
O02873,C0412,P0024,2026-03-10,5,10,Phone Case,Accessories,9406,47030,4703.0,42327.0,2026-03,39,Male,Rawalpindi,2024-01-18
O02239,C0111,P0016,2026-03-11,1,0,Smart Watch,Electronics,39838,39838,0.0,39838.0,2026-03,57,Female,Multan,2026-06-16
O02857,C0280,P0049,2026-03-11,3,20,Phone Case,Electronics,21329,63987,12797.4,51189.6,2026-03,50,Male,Islamabad,2023-11-02
O00081,C0200,P0086,2026-03-11,5,15,Power Bank,Accessories,6795,33975,5096.25,28878.75,2026-03,21,Male,Faisalabad,2025-11-29
O02263,C0124,P0042,2026-03-12,3,15,Power Bank,Accessories,49757,149271,22390.65,126880.35,2026-03,56,Male,Lahore,2023-10-20
O02014,C0079,P0069,2026-03-12,5,25,Headphones,Fashion,5995,29975,7493.75,22481.25,2026-03,58,Female,Karachi,2025-09-12
O00332,C0155,P0064,2026-03-12,3,20,Smart Watch,Home & Kitchen,42935,128805,25761.0,103044.0,2026-03,47,Female,Faisalabad,2025-12-06
O02696,C0423,P0026,2026-03-12,3,0,Wireless Mouse,Electronics,45314,135942,0.0,135942.0,2026-03,22,Male,Islamabad,2025-03-19
O00087,C0259,P0092,2026-03-12,1,15,Headphones,Accessories,7727,7727,1159.05,6567.95,2026-03,41,Male,Multan,2023-12-01
O01356,C0276,P0074,2026-03-13,4,25,Laptop Stand,Electronics,15722,62888,15722.0,47166.0,2026-03,58,Female,Islamabad,2023-01-22
O00998,C0369,P0095,2026-03-13,2,10,Mechanical Keyboard,Accessories,23884,47768,4776.8,42991.2,2026-03,39,Female,Karachi,2023-04-12
O01136,C0277,P0026,2026-03-13,4,15,Wireless Mouse,Electronics,45314,181256,27188.4,154067.6,2026-03,53,Male,Rawalpindi,2024-04-18
O02729,C0337,P0032,2026-03-13,5,5,Power Bank,Electronics,46913,234565,11728.25,222836.75,2026-03,44,Female,Lahore,2023-12-15
O02903,C0157,P0067,2026-03-14,1,15,Mechanical Keyboard,Fashion,42868,42868,6430.2,36437.8,2026-03,45,Female,Karachi,2024-11-19
O00643,C0425,P0034,2026-03-14,4,0,Backpack,Electronics,7651,30604,0.0,30604.0,2026-03,22,Male,Multan,2023-01-14
O02714,C0262,P0029,2026-03-14,4,0,Smart Watch,Electronics,49792,199168,0.0,199168.0,2026-03,53,Male,Karachi,2025-09-15
O00032,C0085,P0048,2026-03-14,1,15,Laptop Stand,Accessories,35405,35405,5310.75,30094.25,2026-03,26,Male,Multan,2025-09-08
O01759,C0354,P0057,2026-03-14,5,15,Wireless Mouse,Accessories,23986,119930,17989.5,101940.5,2026-03,24,Female,Rawalpindi,2024-05-15
O01513,C0285,P0080,2026-03-14,2,0,Smart Watch,Accessories,37884,75768,0.0,75768.0,2026-03,24,Male,Lahore,2025-02-01
O00502,C0255,P0043,2026-03-15,4,10,Laptop Stand,Home & Kitchen,43141,172564,17256.4,155307.6,2026-03,20,Male,Multan,2026-06-10
O01971,C0183,P0008,2026-03-15,3,25,Wireless Mouse,Electronics,47319,141957,35489.25,106467.75,2026-03,20,Male,Faisalabad,2025-08-12
O01634,C0204,P0070,2026-03-15,4,15,Smart Watch,Home & Kitchen,43168,172672,25900.8,146771.2,2026-03,41,Female,Faisalabad,2023-04-25
O01196,C0227,P0008,2026-03-15,2,5,Wireless Mouse,Electronics,47319,94638,4731.9,89906.1,2026-03,50,Male,Rawalpindi,2025-04-05
O01427,C0318,P0009,2026-03-15,1,25,Backpack,Electronics,44290,44290,11072.5,33217.5,2026-03,48,Female,Karachi,2025-05-18
O02932,C0443,P0081,2026-03-15,3,0,Mechanical Keyboard,Fashion,16893,50679,0.0,50679.0,2026-03,36,Male,Multan,2024-07-02
O00759,C0198,P0077,2026-03-15,3,0,Mechanical Keyboard,Fashion,23753,71259,0.0,71259.0,2026-03,23,Female,Faisalabad,2024-08-15
O02668,C0139,P0096,2026-03-16,3,5,Mechanical Keyboard,Accessories,645,1935,96.75,1838.25,2026-03,56,Male,Faisalabad,2025-12-21
O01106,C0133,P0047,2026-03-16,3,5,Bluetooth Speaker,Accessories,23671,71013,3550.65,67462.35,2026-03,56,Female,Karachi,2023-07-06
O01413,C0302,P0082,2026-03-16,5,10,Bluetooth Speaker,Fashion,11117,55585,5558.5,50026.5,2026-03,45,Male,Multan,2024-02-01
O02742,C0372,P0090,2026-03-16,3,10,Wireless Mouse,Fashion,40075,120225,12022.5,108202.5,2026-03,39,Male,Islamabad,2026-01-16
O00824,C0182,P0017,2026-03-17,5,20,Smart Watch,Electronics,25096,125480,25096.0,100384.0,2026-03,19,Male,Karachi,2023-02-09
O01832,C0294,P0024,2026-03-17,5,5,Phone Case,Accessories,9406,47030,2351.5,44678.5,2026-03,55,Male,Karachi,2025-05-28
O01585,C0041,P0096,2026-03-17,5,10,Mechanical Keyboard,Accessories,645,3225,322.5,2902.5,2026-03,42,Female,Rawalpindi,2026-05-08
O01276,C0161,P0030,2026-03-17,2,15,Wireless Mouse,Home & Kitchen,38150,76300,11445.0,64855.0,2026-03,18,Male,Karachi,2024-11-20
O00019,C0160,P0034,2026-03-17,3,25,Backpack,Electronics,7651,22953,5738.25,17214.75,2026-03,50,Male,Karachi,2024-02-23
O02900,C0439,P0045,2026-03-17,5,20,Mechanical Keyboard,Fashion,45476,227380,45476.0,181904.0,2026-03,53,Male,Faisalabad,2023-10-15
O00532,C0334,P0027,2026-03-17,4,15,Bluetooth Speaker,Electronics,45879,183516,27527.4,155988.6,2026-03,39,Male,Multan,2025-11-16
O02352,C0223,P0029,2026-03-18,2,15,Smart Watch,Electronics,49792,99584,14937.6,84646.4,2026-03,37,Female,Multan,2024-11-30
O02240,C0307,P0015,2026-03-18,4,20,Wireless Mouse,Home & Kitchen,13678,54712,10942.4,43769.6,2026-03,52,Female,Karachi,2026-01-03
O00590,C0463,P0072,2026-03-18,5,0,Headphones,Electronics,11630,58150,0.0,58150.0,2026-03,29,Female,Multan,2024-06-15
O01848,C0323,P0004,2026-03-18,2,0,Laptop Stand,Home & Kitchen,16853,33706,0.0,33706.0,2026-03,40,Male,Islamabad,2026-04-01
O00505,C0149,P0048,2026-03-18,2,20,Laptop Stand,Accessories,35405,70810,14162.0,56648.0,2026-03,19,Male,Faisalabad,2023-08-06
O02382,C0187,P0009,2026-03-18,4,5,Backpack,Electronics,44290,177160,8858.0,168302.0,2026-03,19,Female,Multan,2025-09-01
O02029,C0425,P0051,2026-03-18,2,5,Headphones,Fashion,48978,97956,4897.8,93058.2,2026-03,22,Male,Multan,2023-01-14
O01153,C0279,P0015,2026-03-18,1,5,Wireless Mouse,Home & Kitchen,13678,13678,683.9,12994.1,2026-03,21,Male,Lahore,2023-07-29
O02712,C0141,P0080,2026-03-19,4,15,Smart Watch,Accessories,37884,151536,22730.4,128805.6,2026-03,60,Male,Faisalabad,2026-03-22
O00955,C0125,P0040,2026-03-19,4,10,Smart Watch,Electronics,13967,55868,5586.8,50281.2,2026-03,44,Male,Rawalpindi,2024-03-07
O02150,C0310,P0009,2026-03-19,4,20,Backpack,Electronics,44290,177160,35432.0,141728.0,2026-03,47,Male,Karachi,2025-08-31
O01543,C0425,P0027,2026-03-19,5,5,Bluetooth Speaker,Electronics,45879,229395,11469.75,217925.25,2026-03,22,Male,Multan,2023-01-14
O00059,C0164,P0082,2026-03-19,5,5,Bluetooth Speaker,Fashion,11117,55585,2779.25,52805.75,2026-03,58,Female,Faisalabad,2026-03-14
O01485,C0177,P0043,2026-03-20,2,10,Laptop Stand,Home & Kitchen,43141,86282,8628.2,77653.8,2026-03,49,Male,Islamabad,2026-05-03
O02924,C0283,P0100,2026-03-20,2,20,Smart Watch,Accessories,42922,85844,17168.8,68675.2,2026-03,37,Male,Lahore,2023-10-12
O00504,C0266,P0020,2026-03-20,3,0,Phone Case,Home & Kitchen,4931,14793,0.0,14793.0,2026-03,52,Male,Faisalabad,2024-04-28
O01337,C0343,P0043,2026-03-20,1,25,Laptop Stand,Home & Kitchen,43141,43141,10785.25,32355.75,2026-03,50,Female,Multan,2024-06-10
O01378,C0072,P0063,2026-03-20,1,0,Mechanical Keyboard,Electronics,25111,25111,0.0,25111.0,2026-03,57,Male,Faisalabad,2024-09-11
O02418,C0352,P0014,2026-03-20,2,20,Bluetooth Speaker,Electronics,27487,54974,10994.8,43979.2,2026-03,41,Male,Multan,2024-12-26
O00281,C0418,P0049,2026-03-20,2,0,Phone Case,Electronics,21329,42658,0.0,42658.0,2026-03,54,Female,Multan,2023-01-22
O02715,C0340,P0026,2026-03-21,1,10,Wireless Mouse,Electronics,45314,45314,4531.4,40782.6,2026-03,43,Male,Karachi,2024-01-13
O02951,C0248,P0077,2026-03-21,1,20,Mechanical Keyboard,Fashion,23753,23753,4750.6,19002.4,2026-03,54,Female,Islamabad,2025-05-05
O00294,C0083,P0003,2026-03-21,4,10,Backpack,Fashion,22136,88544,8854.4,79689.6,2026-03,42,Male,Karachi,2023-02-08
O01934,C0322,P0028,2026-03-21,4,5,Laptop Stand,Electronics,13576,54304,2715.2,51588.8,2026-03,49,Female,Islamabad,2026-03-31
O02888,C0098,P0016,2026-03-21,3,5,Smart Watch,Electronics,39838,119514,5975.7,113538.3,2026-03,56,Female,Faisalabad,2023-09-08
O01121,C0450,P0015,2026-03-21,5,20,Wireless Mouse,Home & Kitchen,13678,68390,13678.0,54712.0,2026-03,33,Male,Lahore,2024-03-20
O01935,C0450,P0096,2026-03-21,3,25,Mechanical Keyboard,Accessories,645,1935,483.75,1451.25,2026-03,33,Male,Lahore,2024-03-20
O00864,C0084,P0095,2026-03-21,4,20,Mechanical Keyboard,Accessories,23884,95536,19107.2,76428.8,2026-03,24,Female,Lahore,2024-05-11
O00046,C0019,P0008,2026-03-22,1,10,Wireless Mouse,Electronics,47319,47319,4731.9,42587.1,2026-03,41,Male,Karachi,2025-11-28
O02041,C0147,P0067,2026-03-22,4,15,Mechanical Keyboard,Fashion,42868,171472,25720.8,145751.2,2026-03,39,Male,Rawalpindi,2023-08-14
O00933,C0086,P0086,2026-03-22,1,10,Power Bank,Accessories,6795,6795,679.5,6115.5,2026-03,41,Female,Multan,2025-07-09
O00300,C0190,P0055,2026-03-22,3,15,Bluetooth Speaker,Electronics,7552,22656,3398.4,19257.6,2026-03,54,Male,Lahore,2026-06-28
O01854,C0277,P0090,2026-03-22,3,0,Wireless Mouse,Fashion,40075,120225,0.0,120225.0,2026-03,53,Male,Rawalpindi,2024-04-18
O00214,C0130,P0061,2026-03-22,2,10,Laptop Stand,Electronics,9136,18272,1827.2,16444.8,2026-03,59,Female,Rawalpindi,2025-03-27
O01108,C0189,P0017,2026-03-22,3,5,Smart Watch,Electronics,25096,75288,3764.4,71523.6,2026-03,40,Male,Multan,2023-11-24
O01398,C0109,P0022,2026-03-22,2,0,Power Bank,Accessories,22127,44254,0.0,44254.0,2026-03,54,Male,Karachi,2024-11-27
O00529,C0153,P0011,2026-03-23,3,20,Mechanical Keyboard,Fashion,26019,78057,15611.4,62445.6,2026-03,45,Female,Multan,2023-09-16
O02235,C0484,P0009,2026-03-23,2,0,Backpack,Electronics,44290,88580,0.0,88580.0,2026-03,51,Female,Islamabad,2025-05-16
O02181,C0409,P0024,2026-03-23,5,10,Phone Case,Accessories,9406,47030,4703.0,42327.0,2026-03,33,Male,Faisalabad,2026-01-12
O00601,C0184,P0084,2026-03-23,2,20,Headphones,Accessories,10352,20704,4140.8,16563.2,2026-03,54,Female,Faisalabad,2026-06-03
O01582,C0156,P0038,2026-03-23,2,15,Wireless Mouse,Home & Kitchen,43152,86304,12945.6,73358.4,2026-03,28,Female,Multan,2024-12-27
O00018,C0455,P0048,2026-03-23,5,25,Laptop Stand,Accessories,35405,177025,44256.25,132768.75,2026-03,37,Male,Lahore,2025-05-11
O01680,C0369,P0076,2026-03-24,5,15,Laptop Stand,Electronics,34568,172840,25926.0,146914.0,2026-03,39,Female,Karachi,2023-04-12
O02644,C0379,P0040,2026-03-24,3,10,Smart Watch,Electronics,13967,41901,4190.1,37710.9,2026-03,25,Female,Multan,2023-04-02
O00655,C0209,P0072,2026-03-24,5,5,Headphones,Electronics,11630,58150,2907.5,55242.5,2026-03,28,Female,Islamabad,2026-03-16
O00717,C0159,P0040,2026-03-25,5,0,Smart Watch,Electronics,13967,69835,0.0,69835.0,2026-03,56,Female,Karachi,2025-11-09
O02570,C0195,P0052,2026-03-25,1,0,USB-C Cable,Fashion,44639,44639,0.0,44639.0,2026-03,19,Female,Karachi,2025-08-30
O02407,C0299,P0059,2026-03-25,4,10,USB-C Cable,Fashion,48868,195472,19547.2,175924.8,2026-03,38,Male,Karachi,2025-01-07
O01627,C0064,P0040,2026-03-25,5,15,Smart Watch,Electronics,13967,69835,10475.25,59359.75,2026-03,27,Female,Multan,2024-01-07
O02816,C0401,P0042,2026-03-25,2,0,Power Bank,Accessories,49757,99514,0.0,99514.0,2026-03,29,Female,Rawalpindi,2023-11-13
O02473,C0160,P0093,2026-03-25,1,20,Phone Case,Home & Kitchen,32410,32410,6482.0,25928.0,2026-03,50,Male,Karachi,2024-02-23
O00436,C0087,P0059,2026-03-26,2,25,USB-C Cable,Fashion,48868,97736,24434.0,73302.0,2026-03,18,Male,Faisalabad,2024-12-22
O02854,C0248,P0017,2026-03-26,1,5,Smart Watch,Electronics,25096,25096,1254.8,23841.2,2026-03,54,Female,Islamabad,2025-05-05
O00887,C0405,P0008,2026-03-26,4,15,Wireless Mouse,Electronics,47319,189276,28391.4,160884.6,2026-03,49,Male,Multan,2026-01-01
O02043,C0411,P0008,2026-03-26,5,15,Wireless Mouse,Electronics,47319,236595,35489.25,201105.75,2026-03,22,Female,Islamabad,2023-09-08
O01978,C0456,P0045,2026-03-26,4,5,Mechanical Keyboard,Fashion,45476,181904,9095.2,172808.8,2026-03,41,Male,Rawalpindi,2023-06-08
O02874,C0318,P0061,2026-03-26,2,0,Laptop Stand,Electronics,9136,18272,0.0,18272.0,2026-03,48,Female,Karachi,2025-05-18
O02569,C0385,P0049,2026-03-27,1,0,Phone Case,Electronics,21329,21329,0.0,21329.0,2026-03,47,Male,Faisalabad,2023-08-13
O00966,C0099,P0016,2026-03-28,2,25,Smart Watch,Electronics,39838,79676,19919.0,59757.0,2026-03,58,Male,Lahore,2025-01-28
O02832,C0019,P0079,2026-03-28,4,0,Headphones,Accessories,29052,116208,0.0,116208.0,2026-03,41,Male,Karachi,2025-11-28
O01583,C0172,P0067,2026-03-28,2,10,Mechanical Keyboard,Fashion,42868,85736,8573.6,77162.4,2026-03,50,Male,Rawalpindi,2023-11-25
O01794,C0417,P0047,2026-03-28,3,5,Bluetooth Speaker,Accessories,23671,71013,3550.65,67462.35,2026-03,33,Male,Lahore,2025-06-18
O02557,C0147,P0098,2026-03-28,2,5,Phone Case,Electronics,16535,33070,1653.5,31416.5,2026-03,39,Male,Rawalpindi,2023-08-14
O00235,C0238,P0003,2026-03-28,5,0,Backpack,Fashion,22136,110680,0.0,110680.0,2026-03,47,Male,Rawalpindi,2026-06-01
O01754,C0374,P0088,2026-03-29,1,15,Power Bank,Accessories,34584,34584,5187.6,29396.4,2026-03,23,Male,Multan,2024-08-10
O01089,C0412,P0055,2026-03-29,5,15,Bluetooth Speaker,Electronics,7552,37760,5664.0,32096.0,2026-03,39,Male,Rawalpindi,2024-01-18
O01804,C0242,P0082,2026-03-29,1,20,Bluetooth Speaker,Fashion,11117,11117,2223.4,8893.6,2026-03,33,Female,Lahore,2023-01-17
O00574,C0150,P0038,2026-03-29,2,5,Wireless Mouse,Home & Kitchen,43152,86304,4315.2,81988.8,2026-03,59,Male,Lahore,2025-07-25
O00277,C0287,P0036,2026-03-29,4,20,Bluetooth Speaker,Electronics,27617,110468,22093.6,88374.4,2026-03,34,Male,Karachi,2025-08-05
O02931,C0233,P0023,2026-03-30,5,0,Phone Case,Home & Kitchen,39810,199050,0.0,199050.0,2026-03,28,Female,Karachi,2023-12-29
O01049,C0387,P0064,2026-03-30,4,15,Smart Watch,Home & Kitchen,42935,171740,25761.0,145979.0,2026-03,57,Female,Faisalabad,2024-08-11
O00877,C0399,P0075,2026-03-30,3,0,Headphones,Home & Kitchen,24169,72507,0.0,72507.0,2026-03,40,Female,Lahore,2025-06-05
O01685,C0126,P0004,2026-03-30,3,25,Laptop Stand,Home & Kitchen,16853,50559,12639.75,37919.25,2026-03,26,Female,Islamabad,2024-12-05
O01618,C0427,P0031,2026-03-31,4,5,Backpack,Electronics,47381,189524,9476.2,180047.8,2026-03,33,Male,Lahore,2025-09-04
O02805,C0328,P0058,2026-03-31,1,15,Wireless Mouse,Accessories,19243,19243,2886.45,16356.55,2026-03,59,Male,Faisalabad,2023-07-27
O00941,C0065,P0058,2026-03-31,5,20,Wireless Mouse,Accessories,19243,96215,19243.0,76972.0,2026-03,53,Male,Karachi,2025-07-23
O01709,C0109,P0028,2026-03-31,2,20,Laptop Stand,Electronics,13576,27152,5430.4,21721.6,2026-03,54,Male,Karachi,2024-11-27
O01297,C0086,P0086,2026-03-31,5,15,Power Bank,Accessories,6795,33975,5096.25,28878.75,2026-03,41,Female,Multan,2025-07-09
O00748,C0113,P0055,2026-03-31,3,5,Bluetooth Speaker,Electronics,7552,22656,1132.8,21523.2,2026-03,44,Female,Multan,2023-09-23
O00073,C0444,P0098,2026-03-31,4,5,Phone Case,Electronics,16535,66140,3307.0,62833.0,2026-03,49,Female,Lahore,2023-11-08
O01593,C0118,P0078,2026-03-31,2,20,Phone Case,Home & Kitchen,9935,19870,3974.0,15896.0,2026-03,31,Female,Rawalpindi,2024-07-30
O02861,C0361,P0049,2026-04-01,3,20,Phone Case,Electronics,21329,63987,12797.4,51189.6,2026-04,29,Female,Islamabad,2023-03-13
O02607,C0138,P0041,2026-04-01,4,20,Smart Watch,Accessories,31510,126040,25208.0,100832.0,2026-04,40,Male,Islamabad,2023-01-11
O00649,C0086,P0052,2026-04-01,2,25,USB-C Cable,Fashion,44639,89278,22319.5,66958.5,2026-04,41,Female,Multan,2025-07-09
O02893,C0124,P0043,2026-04-01,4,15,Laptop Stand,Home & Kitchen,43141,172564,25884.6,146679.4,2026-04,56,Male,Lahore,2023-10-20
O01265,C0398,P0014,2026-04-01,2,10,Bluetooth Speaker,Electronics,27487,54974,5497.4,49476.6,2026-04,43,Female,Lahore,2023-04-16
O01961,C0269,P0079,2026-04-01,4,10,Headphones,Accessories,29052,116208,11620.8,104587.2,2026-04,42,Male,Karachi,2023-07-11
O02639,C0435,P0021,2026-04-02,4,10,USB-C Cable,Accessories,28264,113056,11305.6,101750.4,2026-04,54,Male,Rawalpindi,2025-01-19
O01890,C0201,P0027,2026-04-02,5,0,Bluetooth Speaker,Electronics,45879,229395,0.0,229395.0,2026-04,28,Female,Rawalpindi,2023-08-12
O02998,C0411,P0012,2026-04-02,3,0,USB-C Cable,Home & Kitchen,27466,82398,0.0,82398.0,2026-04,22,Female,Islamabad,2023-09-08
O02702,C0378,P0091,2026-04-02,5,20,Headphones,Electronics,36951,184755,36951.0,147804.0,2026-04,50,Male,Faisalabad,2026-01-14
O01423,C0341,P0044,2026-04-02,1,10,Mechanical Keyboard,Accessories,12789,12789,1278.9,11510.1,2026-04,34,Female,Lahore,2025-06-17
O02452,C0432,P0079,2026-04-03,1,15,Headphones,Accessories,29052,29052,4357.8,24694.2,2026-04,53,Male,Multan,2026-06-20
O01906,C0479,P0043,2026-04-03,3,25,Laptop Stand,Home & Kitchen,43141,129423,32355.75,97067.25,2026-04,25,Male,Lahore,2024-09-28
O00720,C0403,P0015,2026-04-03,5,20,Wireless Mouse,Home & Kitchen,13678,68390,13678.0,54712.0,2026-04,18,Female,Faisalabad,2023-01-09
O02480,C0404,P0050,2026-04-04,2,20,Wireless Mouse,Electronics,34554,69108,13821.6,55286.4,2026-04,51,Male,Faisalabad,2025-02-12
O01326,C0445,P0059,2026-04-04,2,5,USB-C Cable,Fashion,48868,97736,4886.8,92849.2,2026-04,18,Female,Faisalabad,2025-05-22
O00131,C0115,P0049,2026-04-04,5,0,Phone Case,Electronics,21329,106645,0.0,106645.0,2026-04,18,Male,Faisalabad,2025-07-09
O02375,C0272,P0072,2026-04-04,3,0,Headphones,Electronics,11630,34890,0.0,34890.0,2026-04,35,Male,Karachi,2025-07-06
O00963,C0444,P0038,2026-04-05,5,25,Wireless Mouse,Home & Kitchen,43152,215760,53940.0,161820.0,2026-04,49,Female,Lahore,2023-11-08
O00029,C0320,P0016,2026-04-05,3,10,Smart Watch,Electronics,39838,119514,11951.4,107562.6,2026-04,50,Male,Multan,2024-07-23
O01200,C0302,P0031,2026-04-05,4,15,Backpack,Electronics,47381,189524,28428.6,161095.4,2026-04,45,Male,Multan,2024-02-01
O01905,C0414,P0007,2026-04-05,3,5,Power Bank,Home & Kitchen,12063,36189,1809.45,34379.55,2026-04,20,Male,Multan,2024-04-03
O02479,C0468,P0016,2026-04-06,1,10,Smart Watch,Electronics,39838,39838,3983.8,35854.2,2026-04,27,Female,Karachi,2024-02-24
O00487,C0450,P0003,2026-04-06,4,20,Backpack,Fashion,22136,88544,17708.8,70835.2,2026-04,33,Male,Lahore,2024-03-20
O02394,C0374,P0091,2026-04-06,1,15,Headphones,Electronics,36951,36951,5542.65,31408.35,2026-04,23,Male,Multan,2024-08-10
O00837,C0408,P0039,2026-04-06,3,0,Wireless Mouse,Accessories,7394,22182,0.0,22182.0,2026-04,18,Male,Lahore,2024-12-16
O01757,C0091,P0089,2026-04-06,1,0,Mechanical Keyboard,Electronics,45605,45605,0.0,45605.0,2026-04,34,Female,Faisalabad,2026-02-05
O00151,C0272,P0067,2026-04-06,2,5,Mechanical Keyboard,Fashion,42868,85736,4286.8,81449.2,2026-04,35,Male,Karachi,2025-07-06
O00233,C0336,P0043,2026-04-06,3,10,Laptop Stand,Home & Kitchen,43141,129423,12942.3,116480.7,2026-04,19,Female,Lahore,2024-01-22
O00838,C0364,P0028,2026-04-07,1,25,Laptop Stand,Electronics,13576,13576,3394.0,10182.0,2026-04,45,Female,Multan,2024-08-29
O01672,C0124,P0029,2026-04-07,3,10,Smart Watch,Electronics,49792,149376,14937.6,134438.4,2026-04,56,Male,Lahore,2023-10-20
O02499,C0324,P0051,2026-04-07,4,15,Headphones,Fashion,48978,195912,29386.8,166525.2,2026-04,50,Female,Multan,2025-10-05
O01283,C0227,P0058,2026-04-07,1,10,Wireless Mouse,Accessories,19243,19243,1924.3,17318.7,2026-04,50,Male,Rawalpindi,2025-04-05
O00817,C0419,P0081,2026-04-07,2,0,Mechanical Keyboard,Fashion,16893,33786,0.0,33786.0,2026-04,39,Female,Islamabad,2024-02-14
O01179,C0148,P0037,2026-04-08,2,25,Bluetooth Speaker,Fashion,36878,73756,18439.0,55317.0,2026-04,45,Female,Karachi,2025-04-04
O02608,C0168,P0042,2026-04-08,3,10,Power Bank,Accessories,49757,149271,14927.1,134343.9,2026-04,25,Female,Multan,2025-02-19
O01438,C0017,P0031,2026-04-08,3,10,Backpack,Electronics,47381,142143,14214.3,127928.7,2026-04,39,Male,Multan,2023-02-11
O00425,C0079,P0096,2026-04-08,1,15,Mechanical Keyboard,Accessories,645,645,96.75,548.25,2026-04,58,Female,Karachi,2025-09-12
O00437,C0101,P0029,2026-04-08,4,5,Smart Watch,Electronics,49792,199168,9958.4,189209.6,2026-04,24,Female,Lahore,2025-11-28
O02228,C0313,P0073,2026-04-08,1,20,Power Bank,Electronics,23168,23168,4633.6,18534.4,2026-04,52,Female,Multan,2025-04-28
O01142,C0469,P0070,2026-04-08,5,25,Smart Watch,Home & Kitchen,43168,215840,53960.0,161880.0,2026-04,60,Female,Faisalabad,2026-06-27
O02062,C0471,P0077,2026-04-08,2,0,Mechanical Keyboard,Fashion,23753,47506,0.0,47506.0,2026-04,30,Male,Faisalabad,2025-05-15
O01355,C0038,P0014,2026-04-08,5,5,Bluetooth Speaker,Electronics,27487,137435,6871.75,130563.25,2026-04,56,Female,Faisalabad,2024-01-09
O02167,C0053,P0058,2026-04-09,4,15,Wireless Mouse,Accessories,19243,76972,11545.8,65426.2,2026-04,53,Male,Lahore,2024-01-26
O00773,C0090,P0038,2026-04-09,4,0,Wireless Mouse,Home & Kitchen,43152,172608,0.0,172608.0,2026-04,28,Male,Rawalpindi,2024-05-07
O00562,C0126,P0014,2026-04-09,3,0,Bluetooth Speaker,Electronics,27487,82461,0.0,82461.0,2026-04,26,Female,Islamabad,2024-12-05
O00533,C0124,P0055,2026-04-09,5,15,Bluetooth Speaker,Electronics,7552,37760,5664.0,32096.0,2026-04,56,Male,Lahore,2023-10-20
O02482,C0094,P0017,2026-04-09,4,10,Smart Watch,Electronics,25096,100384,10038.4,90345.6,2026-04,52,Female,Karachi,2025-01-08
O02509,C0266,P0064,2026-04-09,2,15,Smart Watch,Home & Kitchen,42935,85870,12880.5,72989.5,2026-04,52,Male,Faisalabad,2024-04-28
O00236,C0381,P0079,2026-04-09,1,25,Headphones,Accessories,29052,29052,7263.0,21789.0,2026-04,56,Male,Multan,2024-12-14
O01977,C0484,P0067,2026-04-09,5,15,Mechanical Keyboard,Fashion,42868,214340,32151.0,182189.0,2026-04,51,Female,Islamabad,2025-05-16
O02051,C0141,P0069,2026-04-09,5,25,Headphones,Fashion,5995,29975,7493.75,22481.25,2026-04,60,Male,Faisalabad,2026-03-22
O01803,C0499,P0081,2026-04-09,3,20,Mechanical Keyboard,Fashion,16893,50679,10135.8,40543.2,2026-04,52,Male,Multan,2024-01-16
O02001,C0012,P0089,2026-04-10,5,25,Mechanical Keyboard,Electronics,45605,228025,57006.25,171018.75,2026-04,41,Male,Islamabad,2023-10-23
O02768,C0488,P0002,2026-04-10,4,0,Headphones,Home & Kitchen,33279,133116,0.0,133116.0,2026-04,28,Female,Lahore,2024-04-22
O01325,C0201,P0090,2026-04-11,1,10,Wireless Mouse,Fashion,40075,40075,4007.5,36067.5,2026-04,28,Female,Rawalpindi,2023-08-12
O01631,C0176,P0005,2026-04-11,3,10,Mechanical Keyboard,Electronics,12056,36168,3616.8,32551.2,2026-04,49,Male,Multan,2025-09-14
O01260,C0375,P0003,2026-04-11,5,20,Backpack,Fashion,22136,110680,22136.0,88544.0,2026-04,32,Female,Islamabad,2025-06-07
O02245,C0225,P0020,2026-04-11,3,25,Phone Case,Home & Kitchen,4931,14793,3698.25,11094.75,2026-04,24,Female,Multan,2023-05-13
O01107,C0227,P0017,2026-04-11,5,0,Smart Watch,Electronics,25096,125480,0.0,125480.0,2026-04,50,Male,Rawalpindi,2025-04-05
O00356,C0013,P0042,2026-04-11,2,0,Power Bank,Accessories,49757,99514,0.0,99514.0,2026-04,53,Male,Karachi,2025-11-06
O00771,C0359,P0059,2026-04-11,5,20,USB-C Cable,Fashion,48868,244340,48868.0,195472.0,2026-04,33,Female,Karachi,2025-12-23
O02908,C0041,P0002,2026-04-12,5,10,Headphones,Home & Kitchen,33279,166395,16639.5,149755.5,2026-04,42,Female,Rawalpindi,2026-05-08
O01169,C0418,P0071,2026-04-12,5,25,Mechanical Keyboard,Electronics,14173,70865,17716.25,53148.75,2026-04,54,Female,Multan,2023-01-22
O02595,C0351,P0063,2026-04-12,3,0,Mechanical Keyboard,Electronics,25111,75333,0.0,75333.0,2026-04,42,Male,Islamabad,2025-08-13
O02986,C0419,P0026,2026-04-12,4,25,Wireless Mouse,Electronics,45314,181256,45314.0,135942.0,2026-04,39,Female,Islamabad,2024-02-14
O01740,C0214,P0047,2026-04-12,5,0,Bluetooth Speaker,Accessories,23671,118355,0.0,118355.0,2026-04,33,Female,Lahore,2024-07-24
O01826,C0369,P0094,2026-04-12,5,25,Phone Case,Home & Kitchen,36541,182705,45676.25,137028.75,2026-04,39,Female,Karachi,2023-04-12
O02545,C0132,P0054,2026-04-12,1,25,Bluetooth Speaker,Fashion,30234,30234,7558.5,22675.5,2026-04,49,Female,Islamabad,2026-03-09
O02274,C0096,P0056,2026-04-13,2,10,Bluetooth Speaker,Home & Kitchen,4154,8308,830.8,7477.2,2026-04,22,Male,Lahore,2024-06-29
O01059,C0129,P0059,2026-04-13,3,15,USB-C Cable,Fashion,48868,146604,21990.6,124613.4,2026-04,43,Male,Multan,2024-02-03
O00263,C0020,P0053,2026-04-13,2,20,Power Bank,Electronics,49213,98426,19685.2,78740.8,2026-04,47,Male,Rawalpindi,2023-05-11
O02649,C0016,P0100,2026-04-13,1,10,Smart Watch,Accessories,42922,42922,4292.2,38629.8,2026-04,20,Male,Rawalpindi,2025-07-27
O01643,C0414,P0072,2026-04-13,1,25,Headphones,Electronics,11630,11630,2907.5,8722.5,2026-04,20,Male,Multan,2024-04-03
O00413,C0444,P0084,2026-04-13,4,10,Headphones,Accessories,10352,41408,4140.8,37267.2,2026-04,49,Female,Lahore,2023-11-08
O02864,C0218,P0099,2026-04-14,2,0,Smart Watch,Electronics,3540,7080,0.0,7080.0,2026-04,53,Male,Rawalpindi,2024-07-10
O02113,C0489,P0085,2026-04-14,4,5,Smart Watch,Accessories,31901,127604,6380.2,121223.8,2026-04,46,Male,Faisalabad,2025-07-28
O00024,C0077,P0067,2026-04-14,1,20,Mechanical Keyboard,Fashion,42868,42868,8573.6,34294.4,2026-04,43,Female,Islamabad,2026-04-09
O00244,C0117,P0073,2026-04-14,1,10,Power Bank,Electronics,23168,23168,2316.8,20851.2,2026-04,54,Male,Rawalpindi,2024-01-24
O01856,C0204,P0039,2026-04-15,2,5,Wireless Mouse,Accessories,7394,14788,739.4,14048.6,2026-04,41,Female,Faisalabad,2023-04-25
O02600,C0313,P0062,2026-04-15,4,10,Bluetooth Speaker,Fashion,6941,27764,2776.4,24987.6,2026-04,52,Female,Multan,2025-04-28
O01255,C0206,P0065,2026-04-15,3,0,Mechanical Keyboard,Accessories,12649,37947,0.0,37947.0,2026-04,51,Female,Rawalpindi,2025-11-29
O02886,C0387,P0092,2026-04-15,3,0,Headphones,Accessories,7727,23181,0.0,23181.0,2026-04,57,Female,Faisalabad,2024-08-11
O01743,C0250,P0061,2026-04-16,2,5,Laptop Stand,Electronics,9136,18272,913.6,17358.4,2026-04,26,Female,Multan,2024-11-05
O01296,C0110,P0021,2026-04-16,2,25,USB-C Cable,Accessories,28264,56528,14132.0,42396.0,2026-04,52,Male,Islamabad,2023-09-29
O02776,C0080,P0022,2026-04-16,2,20,Power Bank,Accessories,22127,44254,8850.8,35403.2,2026-04,46,Female,Rawalpindi,2023-07-02
O01075,C0012,P0054,2026-04-16,5,20,Bluetooth Speaker,Fashion,30234,151170,30234.0,120936.0,2026-04,41,Male,Islamabad,2023-10-23
O00862,C0184,P0052,2026-04-16,5,20,USB-C Cable,Fashion,44639,223195,44639.0,178556.0,2026-04,54,Female,Faisalabad,2026-06-03
O02555,C0041,P0054,2026-04-16,4,0,Bluetooth Speaker,Fashion,30234,120936,0.0,120936.0,2026-04,42,Female,Rawalpindi,2026-05-08
O00575,C0235,P0003,2026-04-16,4,5,Backpack,Fashion,22136,88544,4427.2,84116.8,2026-04,42,Female,Islamabad,2023-12-22
O00222,C0025,P0069,2026-04-17,1,25,Headphones,Fashion,5995,5995,1498.75,4496.25,2026-04,29,Female,Multan,2025-05-15
O02325,C0308,P0030,2026-04-17,5,25,Wireless Mouse,Home & Kitchen,38150,190750,47687.5,143062.5,2026-04,34,Male,Karachi,2025-06-02
O02634,C0190,P0037,2026-04-17,2,25,Bluetooth Speaker,Fashion,36878,73756,18439.0,55317.0,2026-04,54,Male,Lahore,2026-06-28
O01062,C0416,P0060,2026-04-17,4,0,Phone Case,Electronics,24989,99956,0.0,99956.0,2026-04,43,Male,Karachi,2023-07-27
O02589,C0181,P0054,2026-04-17,2,10,Bluetooth Speaker,Fashion,30234,60468,6046.8,54421.2,2026-04,56,Male,Karachi,2024-06-04
O02491,C0274,P0006,2026-04-17,4,10,Headphones,Accessories,28098,112392,11239.2,101152.8,2026-04,52,Male,Lahore,2025-06-04
O02675,C0436,P0070,2026-04-17,5,20,Smart Watch,Home & Kitchen,43168,215840,43168.0,172672.0,2026-04,40,Male,Lahore,2024-11-15
O02757,C0390,P0080,2026-04-18,4,10,Smart Watch,Accessories,37884,151536,15153.6,136382.4,2026-04,59,Male,Faisalabad,2026-01-31
O00485,C0409,P0058,2026-04-18,3,5,Wireless Mouse,Accessories,19243,57729,2886.45,54842.55,2026-04,33,Male,Faisalabad,2026-01-12
O02454,C0278,P0093,2026-04-18,2,5,Phone Case,Home & Kitchen,32410,64820,3241.0,61579.0,2026-04,50,Male,Karachi,2026-02-17
O02652,C0310,P0043,2026-04-18,2,0,Laptop Stand,Home & Kitchen,43141,86282,0.0,86282.0,2026-04,47,Male,Karachi,2025-08-31
O01656,C0475,P0090,2026-04-18,4,15,Wireless Mouse,Fashion,40075,160300,24045.0,136255.0,2026-04,52,Female,Rawalpindi,2023-10-22
O00852,C0182,P0043,2026-04-19,3,5,Laptop Stand,Home & Kitchen,43141,129423,6471.15,122951.85,2026-04,19,Male,Karachi,2023-02-09
O00498,C0217,P0043,2026-04-19,1,25,Laptop Stand,Home & Kitchen,43141,43141,10785.25,32355.75,2026-04,37,Female,Faisalabad,2023-12-29
O02511,C0203,P0022,2026-04-19,1,10,Power Bank,Accessories,22127,22127,2212.7,19914.3,2026-04,55,Female,Faisalabad,2023-12-15
O01094,C0128,P0063,2026-04-19,2,5,Mechanical Keyboard,Electronics,25111,50222,2511.1,47710.9,2026-04,32,Male,Karachi,2024-08-07
O02615,C0003,P0038,2026-04-19,4,0,Wireless Mouse,Home & Kitchen,43152,172608,0.0,172608.0,2026-04,32,Male,Multan,2026-03-17
O00230,C0270,P0065,2026-04-19,5,20,Mechanical Keyboard,Accessories,12649,63245,12649.0,50596.0,2026-04,46,Male,Lahore,2025-11-06
O01266,C0120,P0097,2026-04-20,5,20,Wireless Mouse,Home & Kitchen,38278,191390,38278.0,153112.0,2026-04,18,Male,Multan,2026-03-11
O01632,C0116,P0073,2026-04-20,1,20,Power Bank,Electronics,23168,23168,4633.6,18534.4,2026-04,52,Male,Multan,2023-12-06
O02693,C0104,P0079,2026-04-20,1,20,Headphones,Accessories,29052,29052,5810.4,23241.6,2026-04,29,Female,Rawalpindi,2025-08-15
O02438,C0101,P0003,2026-04-21,2,25,Backpack,Fashion,22136,44272,11068.0,33204.0,2026-04,24,Female,Lahore,2025-11-28
O02508,C0343,P0086,2026-04-21,4,0,Power Bank,Accessories,6795,27180,0.0,27180.0,2026-04,50,Female,Multan,2024-06-10
O02024,C0209,P0059,2026-04-21,3,0,USB-C Cable,Fashion,48868,146604,0.0,146604.0,2026-04,28,Female,Islamabad,2026-03-16
O01281,C0203,P0074,2026-04-21,2,25,Laptop Stand,Electronics,15722,31444,7861.0,23583.0,2026-04,55,Female,Faisalabad,2023-12-15
O02881,C0433,P0080,2026-04-21,3,0,Smart Watch,Accessories,37884,113652,0.0,113652.0,2026-04,50,Female,Islamabad,2023-05-02
O01675,C0087,P0003,2026-04-22,4,5,Backpack,Fashion,22136,88544,4427.2,84116.8,2026-04,18,Male,Faisalabad,2024-12-22
O00028,C0258,P0075,2026-04-22,5,20,Headphones,Home & Kitchen,24169,120845,24169.0,96676.0,2026-04,50,Female,Lahore,2024-07-25
O01942,C0295,P0022,2026-04-22,2,20,Power Bank,Accessories,22127,44254,8850.8,35403.2,2026-04,25,Female,Rawalpindi,2023-03-20
O01474,C0250,P0092,2026-04-22,4,20,Headphones,Accessories,7727,30908,6181.6,24726.4,2026-04,26,Female,Multan,2024-11-05
O00072,C0130,P0018,2026-04-22,1,15,Laptop Stand,Accessories,33674,33674,5051.1,28622.9,2026-04,59,Female,Rawalpindi,2025-03-27
O01412,C0049,P0050,2026-04-22,1,20,Wireless Mouse,Electronics,34554,34554,6910.8,27643.2,2026-04,25,Male,Islamabad,2024-02-05
O00035,C0042,P0038,2026-04-23,4,25,Wireless Mouse,Home & Kitchen,43152,172608,43152.0,129456.0,2026-04,31,Female,Multan,2024-04-10
O00237,C0436,P0029,2026-04-23,4,10,Smart Watch,Electronics,49792,199168,19916.8,179251.2,2026-04,40,Male,Lahore,2024-11-15
O00551,C0222,P0071,2026-04-23,5,0,Mechanical Keyboard,Electronics,14173,70865,0.0,70865.0,2026-04,36,Male,Multan,2024-02-26
O02835,C0379,P0092,2026-04-23,4,0,Headphones,Accessories,7727,30908,0.0,30908.0,2026-04,25,Female,Multan,2023-04-02
O00710,C0376,P0009,2026-04-23,3,5,Backpack,Electronics,44290,132870,6643.5,126226.5,2026-04,60,Female,Rawalpindi,2025-12-05
O02591,C0116,P0047,2026-04-24,2,10,Bluetooth Speaker,Accessories,23671,47342,4734.2,42607.8,2026-04,52,Male,Multan,2023-12-06
O00397,C0113,P0028,2026-04-24,5,15,Laptop Stand,Electronics,13576,67880,10182.0,57698.0,2026-04,44,Female,Multan,2023-09-23
O02541,C0040,P0056,2026-04-24,2,25,Bluetooth Speaker,Home & Kitchen,4154,8308,2077.0,6231.0,2026-04,21,Male,Multan,2024-12-10
O00784,C0350,P0038,2026-04-24,5,25,Wireless Mouse,Home & Kitchen,43152,215760,53940.0,161820.0,2026-04,52,Male,Lahore,2025-10-13
O01895,C0194,P0029,2026-04-24,5,0,Smart Watch,Electronics,49792,248960,0.0,248960.0,2026-04,36,Female,Lahore,2023-02-06
O00444,C0109,P0097,2026-04-24,2,20,Wireless Mouse,Home & Kitchen,38278,76556,15311.2,61244.8,2026-04,54,Male,Karachi,2024-11-27
O00293,C0471,P0083,2026-04-24,2,25,Wireless Mouse,Home & Kitchen,39020,78040,19510.0,58530.0,2026-04,30,Male,Faisalabad,2025-05-15
O00483,C0256,P0055,2026-04-24,5,15,Bluetooth Speaker,Electronics,7552,37760,5664.0,32096.0,2026-04,37,Male,Faisalabad,2026-06-01
O00552,C0119,P0004,2026-04-24,2,15,Laptop Stand,Home & Kitchen,16853,33706,5055.9,28650.1,2026-04,20,Female,Lahore,2023-01-03
O01212,C0210,P0069,2026-04-25,5,25,Headphones,Fashion,5995,29975,7493.75,22481.25,2026-04,33,Female,Islamabad,2023-12-02
O02762,C0339,P0027,2026-04-25,1,15,Bluetooth Speaker,Electronics,45879,45879,6881.85,38997.15,2026-04,19,Male,Rawalpindi,2024-11-23
O01233,C0084,P0073,2026-04-25,2,15,Power Bank,Electronics,23168,46336,6950.4,39385.6,2026-04,24,Female,Lahore,2024-05-11
O01342,C0076,P0085,2026-04-25,1,10,Smart Watch,Accessories,31901,31901,3190.1,28710.9,2026-04,41,Male,Rawalpindi,2025-03-15
O02257,C0157,P0067,2026-04-25,1,15,Mechanical Keyboard,Fashion,42868,42868,6430.2,36437.8,2026-04,45,Female,Karachi,2024-11-19
O01456,C0045,P0031,2026-04-25,4,20,Backpack,Electronics,47381,189524,37904.8,151619.2,2026-04,19,Male,Multan,2023-02-16
O01626,C0294,P0032,2026-04-26,5,15,Power Bank,Electronics,46913,234565,35184.75,199380.25,2026-04,55,Male,Karachi,2025-05-28
O02826,C0059,P0004,2026-04-26,1,25,Laptop Stand,Home & Kitchen,16853,16853,4213.25,12639.75,2026-04,21,Male,Multan,2025-04-06
O02637,C0112,P0001,2026-04-26,4,25,Smart Watch,Electronics,5260,21040,5260.0,15780.0,2026-04,39,Female,Islamabad,2024-01-12
O02934,C0059,P0002,2026-04-26,3,20,Headphones,Home & Kitchen,33279,99837,19967.4,79869.6,2026-04,21,Male,Multan,2025-04-06
O02686,C0051,P0045,2026-04-27,3,25,Mechanical Keyboard,Fashion,45476,136428,34107.0,102321.0,2026-04,31,Male,Rawalpindi,2026-01-14
O01960,C0437,P0029,2026-04-27,5,0,Smart Watch,Electronics,49792,248960,0.0,248960.0,2026-04,27,Male,Lahore,2023-11-05
O02326,C0361,P0083,2026-04-27,3,0,Wireless Mouse,Home & Kitchen,39020,117060,0.0,117060.0,2026-04,29,Female,Islamabad,2023-03-13
O02268,C0090,P0037,2026-04-27,1,25,Bluetooth Speaker,Fashion,36878,36878,9219.5,27658.5,2026-04,28,Male,Rawalpindi,2024-05-07
O00168,C0457,P0018,2026-04-27,4,20,Laptop Stand,Accessories,33674,134696,26939.2,107756.8,2026-04,29,Male,Faisalabad,2025-08-14
O00734,C0356,P0077,2026-04-27,1,0,Mechanical Keyboard,Fashion,23753,23753,0.0,23753.0,2026-04,37,Male,Rawalpindi,2024-01-21
O02612,C0085,P0030,2026-04-27,3,25,Wireless Mouse,Home & Kitchen,38150,114450,28612.5,85837.5,2026-04,26,Male,Multan,2025-09-08
O02102,C0355,P0054,2026-04-28,2,20,Bluetooth Speaker,Fashion,30234,60468,12093.6,48374.4,2026-04,53,Female,Karachi,2023-04-27
O00478,C0368,P0024,2026-04-28,2,10,Phone Case,Accessories,9406,18812,1881.2,16930.8,2026-04,40,Male,Islamabad,2025-03-11
O02152,C0065,P0031,2026-04-28,4,20,Backpack,Electronics,47381,189524,37904.8,151619.2,2026-04,53,Male,Karachi,2025-07-23
O00730,C0314,P0090,2026-04-28,1,25,Wireless Mouse,Fashion,40075,40075,10018.75,30056.25,2026-04,58,Female,Multan,2025-01-17
O01198,C0117,P0015,2026-04-28,5,15,Wireless Mouse,Home & Kitchen,13678,68390,10258.5,58131.5,2026-04,54,Male,Rawalpindi,2024-01-24
O00886,C0199,P0057,2026-04-29,1,0,Wireless Mouse,Accessories,23986,23986,0.0,23986.0,2026-04,49,Female,Rawalpindi,2026-02-11
O00723,C0366,P0039,2026-04-29,3,0,Wireless Mouse,Accessories,7394,22182,0.0,22182.0,2026-04,19,Male,Faisalabad,2023-01-11
O00298,C0329,P0040,2026-04-29,4,0,Smart Watch,Electronics,13967,55868,0.0,55868.0,2026-04,48,Female,Faisalabad,2025-12-19
O01642,C0325,P0089,2026-04-30,1,5,Mechanical Keyboard,Electronics,45605,45605,2280.25,43324.75,2026-04,20,Female,Multan,2025-03-03
O02830,C0368,P0009,2026-04-30,2,5,Backpack,Electronics,44290,88580,4429.0,84151.0,2026-04,40,Male,Islamabad,2025-03-11
O00118,C0400,P0021,2026-04-30,3,10,USB-C Cable,Accessories,28264,84792,8479.2,76312.8,2026-04,26,Female,Islamabad,2024-03-03
O02869,C0322,P0046,2026-04-30,3,25,Backpack,Accessories,44096,132288,33072.0,99216.0,2026-04,49,Female,Islamabad,2026-03-31
O00475,C0038,P0038,2026-05-01,1,0,Wireless Mouse,Home & Kitchen,43152,43152,0.0,43152.0,2026-05,56,Female,Faisalabad,2024-01-09
O02461,C0141,P0025,2026-05-01,5,10,Backpack,Fashion,37414,187070,18707.0,168363.0,2026-05,60,Male,Faisalabad,2026-03-22
O00314,C0359,P0031,2026-05-01,2,5,Backpack,Electronics,47381,94762,4738.1,90023.9,2026-05,33,Female,Karachi,2025-12-23
O00449,C0017,P0020,2026-05-01,2,15,Phone Case,Home & Kitchen,4931,9862,1479.3,8382.7,2026-05,39,Male,Multan,2023-02-11
O00606,C0023,P0007,2026-05-01,4,5,Power Bank,Home & Kitchen,12063,48252,2412.6,45839.4,2026-05,38,Female,Karachi,2023-06-21
O02661,C0032,P0034,2026-05-01,3,15,Backpack,Electronics,7651,22953,3442.95,19510.05,2026-05,32,Male,Multan,2023-11-26
O02815,C0140,P0018,2026-05-01,4,25,Laptop Stand,Accessories,33674,134696,33674.0,101022.0,2026-05,32,Male,Faisalabad,2023-08-14
O00651,C0090,P0084,2026-05-01,3,25,Headphones,Accessories,10352,31056,7764.0,23292.0,2026-05,28,Male,Rawalpindi,2024-05-07
O01285,C0443,P0041,2026-05-01,4,5,Smart Watch,Accessories,31510,126040,6302.0,119738.0,2026-05,36,Male,Multan,2024-07-02
O02833,C0214,P0027,2026-05-02,4,10,Bluetooth Speaker,Electronics,45879,183516,18351.6,165164.4,2026-05,33,Female,Lahore,2024-07-24
O02094,C0293,P0099,2026-05-02,5,5,Smart Watch,Electronics,3540,17700,885.0,16815.0,2026-05,55,Female,Multan,2025-11-22
O00150,C0161,P0080,2026-05-02,1,25,Smart Watch,Accessories,37884,37884,9471.0,28413.0,2026-05,18,Male,Karachi,2024-11-20
O01806,C0179,P0074,2026-05-02,5,5,Laptop Stand,Electronics,15722,78610,3930.5,74679.5,2026-05,58,Female,Faisalabad,2025-01-07
O02803,C0500,P0094,2026-05-03,5,25,Phone Case,Home & Kitchen,36541,182705,45676.25,137028.75,2026-05,53,Male,Multan,2023-01-14
O00900,C0131,P0032,2026-05-03,2,20,Power Bank,Electronics,46913,93826,18765.2,75060.8,2026-05,30,Female,Faisalabad,2025-08-21
O01109,C0476,P0090,2026-05-03,2,20,Wireless Mouse,Fashion,40075,80150,16030.0,64120.0,2026-05,40,Male,Multan,2025-01-24
O01549,C0301,P0029,2026-05-04,1,0,Smart Watch,Electronics,49792,49792,0.0,49792.0,2026-05,50,Female,Islamabad,2026-01-27
O02745,C0078,P0100,2026-05-04,5,10,Smart Watch,Accessories,42922,214610,21461.0,193149.0,2026-05,42,Male,Rawalpindi,2025-07-24
O01286,C0334,P0025,2026-05-05,2,25,Backpack,Fashion,37414,74828,18707.0,56121.0,2026-05,39,Male,Multan,2025-11-16
O02657,C0059,P0044,2026-05-05,2,10,Mechanical Keyboard,Accessories,12789,25578,2557.8,23020.2,2026-05,21,Male,Multan,2025-04-06
O02409,C0336,P0099,2026-05-05,1,10,Smart Watch,Electronics,3540,3540,354.0,3186.0,2026-05,19,Female,Lahore,2024-01-22
O02656,C0272,P0007,2026-05-05,4,25,Power Bank,Home & Kitchen,12063,48252,12063.0,36189.0,2026-05,35,Male,Karachi,2025-07-06
O02991,C0412,P0038,2026-05-06,5,5,Wireless Mouse,Home & Kitchen,43152,215760,10788.0,204972.0,2026-05,39,Male,Rawalpindi,2024-01-18
O00892,C0384,P0065,2026-05-06,3,10,Mechanical Keyboard,Accessories,12649,37947,3794.7,34152.3,2026-05,49,Female,Karachi,2023-01-02
O00610,C0108,P0056,2026-05-07,5,5,Bluetooth Speaker,Home & Kitchen,4154,20770,1038.5,19731.5,2026-05,41,Male,Karachi,2025-01-17
O02133,C0173,P0023,2026-05-07,5,0,Phone Case,Home & Kitchen,39810,199050,0.0,199050.0,2026-05,59,Female,Faisalabad,2024-08-02
O00716,C0403,P0076,2026-05-07,3,20,Laptop Stand,Electronics,34568,103704,20740.8,82963.2,2026-05,18,Female,Faisalabad,2023-01-09
O02743,C0419,P0098,2026-05-07,3,15,Phone Case,Electronics,16535,49605,7440.75,42164.25,2026-05,39,Female,Islamabad,2024-02-14
O02875,C0169,P0054,2026-05-07,5,5,Bluetooth Speaker,Fashion,30234,151170,7558.5,143611.5,2026-05,44,Male,Islamabad,2026-02-17
O02294,C0339,P0025,2026-05-07,5,15,Backpack,Fashion,37414,187070,28060.5,159009.5,2026-05,19,Male,Rawalpindi,2024-11-23
O02542,C0133,P0013,2026-05-07,1,25,Bluetooth Speaker,Accessories,16673,16673,4168.25,12504.75,2026-05,56,Female,Karachi,2023-07-06
O02671,C0214,P0010,2026-05-08,3,25,Backpack,Fashion,8734,26202,6550.5,19651.5,2026-05,33,Female,Lahore,2024-07-24
O02459,C0451,P0031,2026-05-08,5,25,Backpack,Electronics,47381,236905,59226.25,177678.75,2026-05,19,Female,Karachi,2023-04-03
O00569,C0236,P0079,2026-05-08,2,5,Headphones,Accessories,29052,58104,2905.2,55198.8,2026-05,40,Male,Rawalpindi,2024-08-11
O02601,C0249,P0030,2026-05-08,3,15,Wireless Mouse,Home & Kitchen,38150,114450,17167.5,97282.5,2026-05,49,Male,Faisalabad,2023-12-31
O00509,C0488,P0011,2026-05-08,1,15,Mechanical Keyboard,Fashion,26019,26019,3902.85,22116.15,2026-05,28,Female,Lahore,2024-04-22
O02506,C0404,P0009,2026-05-09,5,5,Backpack,Electronics,44290,221450,11072.5,210377.5,2026-05,51,Male,Faisalabad,2025-02-12
O00404,C0129,P0074,2026-05-09,2,5,Laptop Stand,Electronics,15722,31444,1572.2,29871.8,2026-05,43,Male,Multan,2024-02-03
O02726,C0183,P0071,2026-05-10,2,20,Mechanical Keyboard,Electronics,14173,28346,5669.2,22676.8,2026-05,20,Male,Faisalabad,2025-08-12
O01889,C0128,P0094,2026-05-10,3,5,Phone Case,Home & Kitchen,36541,109623,5481.15,104141.85,2026-05,32,Male,Karachi,2024-08-07
O00712,C0024,P0013,2026-05-10,5,20,Bluetooth Speaker,Accessories,16673,83365,16673.0,66692.0,2026-05,50,Male,Faisalabad,2023-04-12
O00623,C0261,P0057,2026-05-10,3,15,Wireless Mouse,Accessories,23986,71958,10793.7,61164.3,2026-05,25,Female,Multan,2023-02-06
O00791,C0051,P0032,2026-05-10,1,25,Power Bank,Electronics,46913,46913,11728.25,35184.75,2026-05,31,Male,Rawalpindi,2026-01-14
O02089,C0021,P0028,2026-05-10,3,15,Laptop Stand,Electronics,13576,40728,6109.2,34618.8,2026-05,55,Female,Islamabad,2026-06-06
O01883,C0037,P0095,2026-05-11,3,5,Mechanical Keyboard,Accessories,23884,71652,3582.6,68069.4,2026-05,26,Male,Multan,2026-01-09
O01173,C0248,P0032,2026-05-11,3,5,Power Bank,Electronics,46913,140739,7036.95,133702.05,2026-05,54,Female,Islamabad,2025-05-05
O01154,C0176,P0019,2026-05-11,1,0,Headphones,Accessories,42474,42474,0.0,42474.0,2026-05,49,Male,Multan,2025-09-14
O00146,C0466,P0087,2026-05-11,4,15,Bluetooth Speaker,Accessories,36493,145972,21895.8,124076.2,2026-05,50,Female,Rawalpindi,2025-08-04
O02698,C0198,P0079,2026-05-11,5,5,Headphones,Accessories,29052,145260,7263.0,137997.0,2026-05,23,Female,Faisalabad,2024-08-15
O00984,C0232,P0005,2026-05-11,5,20,Mechanical Keyboard,Electronics,12056,60280,12056.0,48224.0,2026-05,18,Female,Karachi,2024-11-02
O02222,C0153,P0031,2026-05-11,5,5,Backpack,Electronics,47381,236905,11845.25,225059.75,2026-05,45,Female,Multan,2023-09-16
O02579,C0477,P0051,2026-05-12,5,5,Headphones,Fashion,48978,244890,12244.5,232645.5,2026-05,34,Male,Lahore,2023-07-05
O00339,C0133,P0092,2026-05-12,4,25,Headphones,Accessories,7727,30908,7727.0,23181.0,2026-05,56,Female,Karachi,2023-07-06
O02814,C0283,P0017,2026-05-12,1,25,Smart Watch,Electronics,25096,25096,6274.0,18822.0,2026-05,37,Male,Lahore,2023-10-12
O01764,C0140,P0007,2026-05-12,1,0,Power Bank,Home & Kitchen,12063,12063,0.0,12063.0,2026-05,32,Male,Faisalabad,2023-08-14
O00957,C0086,P0063,2026-05-12,3,15,Mechanical Keyboard,Electronics,25111,75333,11299.95,64033.05,2026-05,41,Female,Multan,2025-07-09
O02178,C0398,P0003,2026-05-12,3,0,Backpack,Fashion,22136,66408,0.0,66408.0,2026-05,43,Female,Lahore,2023-04-16
O01070,C0366,P0077,2026-05-13,4,5,Mechanical Keyboard,Fashion,23753,95012,4750.6,90261.4,2026-05,19,Male,Faisalabad,2023-01-11
O01074,C0137,P0061,2026-05-13,3,25,Laptop Stand,Electronics,9136,27408,6852.0,20556.0,2026-05,54,Male,Multan,2025-03-17
O00750,C0476,P0068,2026-05-13,5,10,Backpack,Electronics,22175,110875,11087.5,99787.5,2026-05,40,Male,Multan,2025-01-24
O00661,C0377,P0008,2026-05-13,4,15,Wireless Mouse,Electronics,47319,189276,28391.4,160884.6,2026-05,54,Female,Rawalpindi,2024-08-14
O02386,C0139,P0072,2026-05-13,1,10,Headphones,Electronics,11630,11630,1163.0,10467.0,2026-05,56,Male,Faisalabad,2025-12-21
O00448,C0152,P0027,2026-05-13,5,25,Bluetooth Speaker,Electronics,45879,229395,57348.75,172046.25,2026-05,45,Male,Lahore,2024-05-20
O01556,C0127,P0010,2026-05-14,5,25,Backpack,Fashion,8734,43670,10917.5,32752.5,2026-05,32,Male,Islamabad,2025-08-06
O02003,C0415,P0012,2026-05-14,3,25,USB-C Cable,Home & Kitchen,27466,82398,20599.5,61798.5,2026-05,29,Male,Rawalpindi,2026-01-12
O02899,C0427,P0026,2026-05-14,3,15,Wireless Mouse,Electronics,45314,135942,20391.3,115550.7,2026-05,33,Male,Lahore,2025-09-04
O02627,C0169,P0098,2026-05-15,3,25,Phone Case,Electronics,16535,49605,12401.25,37203.75,2026-05,44,Male,Islamabad,2026-02-17
O01346,C0361,P0080,2026-05-15,5,25,Smart Watch,Accessories,37884,189420,47355.0,142065.0,2026-05,29,Female,Islamabad,2023-03-13
O01640,C0365,P0069,2026-05-15,3,0,Headphones,Fashion,5995,17985,0.0,17985.0,2026-05,51,Male,Karachi,2023-06-15
O00945,C0002,P0060,2026-05-16,3,20,Phone Case,Electronics,24989,74967,14993.4,59973.6,2026-05,46,Male,Lahore,2025-01-20
O01509,C0041,P0077,2026-05-16,5,5,Mechanical Keyboard,Fashion,23753,118765,5938.25,112826.75,2026-05,42,Female,Rawalpindi,2026-05-08
O02539,C0327,P0087,2026-05-16,4,5,Bluetooth Speaker,Accessories,36493,145972,7298.6,138673.4,2026-05,42,Male,Karachi,2024-05-06
O02965,C0137,P0084,2026-05-17,2,15,Headphones,Accessories,10352,20704,3105.6,17598.4,2026-05,54,Male,Multan,2025-03-17
O01000,C0066,P0084,2026-05-17,4,5,Headphones,Accessories,10352,41408,2070.4,39337.6,2026-05,31,Female,Lahore,2025-09-21
O00620,C0072,P0037,2026-05-17,1,20,Bluetooth Speaker,Fashion,36878,36878,7375.6,29502.4,2026-05,57,Male,Faisalabad,2024-09-11
O00665,C0243,P0060,2026-05-17,4,5,Phone Case,Electronics,24989,99956,4997.8,94958.2,2026-05,43,Female,Karachi,2023-12-26
O02572,C0280,P0021,2026-05-17,4,0,USB-C Cable,Accessories,28264,113056,0.0,113056.0,2026-05,50,Male,Islamabad,2023-11-02
O01157,C0273,P0081,2026-05-17,4,20,Mechanical Keyboard,Fashion,16893,67572,13514.4,54057.6,2026-05,19,Female,Faisalabad,2024-02-05
O02907,C0475,P0075,2026-05-18,5,20,Headphones,Home & Kitchen,24169,120845,24169.0,96676.0,2026-05,52,Female,Rawalpindi,2023-10-22
O01487,C0340,P0067,2026-05-18,5,5,Mechanical Keyboard,Fashion,42868,214340,10717.0,203623.0,2026-05,43,Male,Karachi,2024-01-13
O02840,C0452,P0089,2026-05-18,3,20,Mechanical Keyboard,Electronics,45605,136815,27363.0,109452.0,2026-05,45,Female,Faisalabad,2026-05-15
O01638,C0388,P0066,2026-05-18,3,5,Backpack,Fashion,35066,105198,5259.9,99938.1,2026-05,33,Male,Islamabad,2023-04-26
O00242,C0025,P0054,2026-05-18,5,10,Bluetooth Speaker,Fashion,30234,151170,15117.0,136053.0,2026-05,29,Female,Multan,2025-05-15
O02992,C0367,P0072,2026-05-18,2,20,Headphones,Electronics,11630,23260,4652.0,18608.0,2026-05,49,Male,Islamabad,2024-12-29
O00981,C0214,P0083,2026-05-18,5,15,Wireless Mouse,Home & Kitchen,39020,195100,29265.0,165835.0,2026-05,33,Female,Lahore,2024-07-24
O02312,C0438,P0016,2026-05-18,2,0,Smart Watch,Electronics,39838,79676,0.0,79676.0,2026-05,22,Female,Faisalabad,2024-11-25
O00446,C0408,P0038,2026-05-18,2,10,Wireless Mouse,Home & Kitchen,43152,86304,8630.4,77673.6,2026-05,18,Male,Lahore,2024-12-16
O02620,C0452,P0056,2026-05-18,2,5,Bluetooth Speaker,Home & Kitchen,4154,8308,415.4,7892.6,2026-05,45,Female,Faisalabad,2026-05-15
O00345,C0246,P0087,2026-05-19,5,0,Bluetooth Speaker,Accessories,36493,182465,0.0,182465.0,2026-05,29,Male,Karachi,2024-11-30
O01190,C0409,P0090,2026-05-19,4,20,Wireless Mouse,Fashion,40075,160300,32060.0,128240.0,2026-05,33,Male,Faisalabad,2026-01-12
O02472,C0129,P0094,2026-05-19,5,15,Phone Case,Home & Kitchen,36541,182705,27405.75,155299.25,2026-05,43,Male,Multan,2024-02-03
O01482,C0493,P0075,2026-05-19,2,20,Headphones,Home & Kitchen,24169,48338,9667.6,38670.4,2026-05,53,Male,Rawalpindi,2024-01-10
O02343,C0294,P0010,2026-05-19,4,20,Backpack,Fashion,8734,34936,6987.2,27948.8,2026-05,55,Male,Karachi,2025-05-28
O01821,C0328,P0043,2026-05-19,3,0,Laptop Stand,Home & Kitchen,43141,129423,0.0,129423.0,2026-05,59,Male,Faisalabad,2023-07-27
O00678,C0024,P0082,2026-05-20,5,0,Bluetooth Speaker,Fashion,11117,55585,0.0,55585.0,2026-05,50,Male,Faisalabad,2023-04-12
O01819,C0048,P0017,2026-05-20,1,20,Smart Watch,Electronics,25096,25096,5019.2,20076.8,2026-05,24,Male,Islamabad,2024-12-11
O00995,C0058,P0047,2026-05-21,3,0,Bluetooth Speaker,Accessories,23671,71013,0.0,71013.0,2026-05,59,Female,Multan,2024-11-18
O01013,C0436,P0089,2026-05-21,3,15,Mechanical Keyboard,Electronics,45605,136815,20522.25,116292.75,2026-05,40,Male,Lahore,2024-11-15
O01833,C0323,P0083,2026-05-21,3,0,Wireless Mouse,Home & Kitchen,39020,117060,0.0,117060.0,2026-05,40,Male,Islamabad,2026-04-01
O00805,C0405,P0041,2026-05-21,5,10,Smart Watch,Accessories,31510,157550,15755.0,141795.0,2026-05,49,Male,Multan,2026-01-01
O01146,C0041,P0004,2026-05-21,2,10,Laptop Stand,Home & Kitchen,16853,33706,3370.6,30335.4,2026-05,42,Female,Rawalpindi,2026-05-08
O02531,C0076,P0028,2026-05-21,2,10,Laptop Stand,Electronics,13576,27152,2715.2,24436.8,2026-05,41,Male,Rawalpindi,2025-03-15
O02719,C0337,P0087,2026-05-21,5,15,Bluetooth Speaker,Accessories,36493,182465,27369.75,155095.25,2026-05,44,Female,Lahore,2023-12-15
O00699,C0004,P0062,2026-05-21,4,20,Bluetooth Speaker,Fashion,6941,27764,5552.8,22211.2,2026-05,60,Female,Rawalpindi,2026-06-21
O01077,C0302,P0094,2026-05-22,4,10,Phone Case,Home & Kitchen,36541,146164,14616.4,131547.6,2026-05,45,Male,Multan,2024-02-01
O00270,C0349,P0066,2026-05-22,2,20,Backpack,Fashion,35066,70132,14026.4,56105.6,2026-05,43,Female,Lahore,2024-06-04
O02015,C0441,P0043,2026-05-23,5,10,Laptop Stand,Home & Kitchen,43141,215705,21570.5,194134.5,2026-05,48,Male,Faisalabad,2025-07-02
O01068,C0478,P0039,2026-05-23,1,15,Wireless Mouse,Accessories,7394,7394,1109.1,6284.9,2026-05,43,Male,Multan,2026-06-23
O00400,C0017,P0027,2026-05-23,3,0,Bluetooth Speaker,Electronics,45879,137637,0.0,137637.0,2026-05,39,Male,Multan,2023-02-11
O01164,C0419,P0048,2026-05-23,4,0,Laptop Stand,Accessories,35405,141620,0.0,141620.0,2026-05,39,Female,Islamabad,2024-02-14
O01470,C0301,P0092,2026-05-23,1,15,Headphones,Accessories,7727,7727,1159.05,6567.95,2026-05,50,Female,Islamabad,2026-01-27
O00341,C0386,P0029,2026-05-24,3,0,Smart Watch,Electronics,49792,149376,0.0,149376.0,2026-05,52,Male,Islamabad,2025-03-11
O01635,C0486,P0025,2026-05-24,3,5,Backpack,Fashion,37414,112242,5612.1,106629.9,2026-05,24,Female,Rawalpindi,2023-04-10
O01940,C0415,P0058,2026-05-24,2,15,Wireless Mouse,Accessories,19243,38486,5772.9,32713.1,2026-05,29,Male,Rawalpindi,2026-01-12
O00611,C0367,P0048,2026-05-24,1,15,Laptop Stand,Accessories,35405,35405,5310.75,30094.25,2026-05,49,Male,Islamabad,2024-12-29
O00461,C0211,P0095,2026-05-24,3,15,Mechanical Keyboard,Accessories,23884,71652,10747.8,60904.2,2026-05,50,Female,Islamabad,2026-04-06
O01610,C0148,P0098,2026-05-25,1,10,Phone Case,Electronics,16535,16535,1653.5,14881.5,2026-05,45,Female,Karachi,2025-04-04
O02260,C0412,P0094,2026-05-25,4,5,Phone Case,Home & Kitchen,36541,146164,7308.2,138855.8,2026-05,39,Male,Rawalpindi,2024-01-18
O00196,C0291,P0019,2026-05-25,5,10,Headphones,Accessories,42474,212370,21237.0,191133.0,2026-05,39,Male,Islamabad,2023-01-29
O02061,C0186,P0076,2026-05-25,1,20,Laptop Stand,Electronics,34568,34568,6913.6,27654.4,2026-05,19,Male,Karachi,2026-02-21
O01348,C0026,P0028,2026-05-25,4,0,Laptop Stand,Electronics,13576,54304,0.0,54304.0,2026-05,39,Male,Rawalpindi,2024-06-07
O02142,C0003,P0042,2026-05-26,2,5,Power Bank,Accessories,49757,99514,4975.7,94538.3,2026-05,32,Male,Multan,2026-03-17
O00402,C0393,P0007,2026-05-26,5,0,Power Bank,Home & Kitchen,12063,60315,0.0,60315.0,2026-05,34,Male,Lahore,2025-05-20
O00719,C0060,P0015,2026-05-26,4,20,Wireless Mouse,Home & Kitchen,13678,54712,10942.4,43769.6,2026-05,46,Male,Karachi,2024-12-27
O01282,C0309,P0078,2026-05-26,4,5,Phone Case,Home & Kitchen,9935,39740,1987.0,37753.0,2026-05,45,Female,Rawalpindi,2026-02-27
O02777,C0379,P0063,2026-05-26,4,0,Mechanical Keyboard,Electronics,25111,100444,0.0,100444.0,2026-05,25,Female,Multan,2023-04-02
O00681,C0293,P0088,2026-05-26,5,20,Power Bank,Accessories,34584,172920,34584.0,138336.0,2026-05,55,Female,Multan,2025-11-22
O01222,C0376,P0006,2026-05-27,5,15,Headphones,Accessories,28098,140490,21073.5,119416.5,2026-05,60,Female,Rawalpindi,2025-12-05
O01539,C0350,P0065,2026-05-27,5,15,Mechanical Keyboard,Accessories,12649,63245,9486.75,53758.25,2026-05,52,Male,Lahore,2025-10-13
O01564,C0438,P0022,2026-05-27,2,15,Power Bank,Accessories,22127,44254,6638.1,37615.9,2026-05,22,Female,Faisalabad,2024-11-25
O02645,C0047,P0026,2026-05-27,1,0,Wireless Mouse,Electronics,45314,45314,0.0,45314.0,2026-05,45,Male,Karachi,2025-11-05
O02614,C0212,P0017,2026-05-27,2,15,Smart Watch,Electronics,25096,50192,7528.8,42663.2,2026-05,26,Male,Rawalpindi,2023-04-02
O01051,C0259,P0053,2026-05-28,1,5,Power Bank,Electronics,49213,49213,2460.65,46752.35,2026-05,41,Male,Multan,2023-12-01
O00208,C0073,P0093,2026-05-28,2,5,Phone Case,Home & Kitchen,32410,64820,3241.0,61579.0,2026-05,38,Male,Multan,2023-07-07
O02708,C0251,P0097,2026-05-28,3,5,Wireless Mouse,Home & Kitchen,38278,114834,5741.7,109092.3,2026-05,58,Male,Karachi,2025-10-04
O01879,C0025,P0024,2026-05-28,2,5,Phone Case,Accessories,9406,18812,940.6,17871.4,2026-05,29,Female,Multan,2025-05-15
O02543,C0405,P0056,2026-05-28,3,5,Bluetooth Speaker,Home & Kitchen,4154,12462,623.1,11838.9,2026-05,49,Male,Multan,2026-01-01
O01637,C0031,P0022,2026-05-29,2,5,Power Bank,Accessories,22127,44254,2212.7,42041.3,2026-05,33,Female,Faisalabad,2025-11-06
O00792,C0245,P0099,2026-05-29,1,10,Smart Watch,Electronics,3540,3540,354.0,3186.0,2026-05,18,Male,Lahore,2025-05-15
O00560,C0397,P0093,2026-05-29,1,10,Phone Case,Home & Kitchen,32410,32410,3241.0,29169.0,2026-05,54,Female,Islamabad,2025-09-20
O01732,C0139,P0046,2026-05-29,5,10,Backpack,Accessories,44096,220480,22048.0,198432.0,2026-05,56,Male,Faisalabad,2025-12-21
O00786,C0118,P0072,2026-05-29,1,5,Headphones,Electronics,11630,11630,581.5,11048.5,2026-05,31,Female,Rawalpindi,2024-07-30
O00879,C0160,P0080,2026-05-30,2,10,Smart Watch,Accessories,37884,75768,7576.8,68191.2,2026-05,50,Male,Karachi,2024-02-23
O02928,C0352,P0087,2026-05-30,4,10,Bluetooth Speaker,Accessories,36493,145972,14597.2,131374.8,2026-05,41,Male,Multan,2024-12-26
O00458,C0139,P0067,2026-05-30,3,20,Mechanical Keyboard,Fashion,42868,128604,25720.8,102883.2,2026-05,56,Male,Faisalabad,2025-12-21
O00856,C0205,P0055,2026-05-30,5,20,Bluetooth Speaker,Electronics,7552,37760,7552.0,30208.0,2026-05,22,Female,Rawalpindi,2024-11-28
O00476,C0111,P0031,2026-05-31,2,25,Backpack,Electronics,47381,94762,23690.5,71071.5,2026-05,57,Female,Multan,2026-06-16
O01087,C0162,P0076,2026-05-31,5,10,Laptop Stand,Electronics,34568,172840,17284.0,155556.0,2026-05,44,Male,Lahore,2025-04-29
O02019,C0154,P0013,2026-05-31,1,15,Bluetooth Speaker,Accessories,16673,16673,2500.95,14172.05,2026-05,37,Male,Islamabad,2023-02-23
O00003,C0175,P0043,2026-05-31,3,0,Laptop Stand,Home & Kitchen,43141,129423,0.0,129423.0,2026-05,32,Female,Rawalpindi,2024-09-26
O02363,C0161,P0075,2026-05-31,2,0,Headphones,Home & Kitchen,24169,48338,0.0,48338.0,2026-05,18,Male,Karachi,2024-11-20
O00519,C0380,P0012,2026-06-01,3,5,USB-C Cable,Home & Kitchen,27466,82398,4119.9,78278.1,2026-06,22,Female,Faisalabad,2024-11-03
O02906,C0020,P0026,2026-06-01,5,0,Wireless Mouse,Electronics,45314,226570,0.0,226570.0,2026-06,47,Male,Rawalpindi,2023-05-11
O00317,C0221,P0079,2026-06-01,3,5,Headphones,Accessories,29052,87156,4357.8,82798.2,2026-06,20,Male,Lahore,2023-07-10
O02711,C0073,P0038,2026-06-01,3,5,Wireless Mouse,Home & Kitchen,43152,129456,6472.8,122983.2,2026-06,38,Male,Multan,2023-07-07
O02829,C0050,P0047,2026-06-01,5,20,Bluetooth Speaker,Accessories,23671,118355,23671.0,94684.0,2026-06,52,Female,Faisalabad,2025-09-07
O00130,C0348,P0036,2026-06-01,2,0,Bluetooth Speaker,Electronics,27617,55234,0.0,55234.0,2026-06,59,Female,Islamabad,2026-06-13
O01493,C0161,P0049,2026-06-02,5,25,Phone Case,Electronics,21329,106645,26661.25,79983.75,2026-06,18,Male,Karachi,2024-11-20
O02710,C0477,P0087,2026-06-02,5,15,Bluetooth Speaker,Accessories,36493,182465,27369.75,155095.25,2026-06,34,Male,Lahore,2023-07-05
O01225,C0142,P0093,2026-06-02,4,25,Phone Case,Home & Kitchen,32410,129640,32410.0,97230.0,2026-06,46,Male,Islamabad,2024-07-17
O02916,C0322,P0013,2026-06-03,5,5,Bluetooth Speaker,Accessories,16673,83365,4168.25,79196.75,2026-06,49,Female,Islamabad,2026-03-31
O00464,C0028,P0013,2026-06-03,4,25,Bluetooth Speaker,Accessories,16673,66692,16673.0,50019.0,2026-06,44,Male,Lahore,2025-12-03
O00571,C0203,P0040,2026-06-03,2,5,Smart Watch,Electronics,13967,27934,1396.7,26537.3,2026-06,55,Female,Faisalabad,2023-12-15
O01892,C0257,P0009,2026-06-04,2,20,Backpack,Electronics,44290,88580,17716.0,70864.0,2026-06,41,Male,Faisalabad,2025-09-20
O01516,C0450,P0084,2026-06-04,1,0,Headphones,Accessories,10352,10352,0.0,10352.0,2026-06,33,Male,Lahore,2024-03-20
O02080,C0024,P0082,2026-06-04,2,0,Bluetooth Speaker,Fashion,11117,22234,0.0,22234.0,2026-06,50,Male,Faisalabad,2023-04-12
O01852,C0320,P0048,2026-06-04,1,5,Laptop Stand,Accessories,35405,35405,1770.25,33634.75,2026-06,50,Male,Multan,2024-07-23
O02314,C0057,P0068,2026-06-04,5,5,Backpack,Electronics,22175,110875,5543.75,105331.25,2026-06,23,Male,Rawalpindi,2025-06-01
O00841,C0342,P0016,2026-06-04,2,15,Smart Watch,Electronics,39838,79676,11951.4,67724.6,2026-06,57,Female,Multan,2025-07-04
O01653,C0430,P0075,2026-06-04,1,5,Headphones,Home & Kitchen,24169,24169,1208.45,22960.55,2026-06,38,Female,Karachi,2023-03-28
O01918,C0045,P0098,2026-06-04,4,0,Phone Case,Electronics,16535,66140,0.0,66140.0,2026-06,19,Male,Multan,2023-02-16
O00021,C0138,P0075,2026-06-04,2,10,Headphones,Home & Kitchen,24169,48338,4833.8,43504.2,2026-06,40,Male,Islamabad,2023-01-11
O00194,C0082,P0062,2026-06-05,5,15,Bluetooth Speaker,Fashion,6941,34705,5205.75,29499.25,2026-06,18,Male,Rawalpindi,2023-12-30
O00947,C0112,P0058,2026-06-05,2,10,Wireless Mouse,Accessories,19243,38486,3848.6,34637.4,2026-06,39,Female,Islamabad,2024-01-12
O02004,C0462,P0089,2026-06-05,4,20,Mechanical Keyboard,Electronics,45605,182420,36484.0,145936.0,2026-06,54,Female,Karachi,2025-01-01
O01302,C0183,P0064,2026-06-05,3,0,Smart Watch,Home & Kitchen,42935,128805,0.0,128805.0,2026-06,20,Male,Faisalabad,2025-08-12
O02155,C0252,P0040,2026-06-05,5,5,Smart Watch,Electronics,13967,69835,3491.75,66343.25,2026-06,52,Female,Multan,2024-04-11
O00162,C0066,P0023,2026-06-05,3,0,Phone Case,Home & Kitchen,39810,119430,0.0,119430.0,2026-06,31,Female,Lahore,2025-09-21
O01217,C0219,P0043,2026-06-05,3,10,Laptop Stand,Home & Kitchen,43141,129423,12942.3,116480.7,2026-06,36,Male,Islamabad,2026-04-08
O02651,C0213,P0064,2026-06-05,1,25,Smart Watch,Home & Kitchen,42935,42935,10733.75,32201.25,2026-06,23,Male,Rawalpindi,2023-12-19
O02797,C0451,P0088,2026-06-06,5,25,Power Bank,Accessories,34584,172920,43230.0,129690.0,2026-06,19,Female,Karachi,2023-04-03
O00023,C0078,P0050,2026-06-06,1,10,Wireless Mouse,Electronics,34554,34554,3455.4,31098.6,2026-06,42,Male,Rawalpindi,2025-07-24
O00279,C0005,P0092,2026-06-06,4,25,Headphones,Accessories,7727,30908,7727.0,23181.0,2026-06,25,Female,Karachi,2025-08-15
O01390,C0283,P0019,2026-06-06,1,15,Headphones,Accessories,42474,42474,6371.1,36102.9,2026-06,37,Male,Lahore,2023-10-12
O00387,C0227,P0038,2026-06-06,4,15,Wireless Mouse,Home & Kitchen,43152,172608,25891.2,146716.8,2026-06,50,Male,Rawalpindi,2025-04-05
O00002,C0069,P0017,2026-06-06,1,20,Smart Watch,Electronics,25096,25096,5019.2,20076.8,2026-06,25,Male,Islamabad,2026-03-28
O00187,C0244,P0015,2026-06-06,4,0,Wireless Mouse,Home & Kitchen,13678,54712,0.0,54712.0,2026-06,19,Male,Rawalpindi,2026-05-31
O01891,C0127,P0039,2026-06-06,2,0,Wireless Mouse,Accessories,7394,14788,0.0,14788.0,2026-06,32,Male,Islamabad,2025-08-06
O02221,C0224,P0039,2026-06-06,2,25,Wireless Mouse,Accessories,7394,14788,3697.0,11091.0,2026-06,49,Male,Lahore,2023-01-07
O01861,C0184,P0075,2026-06-06,1,15,Headphones,Home & Kitchen,24169,24169,3625.35,20543.65,2026-06,54,Female,Faisalabad,2026-06-03
O02127,C0440,P0018,2026-06-06,2,25,Laptop Stand,Accessories,33674,67348,16837.0,50511.0,2026-06,51,Male,Lahore,2023-11-03
O00888,C0426,P0072,2026-06-07,2,5,Headphones,Electronics,11630,23260,1163.0,22097.0,2026-06,29,Male,Karachi,2025-08-28
O00588,C0050,P0026,2026-06-07,5,10,Wireless Mouse,Electronics,45314,226570,22657.0,203913.0,2026-06,52,Female,Faisalabad,2025-09-07
O02501,C0114,P0073,2026-06-07,2,0,Power Bank,Electronics,23168,46336,0.0,46336.0,2026-06,52,Female,Karachi,2025-07-14
O01118,C0428,P0014,2026-06-07,4,0,Bluetooth Speaker,Electronics,27487,109948,0.0,109948.0,2026-06,43,Female,Faisalabad,2025-10-10
O01031,C0085,P0087,2026-06-07,4,20,Bluetooth Speaker,Accessories,36493,145972,29194.4,116777.6,2026-06,26,Male,Multan,2025-09-08
O00520,C0226,P0050,2026-06-07,1,15,Wireless Mouse,Electronics,34554,34554,5183.1,29370.9,2026-06,58,Female,Islamabad,2024-07-10
O00970,C0049,P0088,2026-06-08,1,15,Power Bank,Accessories,34584,34584,5187.6,29396.4,2026-06,25,Male,Islamabad,2024-02-05
O00915,C0178,P0099,2026-06-08,3,20,Smart Watch,Electronics,3540,10620,2124.0,8496.0,2026-06,41,Male,Rawalpindi,2025-07-09
O01128,C0226,P0006,2026-06-08,5,25,Headphones,Accessories,28098,140490,35122.5,105367.5,2026-06,58,Female,Islamabad,2024-07-10
O00163,C0361,P0045,2026-06-08,5,10,Mechanical Keyboard,Fashion,45476,227380,22738.0,204642.0,2026-06,29,Female,Islamabad,2023-03-13
O00511,C0374,P0055,2026-06-09,2,15,Bluetooth Speaker,Electronics,7552,15104,2265.6,12838.4,2026-06,23,Male,Multan,2024-08-10
O01955,C0295,P0029,2026-06-09,5,5,Smart Watch,Electronics,49792,248960,12448.0,236512.0,2026-06,25,Female,Rawalpindi,2023-03-20
O02975,C0416,P0003,2026-06-09,1,15,Backpack,Fashion,22136,22136,3320.4,18815.6,2026-06,43,Male,Karachi,2023-07-27
O00095,C0209,P0038,2026-06-09,2,25,Wireless Mouse,Home & Kitchen,43152,86304,21576.0,64728.0,2026-06,28,Female,Islamabad,2026-03-16
O00639,C0231,P0098,2026-06-09,1,10,Phone Case,Electronics,16535,16535,1653.5,14881.5,2026-06,57,Male,Lahore,2024-03-01
O00031,C0263,P0094,2026-06-10,5,0,Phone Case,Home & Kitchen,36541,182705,0.0,182705.0,2026-06,55,Male,Karachi,2023-10-05
O01916,C0480,P0082,2026-06-11,1,25,Bluetooth Speaker,Fashion,11117,11117,2779.25,8337.75,2026-06,46,Male,Rawalpindi,2026-06-14
O01597,C0408,P0081,2026-06-11,4,15,Mechanical Keyboard,Fashion,16893,67572,10135.8,57436.2,2026-06,18,Male,Lahore,2024-12-16
O01177,C0454,P0058,2026-06-11,5,25,Wireless Mouse,Accessories,19243,96215,24053.75,72161.25,2026-06,44,Female,Multan,2025-06-21
O01078,C0375,P0073,2026-06-11,4,0,Power Bank,Electronics,23168,92672,0.0,92672.0,2026-06,32,Female,Islamabad,2025-06-07
O02892,C0002,P0078,2026-06-11,3,0,Phone Case,Home & Kitchen,9935,29805,0.0,29805.0,2026-06,46,Male,Lahore,2025-01-20
O02059,C0421,P0047,2026-06-11,5,25,Bluetooth Speaker,Accessories,23671,118355,29588.75,88766.25,2026-06,31,Male,Karachi,2024-05-29
O01092,C0059,P0001,2026-06-12,1,10,Smart Watch,Electronics,5260,5260,526.0,4734.0,2026-06,21,Male,Multan,2025-04-06
O01477,C0153,P0002,2026-06-12,2,20,Headphones,Home & Kitchen,33279,66558,13311.6,53246.4,2026-06,45,Female,Multan,2023-09-16
O02633,C0030,P0070,2026-06-12,3,10,Smart Watch,Home & Kitchen,43168,129504,12950.4,116553.6,2026-06,45,Female,Islamabad,2025-08-14
O02619,C0303,P0079,2026-06-12,2,20,Headphones,Accessories,29052,58104,11620.8,46483.2,2026-06,50,Male,Lahore,2023-02-08
O02243,C0331,P0069,2026-06-12,3,15,Headphones,Fashion,5995,17985,2697.75,15287.25,2026-06,57,Male,Islamabad,2025-09-11
O00913,C0425,P0072,2026-06-12,3,0,Headphones,Electronics,11630,34890,0.0,34890.0,2026-06,22,Male,Multan,2023-01-14
O00251,C0079,P0051,2026-06-12,2,5,Headphones,Fashion,48978,97956,4897.8,93058.2,2026-06,58,Female,Karachi,2025-09-12
O00470,C0350,P0075,2026-06-13,3,10,Headphones,Home & Kitchen,24169,72507,7250.7,65256.3,2026-06,52,Male,Lahore,2025-10-13
O00354,C0389,P0042,2026-06-13,1,0,Power Bank,Accessories,49757,49757,0.0,49757.0,2026-06,30,Male,Rawalpindi,2025-07-06
O00371,C0188,P0010,2026-06-13,4,10,Backpack,Fashion,8734,34936,3493.6,31442.4,2026-06,45,Male,Rawalpindi,2023-02-07
O02896,C0166,P0078,2026-06-13,5,0,Phone Case,Home & Kitchen,9935,49675,0.0,49675.0,2026-06,56,Male,Islamabad,2023-01-03
O02659,C0426,P0071,2026-06-13,3,0,Mechanical Keyboard,Electronics,14173,42519,0.0,42519.0,2026-06,29,Male,Karachi,2025-08-28
O00318,C0308,P0048,2026-06-14,1,20,Laptop Stand,Accessories,35405,35405,7081.0,28324.0,2026-06,34,Male,Karachi,2025-06-02
O01622,C0126,P0083,2026-06-14,1,5,Wireless Mouse,Home & Kitchen,39020,39020,1951.0,37069.0,2026-06,26,Female,Islamabad,2024-12-05
O02955,C0414,P0018,2026-06-14,5,5,Laptop Stand,Accessories,33674,168370,8418.5,159951.5,2026-06,20,Male,Multan,2024-04-03
O00078,C0149,P0057,2026-06-14,1,20,Wireless Mouse,Accessories,23986,23986,4797.2,19188.8,2026-06,19,Male,Faisalabad,2023-08-06
O00394,C0021,P0094,2026-06-14,1,20,Phone Case,Home & Kitchen,36541,36541,7308.2,29232.8,2026-06,55,Female,Islamabad,2026-06-06
O01110,C0477,P0013,2026-06-14,4,25,Bluetooth Speaker,Accessories,16673,66692,16673.0,50019.0,2026-06,34,Male,Lahore,2023-07-05
O00104,C0442,P0047,2026-06-14,4,0,Bluetooth Speaker,Accessories,23671,94684,0.0,94684.0,2026-06,27,Female,Islamabad,2024-10-23
O01606,C0056,P0017,2026-06-15,5,5,Smart Watch,Electronics,25096,125480,6274.0,119206.0,2026-06,19,Male,Islamabad,2023-05-17
O01949,C0055,P0096,2026-06-15,5,0,Mechanical Keyboard,Accessories,645,3225,0.0,3225.0,2026-06,21,Female,Rawalpindi,2024-09-20
O01113,C0486,P0081,2026-06-15,2,5,Mechanical Keyboard,Fashion,16893,33786,1689.3,32096.7,2026-06,24,Female,Rawalpindi,2023-04-10
O01480,C0343,P0019,2026-06-15,4,10,Headphones,Accessories,42474,169896,16989.6,152906.4,2026-06,50,Female,Multan,2024-06-10
O02106,C0256,P0035,2026-06-16,5,10,Bluetooth Speaker,Fashion,28711,143555,14355.5,129199.5,2026-06,37,Male,Faisalabad,2026-06-01
O00834,C0036,P0090,2026-06-16,5,5,Wireless Mouse,Fashion,40075,200375,10018.75,190356.25,2026-06,38,Male,Faisalabad,2024-10-22
O00531,C0315,P0018,2026-06-16,5,5,Laptop Stand,Accessories,33674,168370,8418.5,159951.5,2026-06,54,Female,Rawalpindi,2025-09-15
O01816,C0391,P0060,2026-06-16,1,5,Phone Case,Electronics,24989,24989,1249.45,23739.55,2026-06,47,Male,Rawalpindi,2023-07-13
O02922,C0134,P0028,2026-06-17,1,0,Laptop Stand,Electronics,13576,13576,0.0,13576.0,2026-06,49,Female,Faisalabad,2023-03-02
O02522,C0221,P0088,2026-06-17,2,15,Power Bank,Accessories,34584,69168,10375.2,58792.8,2026-06,20,Male,Lahore,2023-07-10
O02371,C0156,P0054,2026-06-17,3,20,Bluetooth Speaker,Fashion,30234,90702,18140.4,72561.6,2026-06,28,Female,Multan,2024-12-27
O01038,C0238,P0086,2026-06-17,5,5,Power Bank,Accessories,6795,33975,1698.75,32276.25,2026-06,47,Male,Rawalpindi,2026-06-01
O00308,C0260,P0030,2026-06-17,2,20,Wireless Mouse,Home & Kitchen,38150,76300,15260.0,61040.0,2026-06,28,Male,Rawalpindi,2026-05-30
O02523,C0068,P0004,2026-06-17,3,20,Laptop Stand,Home & Kitchen,16853,50559,10111.8,40447.2,2026-06,32,Female,Lahore,2024-09-06
O00652,C0314,P0003,2026-06-17,3,0,Backpack,Fashion,22136,66408,0.0,66408.0,2026-06,58,Female,Multan,2025-01-17
O00920,C0327,P0066,2026-06-18,3,25,Backpack,Fashion,35066,105198,26299.5,78898.5,2026-06,42,Male,Karachi,2024-05-06
O00774,C0400,P0092,2026-06-18,5,5,Headphones,Accessories,7727,38635,1931.75,36703.25,2026-06,26,Female,Islamabad,2024-03-03
O00499,C0378,P0066,2026-06-18,5,25,Backpack,Fashion,35066,175330,43832.5,131497.5,2026-06,50,Male,Faisalabad,2026-01-14
O00762,C0240,P0014,2026-06-18,1,20,Bluetooth Speaker,Electronics,27487,27487,5497.4,21989.6,2026-06,52,Female,Faisalabad,2026-02-10
O01789,C0183,P0093,2026-06-18,5,25,Phone Case,Home & Kitchen,32410,162050,40512.5,121537.5,2026-06,20,Male,Faisalabad,2025-08-12
O01882,C0399,P0018,2026-06-19,1,15,Laptop Stand,Accessories,33674,33674,5051.1,28622.9,2026-06,40,Female,Lahore,2025-06-05
O01586,C0063,P0016,2026-06-19,2,10,Smart Watch,Electronics,39838,79676,7967.6,71708.4,2026-06,51,Female,Islamabad,2025-09-16
O02180,C0163,P0097,2026-06-19,5,25,Wireless Mouse,Home & Kitchen,38278,191390,47847.5,143542.5,2026-06,30,Male,Multan,2023-03-03
O02355,C0478,P0081,2026-06-20,1,20,Mechanical Keyboard,Fashion,16893,16893,3378.6,13514.4,2026-06,43,Male,Multan,2026-06-23
O00705,C0336,P0057,2026-06-20,4,15,Wireless Mouse,Accessories,23986,95944,14391.6,81552.4,2026-06,19,Female,Lahore,2024-01-22
O00474,C0138,P0086,2026-06-20,3,0,Power Bank,Accessories,6795,20385,0.0,20385.0,2026-06,40,Male,Islamabad,2023-01-11
O01570,C0375,P0078,2026-06-20,4,5,Phone Case,Home & Kitchen,9935,39740,1987.0,37753.0,2026-06,32,Female,Islamabad,2025-06-07
O00718,C0188,P0017,2026-06-20,1,25,Smart Watch,Electronics,25096,25096,6274.0,18822.0,2026-06,45,Male,Rawalpindi,2023-02-07
O00721,C0305,P0079,2026-06-20,3,0,Headphones,Accessories,29052,87156,0.0,87156.0,2026-06,36,Female,Lahore,2025-03-07
O00690,C0430,P0062,2026-06-21,1,15,Bluetooth Speaker,Fashion,6941,6941,1041.15,5899.85,2026-06,38,Female,Karachi,2023-03-28
O01572,C0437,P0061,2026-06-21,2,10,Laptop Stand,Electronics,9136,18272,1827.2,16444.8,2026-06,27,Male,Lahore,2023-11-05
O00858,C0044,P0040,2026-06-21,5,25,Smart Watch,Electronics,13967,69835,17458.75,52376.25,2026-06,43,Female,Multan,2024-05-03
O02135,C0162,P0045,2026-06-21,2,5,Mechanical Keyboard,Fashion,45476,90952,4547.6,86404.4,2026-06,44,Male,Lahore,2025-04-29
O01046,C0386,P0072,2026-06-21,5,10,Headphones,Electronics,11630,58150,5815.0,52335.0,2026-06,52,Male,Islamabad,2025-03-11
O01760,C0267,P0004,2026-06-22,4,0,Laptop Stand,Home & Kitchen,16853,67412,0.0,67412.0,2026-06,42,Female,Karachi,2026-06-19
O02275,C0468,P0060,2026-06-22,5,20,Phone Case,Electronics,24989,124945,24989.0,99956.0,2026-06,27,Female,Karachi,2024-02-24
O01611,C0275,P0005,2026-06-22,4,10,Mechanical Keyboard,Electronics,12056,48224,4822.4,43401.6,2026-06,33,Female,Karachi,2024-12-05
O00914,C0161,P0049,2026-06-22,4,5,Phone Case,Electronics,21329,85316,4265.8,81050.2,2026-06,18,Male,Karachi,2024-11-20
O01951,C0118,P0074,2026-06-22,4,15,Laptop Stand,Electronics,15722,62888,9433.2,53454.8,2026-06,31,Female,Rawalpindi,2024-07-30
O00744,C0481,P0099,2026-06-22,1,20,Smart Watch,Electronics,3540,3540,708.0,2832.0,2026-06,43,Female,Multan,2024-06-13
O00938,C0494,P0058,2026-06-22,4,15,Wireless Mouse,Accessories,19243,76972,11545.8,65426.2,2026-06,27,Male,Karachi,2023-10-20
O02289,C0441,P0050,2026-06-22,3,15,Wireless Mouse,Electronics,34554,103662,15549.3,88112.7,2026-06,48,Male,Faisalabad,2025-07-02
O02439,C0476,P0062,2026-06-23,4,25,Bluetooth Speaker,Fashion,6941,27764,6941.0,20823.0,2026-06,40,Male,Multan,2025-01-24
O02307,C0049,P0086,2026-06-23,3,25,Power Bank,Accessories,6795,20385,5096.25,15288.75,2026-06,25,Male,Islamabad,2024-02-05
O01035,C0047,P0021,2026-06-23,5,25,USB-C Cable,Accessories,28264,141320,35330.0,105990.0,2026-06,45,Male,Karachi,2025-11-05
O01314,C0050,P0016,2026-06-23,4,10,Smart Watch,Electronics,39838,159352,15935.2,143416.8,2026-06,52,Female,Faisalabad,2025-09-07
O00234,C0310,P0025,2026-06-23,4,20,Backpack,Fashion,37414,149656,29931.2,119724.8,2026-06,47,Male,Karachi,2025-08-31
O00722,C0319,P0063,2026-06-24,4,20,Mechanical Keyboard,Electronics,25111,100444,20088.8,80355.2,2026-06,52,Female,Faisalabad,2023-03-25
O02866,C0157,P0052,2026-06-24,1,10,USB-C Cable,Fashion,44639,44639,4463.9,40175.1,2026-06,45,Female,Karachi,2024-11-19
O01009,C0500,P0066,2026-06-24,5,15,Backpack,Fashion,35066,175330,26299.5,149030.5,2026-06,53,Male,Multan,2023-01-14
O01828,C0352,P0073,2026-06-24,5,5,Power Bank,Electronics,23168,115840,5792.0,110048.0,2026-06,41,Male,Multan,2024-12-26
O02030,C0390,P0056,2026-06-24,1,20,Bluetooth Speaker,Home & Kitchen,4154,4154,830.8,3323.2,2026-06,59,Male,Faisalabad,2026-01-31
O01881,C0001,P0019,2026-06-24,4,0,Headphones,Accessories,42474,169896,0.0,169896.0,2026-06,56,Female,Multan,2023-03-10
O01095,C0283,P0054,2026-06-25,4,10,Bluetooth Speaker,Fashion,30234,120936,12093.6,108842.4,2026-06,37,Male,Lahore,2023-10-12
O00683,C0469,P0022,2026-06-25,5,15,Power Bank,Accessories,22127,110635,16595.25,94039.75,2026-06,60,Female,Faisalabad,2026-06-27
O01180,C0124,P0079,2026-06-25,4,20,Headphones,Accessories,29052,116208,23241.6,92966.4,2026-06,56,Male,Lahore,2023-10-20
O02733,C0100,P0007,2026-06-25,5,15,Power Bank,Home & Kitchen,12063,60315,9047.25,51267.75,2026-06,45,Female,Rawalpindi,2026-03-10
O01860,C0035,P0022,2026-06-25,3,0,Power Bank,Accessories,22127,66381,0.0,66381.0,2026-06,24,Female,Karachi,2023-12-05
O02568,C0421,P0068,2026-06-25,2,5,Backpack,Electronics,22175,44350,2217.5,42132.5,2026-06,31,Male,Karachi,2024-05-29
O00993,C0489,P0044,2026-06-25,4,20,Mechanical Keyboard,Accessories,12789,51156,10231.2,40924.8,2026-06,46,Male,Faisalabad,2025-07-28
O02904,C0495,P0052,2026-06-25,2,20,USB-C Cable,Fashion,44639,89278,17855.6,71422.4,2026-06,54,Male,Islamabad,2025-04-16
O01766,C0149,P0092,2026-06-25,5,20,Headphones,Accessories,7727,38635,7727.0,30908.0,2026-06,19,Male,Faisalabad,2023-08-06
O00799,C0069,P0031,2026-06-25,3,10,Backpack,Electronics,47381,142143,14214.3,127928.7,2026-06,25,Male,Islamabad,2026-03-28
O00084,C0300,P0054,2026-06-26,1,25,Bluetooth Speaker,Fashion,30234,30234,7558.5,22675.5,2026-06,47,Female,Faisalabad,2024-05-30
O00848,C0120,P0093,2026-06-26,4,25,Phone Case,Home & Kitchen,32410,129640,32410.0,97230.0,2026-06,18,Male,Multan,2026-03-11
O02780,C0089,P0075,2026-06-26,1,0,Headphones,Home & Kitchen,24169,24169,0.0,24169.0,2026-06,41,Female,Islamabad,2023-01-16
O02810,C0126,P0055,2026-06-26,1,0,Bluetooth Speaker,Electronics,7552,7552,0.0,7552.0,2026-06,26,Female,Islamabad,2024-12-05
O01894,C0035,P0076,2026-06-26,5,25,Laptop Stand,Electronics,34568,172840,43210.0,129630.0,2026-06,24,Female,Karachi,2023-12-05
O00895,C0165,P0011,2026-06-26,4,15,Mechanical Keyboard,Fashion,26019,104076,15611.4,88464.6,2026-06,20,Female,Islamabad,2023-08-04
O02443,C0171,P0088,2026-06-27,2,25,Power Bank,Accessories,34584,69168,17292.0,51876.0,2026-06,54,Male,Lahore,2026-01-17
O00525,C0424,P0025,2026-06-27,5,25,Backpack,Fashion,37414,187070,46767.5,140302.5,2026-06,47,Female,Karachi,2025-05-23
O00991,C0411,P0076,2026-06-27,4,20,Laptop Stand,Electronics,34568,138272,27654.4,110617.6,2026-06,22,Female,Islamabad,2023-09-08
O02498,C0082,P0016,2026-06-27,3,20,Smart Watch,Electronics,39838,119514,23902.8,95611.2,2026-06,18,Male,Rawalpindi,2023-12-30
O02350,C0302,P0087,2026-06-27,4,25,Bluetooth Speaker,Accessories,36493,145972,36493.0,109479.0,2026-06,45,Male,Multan,2024-02-01
O01595,C0380,P0012,2026-06-27,1,5,USB-C Cable,Home & Kitchen,27466,27466,1373.3,26092.7,2026-06,22,Female,Faisalabad,2024-11-03
O01148,C0431,P0014,2026-06-27,5,10,Bluetooth Speaker,Electronics,27487,137435,13743.5,123691.5,2026-06,56,Female,Multan,2025-06-27
O00066,C0425,P0060,2026-06-28,4,0,Phone Case,Electronics,24989,99956,0.0,99956.0,2026-06,22,Male,Multan,2023-01-14
O01911,C0259,P0033,2026-06-28,1,5,Laptop Stand,Electronics,6512,6512,325.6,6186.4,2026-06,41,Male,Multan,2023-12-01
O00128,C0237,P0096,2026-06-28,5,10,Mechanical Keyboard,Accessories,645,3225,322.5,2902.5,2026-06,48,Male,Rawalpindi,2023-10-22
O02683,C0321,P0083,2026-06-28,1,25,Wireless Mouse,Home & Kitchen,39020,39020,9755.0,29265.0,2026-06,38,Female,Islamabad,2025-07-22
O00176,C0196,P0078,2026-06-29,5,20,Phone Case,Home & Kitchen,9935,49675,9935.0,39740.0,2026-06,43,Female,Multan,2025-03-06
O01825,C0337,P0071,2026-06-29,5,15,Mechanical Keyboard,Electronics,14173,70865,10629.75,60235.25,2026-06,44,Female,Lahore,2023-12-15
O02723,C0368,P0041,2026-06-29,2,25,Smart Watch,Accessories,31510,63020,15755.0,47265.0,2026-06,40,Male,Islamabad,2025-03-11
O02038,C0121,P0068,2026-06-29,1,20,Backpack,Electronics,22175,22175,4435.0,17740.0,2026-06,22,Male,Faisalabad,2024-01-11
O01873,C0327,P0087,2026-06-29,4,5,Bluetooth Speaker,Accessories,36493,145972,7298.6,138673.4,2026-06,42,Male,Karachi,2024-05-06
O01439,C0344,P0083,2026-06-29,1,20,Wireless Mouse,Home & Kitchen,39020,39020,7804.0,31216.0,2026-06,26,Female,Islamabad,2026-03-22
O02689,C0489,P0023,2026-06-29,1,20,Phone Case,Home & Kitchen,39810,39810,7962.0,31848.0,2026-06,46,Male,Faisalabad,2025-07-28
O01115,C0134,P0045,2026-06-30,3,5,Mechanical Keyboard,Fashion,45476,136428,6821.4,129606.6,2026-06,49,Female,Faisalabad,2023-03-02
O01870,C0282,P0001,2026-06-30,4,5,Smart Watch,Electronics,5260,21040,1052.0,19988.0,2026-06,38,Male,Lahore,2024-11-17
O01600,C0440,P0061,2026-06-30,4,15,Laptop Stand,Electronics,9136,36544,5481.6,31062.4,2026-06,51,Male,Lahore,2023-11-03
O01371,C0194,P0037,2026-06-30,1,5,Bluetooth Speaker,Fashion,36878,36878,1843.9,35034.1,2026-06,36,Female,Lahore,2023-02-06
O00103,C0300,P0067,2026-06-30,2,15,Mechanical Keyboard,Fashion,42868,85736,12860.4,72875.6,2026-06,47,Female,Faisalabad,2024-05-30
O00271,C0043,P0096,2026-06-30,4,25,Mechanical Keyboard,Accessories,645,2580,645.0,1935.0,2026-06,26,Male,Islamabad,2026-01-17
