order_id,customer_id,product_id,order_date,quantity,discount_percent
O01913,C0188,P0095,2025-01-01,4,0
O02968,C0385,P0048,2025-01-01,1,25
O00428,C0343,P0005,2025-01-01,5,25
O00753,C0459,P0096,2025-01-01,1,10
O00701,C0014,P0017,2025-01-02,1,25
O00020,C0011,P0040,2025-01-02,3,25
O00747,C0116,P0016,2025-01-02,1,25
O02354,C0003,P0055,2025-01-02,1,0
O02484,C0099,P0058,2025-01-02,2,25
O01036,C0399,P0092,2025-01-02,4,25
O02414,C0141,P0003,2025-01-02,4,25
O01999,C0264,P0072,2025-01-03,1,5
O02047,C0100,P0048,2025-01-03,2,25
O00584,C0213,P0049,2025-01-03,1,25
O00467,C0442,P0059,2025-01-04,5,25
O02674,C0048,P0012,2025-01-04,3,10
O02010,C0075,P0036,2025-01-04,4,20
O00189,C0012,P0024,2025-01-04,5,10
O00411,C0242,P0070,2025-01-04,4,25
O00107,C0333,P0035,2025-01-05,4,5
O01639,C0113,P0045,2025-01-06,5,10
O02330,C0161,P0051,2025-01-06,1,5
O01338,C0431,P0017,2025-01-06,2,5
O00696,C0273,P0099,2025-01-06,4,15
O01278,C0308,P0028,2025-01-07,1,25
O02494,C0349,P0069,2025-01-07,5,10
O00742,C0113,P0060,2025-01-07,2,20
O01124,C0364,P0013,2025-01-07,1,15
O01802,C0249,P0022,2025-01-07,5,5
O00267,C0447,P0018,2025-01-07,1,5
O02775,C0204,P0060,2025-01-07,1,20
O01418,C0404,P0037,2025-01-07,4,0
O01290,C0068,P0098,2025-01-07,1,20
O01363,C0028,P0100,2025-01-08,3,20
O00027,C0409,P0033,2025-01-08,4,5
O02704,C0126,P0069,2025-01-08,4,15
O00814,C0231,P0049,2025-01-09,5,15
O01841,C0208,P0028,2025-01-09,1,15
O02115,C0210,P0085,2025-01-09,3,5
O02837,C0478,P0090,2025-01-09,1,0
O01377,C0257,P0070,2025-01-09,5,25
O02701,C0407,P0064,2025-01-09,5,5
O02092,C0211,P0037,2025-01-10,2,25
O00617,C0362,P0035,2025-01-10,4,10
O01623,C0395,P0054,2025-01-10,3,20
O02347,C0210,P0006,2025-01-10,4,20
O02690,C0383,P0026,2025-01-10,3,5
O01578,C0354,P0045,2025-01-11,5,15
O02681,C0102,P0058,2025-01-11,2,5
O00142,C0149,P0022,2025-01-11,5,15
O02195,C0188,P0016,2025-01-11,2,0
O02138,C0264,P0088,2025-01-11,4,20
O01397,C0093,P0100,2025-01-11,4,0
O00012,C0150,P0052,2025-01-12,2,20
O01394,C0362,P0043,2025-01-12,4,20
O01673,C0357,P0051,2025-01-12,3,15
O02629,C0397,P0001,2025-01-12,1,15
O02445,C0216,P0061,2025-01-12,3,10
O01580,C0451,P0020,2025-01-12,2,15
O00802,C0421,P0062,2025-01-12,1,20
O01229,C0035,P0018,2025-01-12,5,25
O02336,C0224,P0042,2025-01-13,5,25
O02116,C0229,P0025,2025-01-13,2,20
O01052,C0283,P0055,2025-01-13,4,25
O00508,C0347,P0024,2025-01-13,5,15
O02281,C0278,P0029,2025-01-13,3,25
O00111,C0311,P0068,2025-01-13,5,0
O02160,C0049,P0020,2025-01-14,3,15
O02146,C0428,P0084,2025-01-14,5,15
O00367,C0164,P0002,2025-01-14,4,10
O01849,C0054,P0037,2025-01-14,4,5
O00675,C0132,P0086,2025-01-14,3,15
O01207,C0393,P0080,2025-01-15,3,10
O02807,C0481,P0085,2025-01-15,2,25
O02197,C0230,P0093,2025-01-15,5,0
O01603,C0007,P0032,2025-01-16,5,25
O00724,C0211,P0013,2025-01-16,4,10
O01126,C0213,P0035,2025-01-16,4,0
O02049,C0399,P0045,2025-01-16,4,15
O00123,C0136,P0025,2025-01-16,3,25
O01069,C0454,P0090,2025-01-16,1,10
O00557,C0431,P0086,2025-01-16,1,20
O02458,C0349,P0093,2025-01-17,2,5
O00440,C0200,P0018,2025-01-17,4,10
O00350,C0471,P0090,2025-01-17,2,0
O02749,C0162,P0097,2025-01-17,4,25
O02202,C0272,P0016,2025-01-17,2,0
O01112,C0372,P0038,2025-01-17,4,20
O01011,C0262,P0003,2025-01-17,3,15
O00060,C0387,P0056,2025-01-18,4,15
O00923,C0081,P0028,2025-01-18,1,10
O02941,C0473,P0012,2025-01-18,1,15
O02889,C0345,P0020,2025-01-18,2,0
O01996,C0205,P0001,2025-01-19,5,15
O00353,C0423,P0062,2025-01-19,2,0
O00264,C0146,P0046,2025-01-19,5,0
O02687,C0292,P0097,2025-01-19,1,25
O00011,C0465,P0096,2025-01-19,4,0
O00320,C0124,P0036,2025-01-19,5,5
O02850,C0403,P0066,2025-01-19,2,25
O00036,C0374,P0019,2025-01-20,3,10
O01896,C0191,P0033,2025-01-20,1,20
O01476,C0008,P0071,2025-01-20,3,25
O02655,C0241,P0023,2025-01-20,5,20
O01983,C0370,P0067,2025-01-20,4,25
O01042,C0316,P0040,2025-01-20,2,5
O02073,C0023,P0065,2025-01-20,1,10
O00776,C0500,P0094,2025-01-21,1,25
O01205,C0401,P0071,2025-01-21,5,10
O00593,C0088,P0022,2025-01-21,5,15
O01129,C0470,P0069,2025-01-21,3,10
O02640,C0206,P0053,2025-01-21,1,5
O02853,C0477,P0019,2025-01-22,3,20
O01323,C0172,P0004,2025-01-22,1,25
O01696,C0305,P0052,2025-01-22,3,15
O01411,C0486,P0004,2025-01-22,5,5
O02905,C0230,P0068,2025-01-22,5,25
O02327,C0459,P0049,2025-01-23,2,20
O01530,C0084,P0073,2025-01-23,1,25
O01688,C0109,P0045,2025-01-23,2,0
O02536,C0188,P0062,2025-01-23,4,20
O02513,C0105,P0055,2025-01-23,1,15
O01443,C0423,P0066,2025-01-23,3,20
O01953,C0231,P0015,2025-01-23,2,10
O02754,C0315,P0064,2025-01-23,2,5
O02111,C0380,P0055,2025-01-23,2,0
O02936,C0413,P0020,2025-01-24,5,0
O01155,C0384,P0063,2025-01-24,5,0
O01249,C0275,P0005,2025-01-24,4,5
O02868,C0017,P0007,2025-01-24,3,0
O01755,C0147,P0080,2025-01-24,4,5
O00976,C0154,P0073,2025-01-24,2,25
O02961,C0301,P0096,2025-01-25,5,5
O02392,C0311,P0027,2025-01-25,2,20
O01158,C0325,P0035,2025-01-25,5,0
O02718,C0003,P0067,2025-01-25,3,0
O00067,C0487,P0040,2025-01-25,3,25
O00315,C0380,P0098,2025-01-25,1,5
O00880,C0248,P0009,2025-01-26,4,5
O01048,C0336,P0061,2025-01-26,1,0
O00631,C0362,P0049,2025-01-26,4,0
O01778,C0070,P0097,2025-01-26,5,5
O00905,C0305,P0023,2025-01-26,4,15
O01144,C0180,P0064,2025-01-26,1,15
O00143,C0084,P0041,2025-01-26,5,0
O00393,C0042,P0001,2025-01-27,1,0
O00906,C0403,P0056,2025-01-27,1,25
O02844,C0182,P0092,2025-01-27,4,0
O00751,C0251,P0059,2025-01-28,3,0
O02201,C0156,P0025,2025-01-28,3,5
O00205,C0007,P0013,2025-01-28,1,15
O02532,C0282,P0055,2025-01-28,4,20
O01853,C0126,P0046,2025-01-28,4,5
O00815,C0295,P0020,2025-01-29,1,15
O01602,C0421,P0046,2025-01-29,4,10
O00586,C0436,P0036,2025-01-29,5,25
O00969,C0319,P0031,2025-01-29,5,20
O00851,C0400,P0013,2025-01-29,5,5
O02746,C0314,P0021,2025-01-29,2,20
O00983,C0376,P0024,2025-01-29,4,10
O00288,C0253,P0020,2025-01-30,4,5
O02246,C0471,P0079,2025-01-30,5,15
O01030,C0485,P0047,2025-01-31,3,10
O01988,C0500,P0071,2025-01-31,4,0
O02587,C0433,P0072,2025-01-31,5,15
O00866,C0250,P0087,2025-01-31,4,25
O02216,C0162,P0006,2025-01-31,1,15
O02678,C0123,P0084,2025-01-31,2,0
O01447,C0397,P0066,2025-01-31,4,25
O02948,C0048,P0034,2025-01-31,3,10
O00660,C0437,P0064,2025-01-31,4,20
O00846,C0220,P0013,2025-02-01,4,10
O02447,C0252,P0094,2025-02-01,4,0
O00807,C0192,P0085,2025-02-01,5,20
O02925,C0266,P0040,2025-02-02,5,25
O02074,C0213,P0051,2025-02-02,3,5
O02739,C0369,P0006,2025-02-02,5,0
O02707,C0418,P0055,2025-02-02,2,25
O00953,C0368,P0082,2025-02-03,4,25
O01526,C0377,P0040,2025-02-03,5,0
O01581,C0195,P0018,2025-02-04,4,10
O00758,C0401,P0083,2025-02-05,5,25
O01822,C0116,P0090,2025-02-06,5,10
O02677,C0153,P0032,2025-02-06,2,10
O01162,C0271,P0035,2025-02-06,4,20
O00254,C0444,P0029,2025-02-06,1,10
O01366,C0076,P0052,2025-02-07,2,25
O01045,C0268,P0052,2025-02-07,4,25
O02391,C0471,P0007,2025-02-07,4,15
O02727,C0192,P0003,2025-02-07,3,5
O00401,C0120,P0100,2025-02-07,3,15
O01310,C0035,P0018,2025-02-08,2,15
O00583,C0029,P0037,2025-02-08,1,5
O00740,C0350,P0038,2025-02-08,1,25
O00778,C0138,P0028,2025-02-08,4,25
O01519,C0461,P0080,2025-02-08,4,25
O02747,C0289,P0060,2025-02-08,4,10
O02613,C0317,P0018,2025-02-08,2,10
O00058,C0353,P0009,2025-02-08,3,10
O02915,C0367,P0033,2025-02-09,5,0
O00515,C0351,P0059,2025-02-09,5,0
O00137,C0248,P0061,2025-02-09,4,25
O02563,C0475,P0007,2025-02-10,1,10
O02773,C0483,P0089,2025-02-10,1,5
O01306,C0369,P0082,2025-02-10,1,10
O02109,C0236,P0046,2025-02-10,2,15
O01830,C0147,P0035,2025-02-11,3,25
O00173,C0190,P0081,2025-02-11,1,0
O01257,C0073,P0022,2025-02-11,3,20
O00096,C0291,P0085,2025-02-11,4,25
O00347,C0079,P0003,2025-02-11,2,20
O00274,C0060,P0006,2025-02-11,3,0
O00687,C0405,P0092,2025-02-11,2,20
O02628,C0453,P0035,2025-02-11,2,10
O01769,C0487,P0045,2025-02-11,2,10
O00605,C0019,P0062,2025-02-12,3,25
O01734,C0435,P0092,2025-02-12,2,5
O02045,C0428,P0080,2025-02-12,1,5
O01907,C0358,P0082,2025-02-12,4,25
O00245,C0482,P0056,2025-02-13,2,15
O02942,C0266,P0040,2025-02-13,1,15
O02297,C0181,P0070,2025-02-13,1,20
O01535,C0093,P0020,2025-02-13,3,0
O02576,C0189,P0047,2025-02-13,4,5
O00450,C0133,P0012,2025-02-14,5,25
O01540,C0296,P0051,2025-02-14,1,20
O00258,C0096,P0041,2025-02-14,1,0
O01649,C0045,P0075,2025-02-15,5,15
O01514,C0105,P0022,2025-02-15,5,0
O00713,C0162,P0089,2025-02-15,5,25
O02423,C0427,P0017,2025-02-15,3,5
O02342,C0390,P0027,2025-02-15,2,25
O00595,C0461,P0008,2025-02-15,2,15
O00638,C0302,P0011,2025-02-16,4,5
O01247,C0387,P0041,2025-02-16,5,0
O00388,C0233,P0067,2025-02-16,2,20
O02335,C0015,P0083,2025-02-16,1,25
O00867,C0363,P0052,2025-02-16,3,15
O01954,C0053,P0071,2025-02-16,4,5
O02011,C0361,P0023,2025-02-16,5,5
O02507,C0116,P0100,2025-02-16,1,5
O02791,C0485,P0017,2025-02-16,3,15
O01454,C0127,P0046,2025-02-16,5,0
O02855,C0404,P0033,2025-02-17,1,10
O01800,C0203,P0089,2025-02-17,2,15
O02400,C0371,P0075,2025-02-17,1,10
O02410,C0450,P0048,2025-02-18,4,15
O00543,C0435,P0059,2025-02-18,4,20
O00289,C0415,P0064,2025-02-18,1,25
O02093,C0140,P0026,2025-02-18,5,15
O00743,C0183,P0071,2025-02-18,3,15
O00622,C0364,P0095,2025-02-18,3,15
O01568,C0099,P0036,2025-02-18,4,15
O00928,C0028,P0028,2025-02-19,2,0
O00607,C0413,P0080,2025-02-20,5,25
O00049,C0102,P0073,2025-02-20,3,5
O02121,C0016,P0087,2025-02-20,4,5
O00951,C0098,P0001,2025-02-20,5,15
O02284,C0059,P0051,2025-02-20,1,5
O00228,C0164,P0049,2025-02-20,1,5
O02533,C0371,P0100,2025-02-20,1,0
O01699,C0365,P0043,2025-02-20,4,20
O00544,C0174,P0089,2025-02-21,5,0
O02117,C0397,P0065,2025-02-21,1,15
O01462,C0072,P0071,2025-02-21,4,25
O00471,C0352,P0030,2025-02-21,5,20
O00840,C0414,P0061,2025-02-21,1,20
O01630,C0418,P0035,2025-02-21,4,25
O02524,C0197,P0004,2025-02-21,4,15
O00949,C0066,P0056,2025-02-21,5,20
O02200,C0119,P0083,2025-02-21,2,25
O02838,C0047,P0052,2025-02-22,1,15
O02008,C0354,P0078,2025-02-22,3,25
O01400,C0355,P0052,2025-02-22,1,5
O01284,C0489,P0094,2025-02-22,4,10
O02211,C0170,P0055,2025-02-22,1,10
O01917,C0290,P0068,2025-02-22,1,5
O01170,C0066,P0050,2025-02-22,3,15
O01525,C0201,P0012,2025-02-23,2,15
O02213,C0175,P0034,2025-02-23,5,5
O01901,C0430,P0044,2025-02-23,4,0
O00273,C0130,P0022,2025-02-24,4,25
O02078,C0101,P0056,2025-02-24,4,5
O00331,C0007,P0083,2025-02-24,4,5
O02581,C0024,P0051,2025-02-24,1,20
O02404,C0354,P0063,2025-02-25,2,20
O00484,C0360,P0079,2025-02-25,5,5
O02870,C0006,P0046,2025-02-25,4,5
O02230,C0012,P0015,2025-02-25,4,25
O01725,C0447,P0011,2025-02-25,5,25
O01404,C0432,P0038,2025-02-25,3,20
O00755,C0118,P0013,2025-02-25,2,25
O02750,C0189,P0074,2025-02-25,2,5
O01781,C0147,P0078,2025-02-25,4,0
O01646,C0443,P0044,2025-02-25,2,20
O01729,C0397,P0019,2025-02-26,4,20
O01679,C0201,P0091,2025-02-26,1,0
O00056,C0232,P0054,2025-02-26,2,0
O02098,C0304,P0080,2025-02-26,2,15
O00369,C0483,P0094,2025-02-26,2,25
O00514,C0160,P0063,2025-02-26,2,5
O00105,C0036,P0084,2025-02-26,5,5
O00068,C0196,P0036,2025-02-26,1,25
O01101,C0281,P0038,2025-02-26,1,10
O00319,C0420,P0025,2025-02-26,2,5
O02420,C0495,P0061,2025-02-26,4,15
O01301,C0255,P0064,2025-02-27,2,20
O00689,C0038,P0096,2025-02-27,3,10
O00870,C0196,P0057,2025-02-27,5,5
O00658,C0121,P0023,2025-02-27,4,0
O01039,C0104,P0023,2025-02-27,3,25
O02218,C0134,P0070,2025-02-27,2,10
O00292,C0457,P0067,2025-02-27,2,10
O01189,C0442,P0045,2025-02-28,3,0
O02052,C0083,P0025,2025-02-28,2,10
O02515,C0378,P0038,2025-02-28,5,25
O00789,C0337,P0006,2025-02-28,4,10
O02767,C0390,P0058,2025-02-28,3,10
O00219,C0466,P0017,2025-02-28,1,25
O02695,C0096,P0027,2025-02-28,4,20
O02949,C0405,P0044,2025-02-28,4,15
O01842,C0114,P0029,2025-03-01,1,25
O02351,C0397,P0006,2025-03-01,3,5
O02387,C0357,P0056,2025-03-01,2,0
O02984,C0054,P0070,2025-03-01,2,25
O01090,C0102,P0022,2025-03-01,1,0
O02079,C0417,P0019,2025-03-02,4,5
O02571,C0367,P0029,2025-03-02,4,10
O02442,C0255,P0098,2025-03-02,5,0
O01846,C0214,P0059,2025-03-03,2,20
O00829,C0057,P0023,2025-03-03,3,25
O00855,C0217,P0021,2025-03-03,4,5
O01457,C0001,P0088,2025-03-03,2,0
O02626,C0239,P0044,2025-03-03,3,25
O00261,C0031,P0003,2025-03-03,4,15
O01274,C0265,P0047,2025-03-04,1,0
O00197,C0158,P0067,2025-03-04,5,5
O02054,C0198,P0082,2025-03-04,5,15
O02471,C0499,P0056,2025-03-04,1,25
O02065,C0417,P0019,2025-03-05,5,0
O02385,C0332,P0063,2025-03-05,4,20
O00585,C0463,P0066,2025-03-05,5,0
O00988,C0116,P0080,2025-03-05,2,15
O01864,C0222,P0094,2025-03-06,4,25
O01737,C0252,P0072,2025-03-06,3,25
O01385,C0401,P0069,2025-03-06,4,0
O02433,C0044,P0015,2025-03-06,2,25
O01877,C0065,P0044,2025-03-06,3,15
O02362,C0108,P0003,2025-03-06,1,0
O00775,C0325,P0053,2025-03-07,5,25
O01659,C0306,P0020,2025-03-07,4,20
O02072,C0175,P0088,2025-03-07,1,0
O00527,C0183,P0075,2025-03-07,3,5
O00495,C0078,P0061,2025-03-07,1,5
O00596,C0278,P0029,2025-03-07,2,15
O01135,C0496,P0034,2025-03-07,1,15
O02752,C0388,P0042,2025-03-08,3,15
O00695,C0020,P0024,2025-03-08,3,25
O02226,C0007,P0060,2025-03-08,2,20
O01227,C0328,P0006,2025-03-08,2,10
O02598,C0318,P0060,2025-03-08,2,10
O02544,C0462,P0018,2025-03-08,2,25
O02527,C0312,P0043,2025-03-08,5,20
O00424,C0433,P0021,2025-03-09,3,5
O02530,C0099,P0033,2025-03-09,1,25
O00155,C0226,P0073,2025-03-09,4,10
O01933,C0188,P0039,2025-03-09,5,15
O00768,C0078,P0025,2025-03-09,4,20
O00291,C0463,P0093,2025-03-10,3,0
O01215,C0134,P0060,2025-03-10,3,10
O01024,C0074,P0046,2025-03-10,2,25
O00810,C0070,P0004,2025-03-10,3,5
O00207,C0014,P0034,2025-03-10,3,20
O02778,C0043,P0090,2025-03-10,2,10
O01020,C0197,P0038,2025-03-10,5,10
O02406,C0107,P0037,2025-03-10,1,5
O01061,C0101,P0065,2025-03-10,4,25
O00538,C0414,P0021,2025-03-11,5,0
O02930,C0326,P0077,2025-03-11,5,10
O02845,C0391,P0049,2025-03-11,3,25
O00055,C0036,P0097,2025-03-11,5,20
O02890,C0291,P0080,2025-03-11,3,25
O02376,C0068,P0051,2025-03-11,3,0
O00528,C0457,P0032,2025-03-11,2,25
O00935,C0017,P0049,2025-03-11,1,5
O00306,C0252,P0096,2025-03-12,5,0
O00876,C0127,P0099,2025-03-12,3,15
O00177,C0466,P0010,2025-03-12,4,15
O01730,C0111,P0064,2025-03-12,4,10
O01836,C0013,P0043,2025-03-12,3,5
O02650,C0022,P0074,2025-03-13,1,5
O00932,C0423,P0068,2025-03-13,4,0
O02173,C0280,P0045,2025-03-13,5,20
O00916,C0117,P0011,2025-03-13,4,25
O02867,C0202,P0100,2025-03-13,4,15
O02486,C0359,P0004,2025-03-13,5,5
O02341,C0453,P0007,2025-03-14,5,5
O00691,C0260,P0069,2025-03-14,4,0
O02075,C0405,P0043,2025-03-14,5,0
O00783,C0113,P0096,2025-03-14,5,20
O00679,C0227,P0064,2025-03-14,2,0
O02277,C0331,P0040,2025-03-14,3,10
O02018,C0349,P0062,2025-03-14,5,5
O01111,C0265,P0017,2025-03-14,1,15
O02590,C0248,P0024,2025-03-15,4,25
O00460,C0399,P0035,2025-03-15,2,5
O00808,C0261,P0084,2025-03-15,3,15
O02441,C0426,P0077,2025-03-15,4,5
O02367,C0333,P0051,2025-03-15,4,5
O02176,C0337,P0066,2025-03-15,4,15
O01315,C0469,P0006,2025-03-15,1,20
O01946,C0462,P0069,2025-03-16,1,20
O00733,C0415,P0082,2025-03-16,4,10
O01599,C0290,P0014,2025-03-16,2,10
O01203,C0484,P0066,2025-03-16,4,25
O00827,C0364,P0072,2025-03-16,2,20
O00172,C0180,P0030,2025-03-16,2,20
O02020,C0274,P0043,2025-03-17,2,0
O02283,C0017,P0090,2025-03-17,1,15
O00383,C0112,P0018,2025-03-17,5,5
O02957,C0493,P0052,2025-03-17,5,5
O02104,C0496,P0016,2025-03-17,1,15
O00619,C0144,P0084,2025-03-17,2,20
O01014,C0279,P0084,2025-03-17,3,15
O02789,C0371,P0040,2025-03-18,5,10
O02839,C0167,P0026,2025-03-18,1,0
O01607,C0321,P0041,2025-03-18,2,15
O02828,C0318,P0020,2025-03-18,4,10
O02028,C0264,P0092,2025-03-18,5,20
O02027,C0306,P0057,2025-03-18,1,25
O02021,C0096,P0078,2025-03-18,3,15
O02802,C0210,P0050,2025-03-18,3,15
O00454,C0314,P0091,2025-03-19,5,0
O01201,C0500,P0073,2025-03-19,1,10
O00286,C0267,P0045,2025-03-19,2,5
O01488,C0338,P0012,2025-03-20,2,25
O01698,C0162,P0086,2025-03-20,3,10
O00948,C0057,P0099,2025-03-20,3,10
O01372,C0472,P0027,2025-03-20,5,5
O01660,C0262,P0046,2025-03-20,1,25
O01096,C0325,P0042,2025-03-20,1,10
O00311,C0040,P0049,2025-03-21,1,25
O02500,C0449,P0037,2025-03-21,2,15
O01410,C0189,P0032,2025-03-21,5,25
O00231,C0321,P0062,2025-03-21,4,15
O01589,C0075,P0068,2025-03-21,3,0
O02432,C0086,P0027,2025-03-21,3,20
O02453,C0091,P0078,2025-03-21,1,5
O02586,C0441,P0038,2025-03-21,4,25
O02469,C0155,P0078,2025-03-22,4,10
O00358,C0474,P0013,2025-03-22,3,25
O00013,C0432,P0047,2025-03-22,3,0
O02779,C0458,P0097,2025-03-22,5,20
O02625,C0420,P0057,2025-03-23,2,0
O00554,C0497,P0015,2025-03-23,1,0
O00395,C0042,P0045,2025-03-23,3,15
O01817,C0365,P0034,2025-03-23,3,25
O01749,C0284,P0043,2025-03-23,2,25
O00700,C0221,P0087,2025-03-23,3,0
O00823,C0297,P0077,2025-03-23,4,10
O02293,C0301,P0002,2025-03-23,2,10
O00907,C0371,P0006,2025-03-24,1,15
O02097,C0101,P0040,2025-03-24,4,20
O02264,C0471,P0013,2025-03-24,2,0
O01558,C0409,P0018,2025-03-24,5,25
O00666,C0223,P0010,2025-03-25,3,20
O00248,C0482,P0086,2025-03-25,1,25
O00507,C0140,P0087,2025-03-25,4,10
O02035,C0157,P0084,2025-03-25,5,0
O02663,C0162,P0068,2025-03-25,1,25
O01183,C0247,P0059,2025-03-25,4,0
O01733,C0484,P0042,2025-03-25,3,20
O02827,C0033,P0082,2025-03-25,4,25
O01958,C0233,P0010,2025-03-26,2,25
O02646,C0374,P0080,2025-03-26,2,5
O00621,C0129,P0081,2025-03-26,4,15
O00006,C0108,P0050,2025-03-26,5,5
O01022,C0267,P0052,2025-03-26,3,5
O00287,C0178,P0079,2025-03-26,5,25
O01446,C0039,P0002,2025-03-26,4,25
O01209,C0252,P0030,2025-03-27,2,25
O00044,C0188,P0065,2025-03-27,3,0
O02860,C0202,P0003,2025-03-27,2,15
O01168,C0272,P0017,2025-03-27,5,5
O02969,C0138,P0007,2025-03-27,2,0
O02919,C0290,P0098,2025-03-27,5,15
O02249,C0045,P0093,2025-03-27,5,0
O01506,C0378,P0042,2025-03-27,1,5
O00555,C0268,P0076,2025-03-28,5,5
O02902,C0219,P0063,2025-03-28,4,10
O02665,C0254,P0078,2025-03-28,4,0
O01352,C0232,P0030,2025-03-28,5,5
O02624,C0499,P0019,2025-03-28,3,15
O00426,C0401,P0035,2025-03-29,2,10
O02434,C0137,P0050,2025-03-29,5,20
O00083,C0067,P0061,2025-03-29,2,20
O01745,C0165,P0025,2025-03-29,3,5
O02070,C0439,P0045,2025-03-29,3,25
O02435,C0421,P0036,2025-03-29,4,0
O00121,C0400,P0052,2025-03-29,3,25
O02026,C0088,P0063,2025-03-29,4,10
O02304,C0459,P0064,2025-03-30,4,25
O02143,C0028,P0007,2025-03-30,1,20
O02782,C0095,P0025,2025-03-30,4,0
O02660,C0202,P0079,2025-03-30,3,10
O00213,C0347,P0064,2025-03-31,1,25
O00114,C0446,P0027,2025-03-31,3,25
O02519,C0354,P0065,2025-03-31,4,20
O01421,C0090,P0068,2025-03-31,1,10
O01088,C0260,P0001,2025-03-31,4,0
O02824,C0118,P0029,2025-03-31,2,15
O00645,C0013,P0050,2025-03-31,2,5
O01787,C0352,P0080,2025-04-01,3,15
O02358,C0008,P0075,2025-04-01,1,0
O00968,C0243,P0076,2025-04-01,2,15
O01663,C0399,P0058,2025-04-01,4,5
O00537,C0500,P0075,2025-04-01,4,10
O00839,C0106,P0089,2025-04-02,5,25
O02234,C0373,P0009,2025-04-02,1,0
O01624,C0305,P0062,2025-04-02,3,5
O01279,C0089,P0098,2025-04-02,1,25
O00309,C0260,P0002,2025-04-02,3,10
O00564,C0302,P0020,2025-04-02,3,20
O01435,C0037,P0057,2025-04-03,1,15
O00671,C0186,P0013,2025-04-03,3,15
O02184,C0102,P0064,2025-04-03,3,0
O00463,C0499,P0016,2025-04-03,3,20
O01414,C0369,P0005,2025-04-03,4,25
O01575,C0030,P0089,2025-04-04,3,10
O02012,C0204,P0043,2025-04-04,4,0
O00304,C0080,P0075,2025-04-05,2,0
O01223,C0046,P0056,2025-04-05,1,20
O02722,C0076,P0097,2025-04-05,4,25
O02771,C0320,P0013,2025-04-05,1,5
O01965,C0275,P0038,2025-04-06,4,20
O01505,C0332,P0060,2025-04-06,4,20
O00390,C0436,P0067,2025-04-06,3,0
O02259,C0226,P0009,2025-04-06,1,5
O02697,C0379,P0097,2025-04-07,3,10
O00589,C0095,P0075,2025-04-07,4,20
O02605,C0357,P0084,2025-04-07,5,5
O00842,C0220,P0002,2025-04-08,4,5
O01453,C0333,P0016,2025-04-09,4,20
O01885,C0232,P0042,2025-04-09,1,20
O02306,C0321,P0083,2025-04-09,1,5
O00977,C0383,P0026,2025-04-09,3,10
O00939,C0198,P0013,2025-04-09,1,25
O00166,C0475,P0066,2025-04-09,1,25
O00790,C0365,P0078,2025-04-09,5,15
O00813,C0126,P0042,2025-04-10,4,10
O02548,C0084,P0039,2025-04-10,1,25
O00890,C0492,P0062,2025-04-10,2,20
O01267,C0422,P0018,2025-04-10,3,15
O01174,C0156,P0036,2025-04-10,5,0
O01037,C0432,P0099,2025-04-11,5,5
O02909,C0438,P0014,2025-04-11,4,15
O01859,C0152,P0030,2025-04-11,3,0
O01220,C0091,P0069,2025-04-11,5,20
O00193,C0166,P0033,2025-04-11,2,5
O00180,C0419,P0073,2025-04-11,2,5
O01139,C0218,P0090,2025-04-11,3,15
O02229,C0126,P0095,2025-04-11,2,5
O00785,C0254,P0072,2025-04-11,3,10
O02086,C0281,P0059,2025-04-12,3,0
O00594,C0044,P0020,2025-04-12,5,10
O00831,C0084,P0072,2025-04-12,5,10
O00704,C0229,P0095,2025-04-13,4,5
O01416,C0136,P0087,2025-04-13,5,5
O01490,C0450,P0027,2025-04-13,5,10
O01273,C0286,P0069,2025-04-13,5,25
O00735,C0192,P0080,2025-04-13,1,25
O00391,C0413,P0094,2025-04-13,4,10
O02189,C0024,P0100,2025-04-13,3,15
O01138,C0248,P0005,2025-04-13,2,20
O01341,C0438,P0036,2025-04-14,4,20
O01989,C0053,P0015,2025-04-14,5,15
O02209,C0283,P0034,2025-04-14,5,10
O01063,C0380,P0051,2025-04-14,3,20
O01857,C0194,P0004,2025-04-14,1,25
O01945,C0215,P0087,2025-04-14,1,20
O02831,C0489,P0077,2025-04-14,5,20
O00942,C0330,P0032,2025-04-14,1,0
O01523,C0051,P0089,2025-04-14,2,10
O01324,C0417,P0002,2025-04-15,3,15
O02219,C0391,P0096,2025-04-15,5,20
O00178,C0311,P0036,2025-04-15,3,15
O01869,C0264,P0071,2025-04-15,2,25
O00199,C0490,P0040,2025-04-15,4,15
O01795,C0446,P0053,2025-04-15,4,15
O00711,C0254,P0022,2025-04-15,3,20
O01969,C0031,P0067,2025-04-15,1,20
O01783,C0304,P0030,2025-04-16,1,25
O01862,C0286,P0066,2025-04-16,5,5
O00806,C0074,P0031,2025-04-16,1,20
O02023,C0294,P0018,2025-04-16,5,10
O00871,C0178,P0052,2025-04-16,4,0
O02632,C0306,P0093,2025-04-16,2,5
O00005,C0483,P0042,2025-04-16,2,15
O00929,C0442,P0066,2025-04-16,5,5
O01912,C0398,P0059,2025-04-16,5,10
O01703,C0343,P0042,2025-04-16,2,10
O00917,C0196,P0088,2025-04-16,5,5
O02953,C0356,P0100,2025-04-17,4,0
O02270,C0393,P0073,2025-04-17,1,15
O02858,C0338,P0056,2025-04-17,5,20
O00501,C0190,P0061,2025-04-17,2,20
O01541,C0258,P0036,2025-04-18,5,10
O00438,C0008,P0071,2025-04-18,5,5
O00117,C0055,P0025,2025-04-18,3,0
O00763,C0047,P0095,2025-04-19,2,5
O02328,C0248,P0089,2025-04-19,3,5
O01156,C0150,P0035,2025-04-19,3,15
O02236,C0461,P0026,2025-04-19,5,15
O00386,C0232,P0062,2025-04-19,4,25
O00333,C0092,P0044,2025-04-19,2,25
O01458,C0168,P0001,2025-04-19,2,0
O02676,C0111,P0022,2025-04-20,5,15
O01872,C0488,P0090,2025-04-20,5,15
O02009,C0127,P0041,2025-04-20,1,15
O01790,C0250,P0045,2025-04-20,2,20
O00064,C0379,P0061,2025-04-20,3,25
O02303,C0412,P0084,2025-04-21,3,5
O02103,C0303,P0022,2025-04-21,4,10
O00598,C0421,P0090,2025-04-21,4,0
O01963,C0403,P0006,2025-04-22,4,5
O00835,C0213,P0059,2025-04-22,3,25
O00106,C0453,P0083,2025-04-22,4,25
O02588,C0471,P0065,2025-04-22,4,5
O01288,C0041,P0099,2025-04-22,4,25
O00026,C0254,P0058,2025-04-22,3,25
O00756,C0301,P0081,2025-04-22,4,5
O02455,C0101,P0098,2025-04-22,4,20
O01534,C0002,P0048,2025-04-23,4,10
O01379,C0087,P0036,2025-04-23,5,25
O02606,C0313,P0029,2025-04-23,1,5
O01528,C0028,P0076,2025-04-23,4,0
O01662,C0125,P0065,2025-04-23,4,15
O00618,C0186,P0051,2025-04-24,1,25
O01475,C0453,P0053,2025-04-24,1,25
O00849,C0394,P0094,2025-04-24,1,25
O02315,C0047,P0015,2025-04-24,2,20
O02964,C0305,P0006,2025-04-24,4,20
O00241,C0390,P0025,2025-04-24,3,25
O00816,C0498,P0077,2025-04-24,5,5
O01921,C0123,P0022,2025-04-24,2,10
O01932,C0358,P0014,2025-04-25,1,10
O01028,C0297,P0005,2025-04-25,3,5
O01304,C0477,P0076,2025-04-25,5,0
O02464,C0228,P0008,2025-04-25,3,20
O00898,C0082,P0017,2025-04-25,4,25
O02630,C0343,P0052,2025-04-25,5,0
O01383,C0153,P0016,2025-04-25,4,25
O00728,C0076,P0040,2025-04-25,1,20
O01256,C0063,P0084,2025-04-26,5,15
O00523,C0271,P0084,2025-04-26,1,25
O01496,C0082,P0060,2025-04-26,1,5
O00924,C0152,P0017,2025-04-27,1,25
O00269,C0160,P0048,2025-04-27,1,25
O00521,C0011,P0004,2025-04-27,1,5
O00709,C0388,P0098,2025-04-27,4,25
O02463,C0010,P0014,2025-04-27,1,20
O01641,C0434,P0091,2025-04-28,1,5
O02267,C0004,P0012,2025-04-28,3,25
O01531,C0454,P0010,2025-04-28,3,20
O01197,C0313,P0024,2025-04-28,4,25
O01405,C0237,P0070,2025-04-28,5,5
O00346,C0230,P0095,2025-04-28,3,25
O01262,C0275,P0060,2025-04-28,3,15
O01311,C0267,P0099,2025-04-29,1,10
O01459,C0108,P0011,2025-04-29,3,10
O00447,C0483,P0048,2025-04-29,4,15
O02597,C0181,P0055,2025-04-30,4,20
O00512,C0269,P0028,2025-04-30,3,15
O00053,C0109,P0060,2025-04-30,1,0
O02960,C0369,P0071,2025-05-01,2,25
O00008,C0161,P0040,2025-05-01,4,0
O01384,C0210,P0018,2025-05-01,4,10
O02610,C0103,P0065,2025-05-01,2,25
O01145,C0034,P0018,2025-05-01,4,15
O00965,C0138,P0009,2025-05-01,4,25
O02108,C0227,P0045,2025-05-02,4,20
O02468,C0247,P0081,2025-05-02,5,0
O02564,C0324,P0040,2025-05-02,2,0
O00439,C0333,P0077,2025-05-02,5,25
O02286,C0492,P0095,2025-05-02,4,0
O02764,C0453,P0081,2025-05-03,4,20
O02298,C0456,P0067,2025-05-03,2,5
O02706,C0081,P0002,2025-05-03,3,0
O00600,C0353,P0081,2025-05-03,1,10
O02510,C0315,P0086,2025-05-03,3,10
O00634,C0473,P0042,2025-05-03,4,25
O00795,C0035,P0059,2025-05-03,4,20
O01887,C0389,P0074,2025-05-03,2,15
O01191,C0303,P0028,2025-05-03,4,15
O02346,C0446,P0025,2025-05-04,2,15
O02849,C0215,P0003,2025-05-04,1,15
O00694,C0429,P0040,2025-05-05,3,10
O01809,C0219,P0007,2025-05-05,2,5
O02772,C0446,P0015,2025-05-05,1,15
O01697,C0397,P0053,2025-05-05,4,20
O00609,C0295,P0059,2025-05-06,2,20
O00882,C0148,P0015,2025-05-06,5,25
O02140,C0292,P0040,2025-05-06,2,15
O02505,C0365,P0066,2025-05-06,4,0
O01620,C0479,P0017,2025-05-07,5,25
O00310,C0103,P0062,2025-05-07,2,20
O01340,C0332,P0081,2025-05-07,4,15
O01991,C0335,P0098,2025-05-08,5,25
O01716,C0492,P0012,2025-05-08,4,15
O01536,C0166,P0039,2025-05-08,2,5
O00282,C0266,P0045,2025-05-08,3,25
O00570,C0224,P0012,2025-05-08,5,20
O01947,C0120,P0042,2025-05-08,3,20
O01594,C0100,P0070,2025-05-08,2,0
O01567,C0420,P0045,2025-05-09,1,0
O00039,C0425,P0063,2025-05-09,3,25
O00967,C0192,P0056,2025-05-09,3,5
O00692,C0188,P0064,2025-05-09,3,5
O02537,C0199,P0080,2025-05-09,1,10
O00868,C0441,P0030,2025-05-10,5,10
O01909,C0355,P0037,2025-05-10,2,10
O01432,C0233,P0094,2025-05-10,1,25
O01897,C0104,P0062,2025-05-10,3,5
O01034,C0393,P0018,2025-05-10,3,10
O00973,C0391,P0034,2025-05-10,3,10
O01784,C0108,P0092,2025-05-10,4,20
O01182,C0456,P0040,2025-05-10,2,5
O02804,C0464,P0040,2025-05-11,2,20
O02085,C0431,P0060,2025-05-11,4,10
O02254,C0195,P0061,2025-05-11,4,10
O00954,C0435,P0048,2025-05-11,3,5
O01899,C0265,P0002,2025-05-12,3,15
O00217,C0206,P0088,2025-05-12,3,15
O01972,C0023,P0084,2025-05-12,1,10
O02609,C0391,P0098,2025-05-12,5,10
O00009,C0119,P0039,2025-05-12,4,5
O00964,C0059,P0027,2025-05-13,1,5
O02096,C0401,P0099,2025-05-13,2,20
O02077,C0013,P0023,2025-05-13,4,5
O00919,C0490,P0021,2025-05-13,5,20
O01880,C0037,P0086,2025-05-13,5,15
O00432,C0069,P0048,2025-05-13,1,0
O01735,C0273,P0065,2025-05-13,4,10
O01510,C0423,P0042,2025-05-13,2,20
O00547,C0405,P0022,2025-05-13,4,15
O01692,C0068,P0060,2025-05-14,5,0
O02512,C0041,P0034,2025-05-14,2,0
O01132,C0476,P0049,2025-05-14,2,10
O00429,C0344,P0060,2025-05-15,2,25
O00038,C0167,P0059,2025-05-15,1,25
O02999,C0410,P0038,2025-05-15,4,10
O02217,C0421,P0021,2025-05-15,4,0
O01468,C0240,P0097,2025-05-16,4,25
O01367,C0429,P0019,2025-05-16,5,15
O01997,C0059,P0010,2025-05-16,3,15
O02716,C0308,P0035,2025-05-16,5,20
O01350,C0093,P0047,2025-05-17,4,20
O01163,C0347,P0032,2025-05-17,2,20
O02862,C0057,P0055,2025-05-17,2,0
O00468,C0261,P0021,2025-05-18,5,25
O02756,C0339,P0056,2025-05-18,1,0
O01727,C0125,P0098,2025-05-18,1,15
O01974,C0446,P0004,2025-05-18,2,20
O01566,C0146,P0036,2025-05-18,1,0
O02911,C0108,P0049,2025-05-18,5,25
O01867,C0019,P0090,2025-05-18,2,20
O01772,C0465,P0057,2025-05-18,5,10
O00089,C0326,P0001,2025-05-19,4,5
O01193,C0143,P0066,2025-05-19,4,10
O02374,C0169,P0059,2025-05-19,5,10
O02005,C0290,P0081,2025-05-19,2,20
O01925,C0424,P0042,2025-05-19,3,0
O01625,C0369,P0087,2025-05-19,1,15
O02427,C0084,P0050,2025-05-19,2,10
O00980,C0372,P0010,2025-05-19,3,20
O01441,C0307,P0053,2025-05-20,2,25
O00431,C0467,P0050,2025-05-20,2,0
O00798,C0499,P0059,2025-05-20,5,0
O00102,C0150,P0071,2025-05-20,3,5
O01711,C0250,P0020,2025-05-21,4,10
O02372,C0492,P0056,2025-05-21,2,15
O02910,C0148,P0030,2025-05-21,1,15
O00489,C0434,P0069,2025-05-21,4,5
O01214,C0225,P0039,2025-05-21,5,20
O01664,C0245,P0053,2025-05-21,3,10
O01433,C0265,P0031,2025-05-21,3,20
O00859,C0329,P0083,2025-05-21,5,20
O02033,C0377,P0009,2025-05-22,4,5
O02575,C0447,P0009,2025-05-22,2,5
O00818,C0129,P0054,2025-05-23,3,5
O02036,C0156,P0092,2025-05-23,2,5
O00141,C0286,P0039,2025-05-23,3,20
O02822,C0334,P0014,2025-05-23,4,5
O02577,C0164,P0076,2025-05-24,2,25
O00152,C0460,P0030,2025-05-24,2,20
O02734,C0032,P0001,2025-05-24,2,25
O01650,C0260,P0039,2025-05-24,5,0
O01956,C0321,P0003,2025-05-24,4,0
O02935,C0258,P0084,2025-05-24,4,25
O02157,C0227,P0077,2025-05-24,5,25
O02978,C0176,P0053,2025-05-24,3,15
O00925,C0061,P0006,2025-05-24,1,15
O02415,C0362,P0047,2025-05-25,1,25
O01478,C0347,P0024,2025-05-25,5,5
O00290,C0056,P0093,2025-05-25,4,25
O00253,C0173,P0078,2025-05-25,2,10
O01938,C0184,P0049,2025-05-25,2,10
O00392,C0422,P0061,2025-05-26,1,5
O01797,C0407,P0038,2025-05-26,3,5
O02997,C0073,P0010,2025-05-26,2,5
O01712,C0497,P0056,2025-05-26,3,15
O01086,C0269,P0089,2025-05-26,4,10
O02724,C0175,P0041,2025-05-26,2,0
O00368,C0465,P0094,2025-05-26,3,20
O02308,C0175,P0059,2025-05-26,4,5
O00297,C0149,P0064,2025-05-27,4,5
O00579,C0285,P0094,2025-05-27,2,5
O01318,C0325,P0048,2025-05-27,4,5
O02819,C0005,P0082,2025-05-27,4,20
O01922,C0358,P0066,2025-05-27,5,25
O02153,C0356,P0021,2025-05-27,5,10
O02467,C0248,P0002,2025-05-27,2,15
O02573,C0283,P0090,2025-05-27,1,10
O02429,C0242,P0079,2025-05-28,1,15
O01742,C0152,P0011,2025-05-28,3,20
O02129,C0481,P0079,2025-05-28,3,10
O01002,C0248,P0087,2025-05-29,2,10
O01210,C0333,P0074,2025-05-29,3,0
O02285,C0090,P0069,2025-05-29,5,20
O01648,C0075,P0096,2025-05-29,3,20
O01744,C0275,P0068,2025-05-29,1,20
O00642,C0066,P0058,2025-05-29,5,10
O00216,C0466,P0039,2025-05-30,2,10
O00419,C0290,P0001,2025-05-30,1,10
O00936,C0098,P0043,2025-05-30,1,15
O01796,C0216,P0064,2025-05-30,5,10
O01213,C0115,P0093,2025-05-31,1,15
O00250,C0025,P0041,2025-05-31,2,25
O00124,C0468,P0055,2025-05-31,5,25
O01669,C0125,P0084,2025-06-01,1,5
O02039,C0065,P0046,2025-06-01,5,0
O01360,C0311,P0029,2025-06-01,2,25
O02170,C0013,P0075,2025-06-01,1,15
O00477,C0480,P0078,2025-06-01,2,20
O01636,C0321,P0095,2025-06-02,5,15
O01619,C0495,P0099,2025-06-02,3,5
O01098,C0131,P0079,2025-06-02,4,10
O00329,C0256,P0081,2025-06-02,1,10
O01944,C0392,P0069,2025-06-02,3,10
O02667,C0465,P0071,2025-06-03,1,25
O00577,C0022,P0056,2025-06-03,1,20
O02796,C0375,P0062,2025-06-03,3,5
O01930,C0380,P0016,2025-06-03,1,25
O01343,C0174,P0008,2025-06-04,3,25
O02943,C0309,P0066,2025-06-04,3,0
O00644,C0112,P0020,2025-06-04,1,25
O01689,C0224,P0043,2025-06-04,3,0
O00316,C0308,P0061,2025-06-05,4,15
O01967,C0281,P0093,2025-06-05,4,10
O01235,C0281,P0084,2025-06-05,3,15
O02290,C0026,P0020,2025-06-05,5,20
O01674,C0035,P0033,2025-06-05,3,20
O02364,C0209,P0038,2025-06-06,3,5
O00820,C0313,P0097,2025-06-06,5,0
O02069,C0120,P0014,2025-06-06,1,25
O02800,C0083,P0081,2025-06-06,2,10
O02398,C0260,P0087,2025-06-07,1,5
O01019,C0403,P0097,2025-06-07,3,0
O01537,C0387,P0060,2025-06-07,2,10
O02225,C0442,P0018,2025-06-07,3,25
O01237,C0344,P0063,2025-06-07,2,0
O02105,C0146,P0028,2025-06-07,4,10
O01104,C0154,P0008,2025-06-07,2,20
O00410,C0010,P0023,2025-06-07,2,20
O02040,C0107,P0098,2025-06-07,3,15
O01950,C0027,P0059,2025-06-08,5,20
O00674,C0381,P0026,2025-06-08,4,5
O00420,C0264,P0037,2025-06-08,5,25
O02732,C0271,P0043,2025-06-09,4,10
O02448,C0360,P0013,2025-06-09,3,20
O02963,C0007,P0019,2025-06-09,5,0
O02616,C0384,P0014,2025-06-10,4,10
O01064,C0176,P0030,2025-06-10,1,15
O00094,C0102,P0001,2025-06-10,5,25
O01524,C0118,P0066,2025-06-10,5,25
O01374,C0347,P0029,2025-06-10,3,15
O01644,C0376,P0001,2025-06-10,2,10
O00745,C0146,P0048,2025-06-10,5,15
O00524,C0273,P0038,2025-06-11,2,25
O01839,C0189,P0078,2025-06-11,3,10
O01521,C0398,P0032,2025-06-11,5,5
O00398,C0105,P0021,2025-06-11,1,10
O00874,C0007,P0001,2025-06-11,1,0
O00559,C0149,P0081,2025-06-12,4,5
O02806,C0124,P0075,2025-06-12,4,20
O01765,C0246,P0011,2025-06-12,4,20
O01497,C0485,P0054,2025-06-12,2,15
O02258,C0098,P0063,2025-06-12,4,10
O00093,C0258,P0038,2025-06-13,3,15
O02825,C0376,P0095,2025-06-13,3,20
O00597,C0171,P0040,2025-06-13,5,25
O01850,C0394,P0017,2025-06-13,5,15
O01399,C0241,P0052,2025-06-13,5,20
O02879,C0468,P0025,2025-06-13,4,5
O02516,C0193,P0097,2025-06-13,3,0
O00252,C0068,P0071,2025-06-14,3,25
O02357,C0093,P0024,2025-06-14,5,15
O01617,C0419,P0097,2025-06-14,1,0
O02842,C0141,P0026,2025-06-14,5,5
O01767,C0246,P0054,2025-06-14,4,5
O01808,C0462,P0057,2025-06-14,4,10
O01923,C0016,P0044,2025-06-15,5,10
O01188,C0004,P0004,2025-06-15,5,10
O00539,C0468,P0044,2025-06-15,2,15
O00548,C0483,P0083,2025-06-15,4,25
O02684,C0191,P0018,2025-06-15,5,20
O02478,C0323,P0035,2025-06-15,4,25
O02966,C0164,P0027,2025-06-15,2,10
O00990,C0270,P0035,2025-06-15,1,15
O01483,C0431,P0040,2025-06-15,2,10
O00412,C0314,P0088,2025-06-16,2,15
O00909,C0341,P0050,2025-06-16,1,15
O01799,C0411,P0087,2025-06-16,1,20
O02110,C0361,P0072,2025-06-16,1,10
O02647,C0228,P0092,2025-06-16,5,10
O02359,C0428,P0026,2025-06-16,3,15
O00209,C0399,P0048,2025-06-16,2,15
O01793,C0075,P0051,2025-06-17,1,10
O02238,C0228,P0081,2025-06-17,3,15
O00227,C0289,P0058,2025-06-17,1,10
O00481,C0223,P0100,2025-06-17,3,25
O02980,C0145,P0009,2025-06-18,3,15
O01845,C0349,P0047,2025-06-18,3,15
O00001,C0242,P0092,2025-06-18,3,5
O02319,C0242,P0055,2025-06-18,4,25
O01082,C0109,P0056,2025-06-18,3,10
O00133,C0118,P0039,2025-06-18,5,25
O02738,C0402,P0096,2025-06-18,4,25
O00910,C0384,P0037,2025-06-18,1,10
O01708,C0416,P0077,2025-06-19,3,0
O02883,C0177,P0058,2025-06-19,5,0
O02424,C0039,P0024,2025-06-19,2,5
O02488,C0346,P0039,2025-06-19,1,20
O00212,C0066,P0049,2025-06-19,1,10
O00809,C0356,P0022,2025-06-20,2,5
O02766,C0336,P0059,2025-06-20,1,5
O00497,C0169,P0019,2025-06-20,1,20
O01206,C0039,P0057,2025-06-20,4,15
O02560,C0046,P0067,2025-06-20,1,20
O02526,C0139,P0027,2025-06-20,4,25
O00296,C0099,P0078,2025-06-20,3,10
O00865,C0338,P0053,2025-06-21,2,0
O00825,C0174,P0024,2025-06-21,5,0
O01073,C0032,P0064,2025-06-21,3,20
O02166,C0303,P0025,2025-06-21,5,10
O00975,C0020,P0024,2025-06-22,3,0
O02673,C0324,P0081,2025-06-22,3,5
O01307,C0432,P0054,2025-06-22,2,25
O02748,C0270,P0081,2025-06-22,3,20
O00517,C0288,P0051,2025-06-22,4,15
O00982,C0143,P0067,2025-06-23,5,10
O00647,C0500,P0010,2025-06-23,2,0
O01027,C0476,P0088,2025-06-23,2,5
O02885,C0071,P0029,2025-06-23,5,25
O02967,C0083,P0053,2025-06-24,4,25
O02938,C0065,P0046,2025-06-24,3,25
O00746,C0319,P0018,2025-06-25,5,5
O00787,C0493,P0062,2025-06-25,4,5
O02083,C0273,P0092,2025-06-25,2,20
O01700,C0342,P0083,2025-06-25,3,5
O02553,C0221,P0018,2025-06-25,4,5
O01824,C0337,P0001,2025-06-25,5,15
O01545,C0419,P0031,2025-06-26,2,5
O01677,C0196,P0035,2025-06-26,2,25
O02053,C0177,P0020,2025-06-26,4,15
O01395,C0449,P0062,2025-06-26,4,20
O00088,C0342,P0079,2025-06-26,1,0
O01928,C0162,P0085,2025-06-27,5,25
O00433,C0416,P0006,2025-06-27,1,15
O00737,C0432,P0063,2025-06-27,1,20
O02421,C0094,P0031,2025-06-27,1,20
O00135,C0468,P0097,2025-06-27,3,0
O02495,C0468,P0069,2025-06-27,5,0
O02763,C0193,P0028,2025-06-27,4,5
O01941,C0290,P0045,2025-06-28,5,25
O00452,C0277,P0061,2025-06-28,5,0
O00407,C0048,P0079,2025-06-28,1,0
O02872,C0325,P0016,2025-06-28,1,10
O00582,C0258,P0066,2025-06-28,4,0
O02256,C0489,P0008,2025-06-29,5,0
O00494,C0324,P0068,2025-06-29,4,5
O00065,C0070,P0058,2025-06-29,1,20
O00069,C0269,P0037,2025-06-29,2,0
O01407,C0312,P0057,2025-06-29,4,5
O00770,C0075,P0032,2025-06-30,4,0
O01555,C0049,P0021,2025-06-30,2,0
O02450,C0055,P0034,2025-06-30,2,10
O00565,C0360,P0050,2025-06-30,3,15
O00175,C0154,P0042,2025-06-30,1,5
O00766,C0198,P0039,2025-06-30,5,0
O01484,C0215,P0050,2025-06-30,3,15
O01167,C0381,P0061,2025-07-01,5,5
O01147,C0307,P0017,2025-07-01,3,25
O01500,C0412,P0038,2025-07-01,5,15
O00110,C0303,P0001,2025-07-01,5,15
O00581,C0466,P0077,2025-07-01,3,10
O00185,C0316,P0047,2025-07-01,2,25
O01336,C0301,P0013,2025-07-02,5,5
O02171,C0165,P0038,2025-07-02,2,20
O02518,C0278,P0071,2025-07-02,2,15
O02856,C0029,P0076,2025-07-02,5,0
O00522,C0010,P0042,2025-07-03,5,0
O01715,C0383,P0051,2025-07-03,5,25
O00334,C0470,P0029,2025-07-03,1,10
O02535,C0109,P0070,2025-07-03,5,15
O02688,C0081,P0023,2025-07-03,5,10
O01990,C0408,P0071,2025-07-05,5,5
O00091,C0215,P0003,2025-07-05,4,25
O00934,C0177,P0090,2025-07-05,3,0
O00952,C0144,P0042,2025-07-05,1,0
O02540,C0154,P0088,2025-07-05,5,20
O01102,C0404,P0099,2025-07-05,1,15
O01690,C0496,P0013,2025-07-05,4,20
O02279,C0288,P0085,2025-07-05,4,25
O02349,C0202,P0018,2025-07-06,4,20
O00573,C0086,P0094,2025-07-06,3,5
O01773,C0184,P0026,2025-07-06,5,15
O02196,C0346,P0098,2025-07-06,3,0
O01159,C0108,P0019,2025-07-06,2,25
O02368,C0050,P0090,2025-07-06,3,0
O00126,C0144,P0032,2025-07-07,1,25
O00754,C0313,P0062,2025-07-07,4,0
O02895,C0074,P0090,2025-07-07,2,0
O02859,C0319,P0063,2025-07-07,2,20
O00781,C0461,P0080,2025-07-07,5,25
O00885,C0432,P0078,2025-07-07,4,5
O01865,C0303,P0036,2025-07-07,3,20
O00613,C0128,P0053,2025-07-07,2,15
O00567,C0135,P0059,2025-07-08,3,15
O00615,C0111,P0088,2025-07-08,5,5
O02481,C0117,P0043,2025-07-08,5,5
O00153,C0038,P0057,2025-07-08,3,15
O02876,C0453,P0062,2025-07-08,1,20
O02549,C0399,P0061,2025-07-08,3,15
O02310,C0102,P0083,2025-07-08,5,5
O01280,C0142,P0025,2025-07-09,4,0
O01840,C0287,P0018,2025-07-10,4,20
O01316,C0255,P0057,2025-07-10,5,10
O02120,C0386,P0064,2025-07-10,1,0
O02954,C0098,P0022,2025-07-10,2,0
O02691,C0088,P0077,2025-07-11,2,10
O02269,C0104,P0074,2025-07-11,2,20
O02191,C0171,P0045,2025-07-11,2,20
O01515,C0202,P0057,2025-07-11,5,25
O01811,C0092,P0091,2025-07-11,2,15
O01415,C0190,P0020,2025-07-11,2,20
O00987,C0214,P0027,2025-07-11,1,25
O01704,C0435,P0090,2025-07-12,3,15
O01621,C0475,P0092,2025-07-12,2,5
O00285,C0382,P0077,2025-07-12,4,10
O00322,C0231,P0073,2025-07-12,3,10
O00417,C0203,P0028,2025-07-13,2,15
O02192,C0409,P0049,2025-07-13,2,15
O00090,C0130,P0055,2025-07-13,5,25
O02809,C0012,P0018,2025-07-14,4,15
O00994,C0168,P0026,2025-07-14,5,25
O02492,C0173,P0081,2025-07-14,2,20
O01393,C0380,P0013,2025-07-14,3,5
O00363,C0338,P0059,2025-07-15,5,25
O00365,C0173,P0040,2025-07-15,3,25
O01601,C0156,P0071,2025-07-15,1,15
O00441,C0087,P0002,2025-07-15,4,25
O02124,C0166,P0096,2025-07-15,1,10
O01382,C0214,P0096,2025-07-16,1,20
O00010,C0149,P0023,2025-07-16,1,15
O02753,C0216,P0051,2025-07-16,1,0
O01291,C0476,P0010,2025-07-16,1,5
O02611,C0422,P0031,2025-07-16,1,10
O00167,C0249,P0006,2025-07-16,4,20
O00336,C0455,P0071,2025-07-17,2,0
O01140,C0190,P0020,2025-07-17,4,25
O02378,C0252,P0096,2025-07-17,4,15
O00884,C0143,P0097,2025-07-17,1,5
O01007,C0097,P0001,2025-07-17,2,10
O01723,C0385,P0042,2025-07-17,4,0
O00650,C0234,P0015,2025-07-18,3,25
O02322,C0370,P0083,2025-07-18,3,15
O01354,C0307,P0016,2025-07-18,5,25
O00220,C0256,P0071,2025-07-18,5,20
O02063,C0218,P0055,2025-07-18,2,10
O02618,C0342,P0089,2025-07-19,5,5
O00405,C0130,P0053,2025-07-19,4,10
O00653,C0054,P0037,2025-07-19,3,15
O00179,C0262,P0034,2025-07-19,4,5
O01561,C0294,P0034,2025-07-19,3,0
O01065,C0107,P0011,2025-07-19,4,20
O02792,C0328,P0088,2025-07-19,1,5
O01931,C0144,P0095,2025-07-20,5,25
O02760,C0433,P0015,2025-07-20,4,10
O01827,C0225,P0050,2025-07-20,4,25
O00340,C0183,P0006,2025-07-20,5,0
O01661,C0315,P0067,2025-07-21,3,25
O02996,C0379,P0014,2025-07-21,4,10
O01820,C0329,P0004,2025-07-21,3,0
O01116,C0211,P0006,2025-07-21,5,15
O01682,C0077,P0020,2025-07-21,3,25
O02497,C0091,P0064,2025-07-22,5,10
O01726,C0280,P0038,2025-07-22,5,5
O01681,C0285,P0084,2025-07-22,3,5
O02331,C0434,P0072,2025-07-22,3,20
O02641,C0185,P0016,2025-07-22,3,10
O00591,C0499,P0040,2025-07-22,4,15
O00702,C0003,P0065,2025-07-23,3,5
O00850,C0336,P0082,2025-07-23,4,15
O01465,C0109,P0012,2025-07-23,2,10
O02436,C0074,P0008,2025-07-23,1,25
O00416,C0284,P0033,2025-07-23,5,10
O01552,C0357,P0028,2025-07-23,3,10
O02210,C0181,P0080,2025-07-23,3,0
O00122,C0396,P0088,2025-07-23,2,5
O02709,C0169,P0080,2025-07-23,3,10
O00362,C0181,P0008,2025-07-23,2,15
O02016,C0479,P0025,2025-07-24,4,25
O02489,C0206,P0098,2025-07-24,1,5
O02379,C0048,P0086,2025-07-24,5,15
O01380,C0422,P0002,2025-07-24,4,5
O01057,C0417,P0069,2025-07-24,1,25
O00260,C0141,P0015,2025-07-25,2,5
O01259,C0124,P0077,2025-07-25,5,0
O00249,C0452,P0080,2025-07-26,4,10
O00726,C0152,P0032,2025-07-26,5,0
O00204,C0336,P0098,2025-07-26,5,15
O02360,C0493,P0098,2025-07-26,1,10
O02787,C0376,P0045,2025-07-26,1,20
O02165,C0044,P0066,2025-07-26,5,20
O01479,C0174,P0004,2025-07-27,4,15
O01758,C0117,P0054,2025-07-27,4,15
O01855,C0464,P0048,2025-07-27,4,5
O02345,C0086,P0036,2025-07-27,3,10
O02783,C0452,P0048,2025-07-27,1,0
O02705,C0313,P0061,2025-07-27,1,5
O00640,C0219,P0050,2025-07-27,3,0
O01081,C0063,P0085,2025-07-27,5,0
O02148,C0028,P0006,2025-07-28,3,15
O01574,C0122,P0056,2025-07-28,1,10
O02118,C0100,P0006,2025-07-28,3,15
O00374,C0405,P0079,2025-07-28,5,15
O00708,C0500,P0056,2025-07-28,2,0
O02206,C0092,P0042,2025-07-29,2,10
O01992,C0022,P0041,2025-07-29,5,20
O02276,C0434,P0023,2025-07-29,2,15
O00608,C0030,P0045,2025-07-29,3,0
O00960,C0495,P0088,2025-07-29,4,15
O00097,C0354,P0029,2025-07-29,3,5
O01503,C0113,P0096,2025-07-29,3,25
O02794,C0206,P0002,2025-07-29,1,25
O00370,C0497,P0076,2025-07-29,2,5
O01305,C0062,P0042,2025-07-29,4,15
O00381,C0034,P0090,2025-07-30,3,15
O00344,C0405,P0016,2025-07-30,1,20
O00904,C0472,P0040,2025-07-30,1,10
O00794,C0426,P0003,2025-07-30,3,15
O01807,C0437,P0010,2025-07-30,3,20
O02287,C0199,P0089,2025-07-30,4,20
O02323,C0005,P0100,2025-07-30,3,10
O02917,C0414,P0078,2025-07-30,5,15
O01208,C0355,P0099,2025-07-30,5,20
O00025,C0441,P0062,2025-07-31,3,15
O01532,C0155,P0096,2025-07-31,4,20
O00707,C0055,P0053,2025-07-31,3,0
O01067,C0260,P0076,2025-07-31,2,25
O02013,C0049,P0006,2025-08-01,4,0
O01553,C0213,P0084,2025-08-01,3,10
O00076,C0027,P0011,2025-08-01,5,0
O01320,C0276,P0076,2025-08-01,3,15
O01741,C0249,P0007,2025-08-01,3,10
O02561,C0412,P0071,2025-08-01,1,10
O02784,C0428,P0043,2025-08-01,3,0
O01226,C0100,P0023,2025-08-02,5,10
O01812,C0435,P0052,2025-08-02,5,25
O01187,C0067,P0062,2025-08-02,5,5
O01248,C0426,P0083,2025-08-02,3,10
O02741,C0043,P0071,2025-08-02,2,5
O00540,C0213,P0005,2025-08-02,4,10
O00459,C0436,P0091,2025-08-02,1,20
O01080,C0129,P0058,2025-08-02,2,0
O00239,C0483,P0026,2025-08-02,4,5
O00007,C0226,P0084,2025-08-02,2,5
O02440,C0156,P0047,2025-08-02,2,20
O01018,C0427,P0062,2025-08-03,2,15
O01835,C0325,P0050,2025-08-03,1,10
O02190,C0029,P0025,2025-08-03,5,15
O01904,C0260,P0003,2025-08-03,3,20
O00191,C0049,P0009,2025-08-03,4,5
O00989,C0092,P0015,2025-08-03,5,5
O00221,C0266,P0013,2025-08-03,3,0
O00738,C0173,P0076,2025-08-03,3,15
O00715,C0082,P0018,2025-08-04,5,20
O01066,C0101,P0092,2025-08-04,1,5
O00682,C0230,P0087,2025-08-04,2,10
O00930,C0043,P0038,2025-08-04,2,5
O02517,C0401,P0018,2025-08-04,5,20
O01687,C0401,P0091,2025-08-04,4,0
O00037,C0125,P0036,2025-08-04,2,10
O02353,C0222,P0025,2025-08-05,1,10
O00427,C0444,P0079,2025-08-05,5,5
O02947,C0435,P0083,2025-08-05,4,5
O00648,C0420,P0032,2025-08-05,2,5
O01396,C0441,P0093,2025-08-05,3,10
O01401,C0424,P0036,2025-08-06,3,25
O01120,C0395,P0061,2025-08-06,2,10
O02623,C0038,P0056,2025-08-06,2,5
O02631,C0314,P0085,2025-08-06,4,15
O00626,C0388,P0095,2025-08-06,5,15
O02846,C0079,P0082,2025-08-06,3,0
O00092,C0172,P0078,2025-08-06,2,15
O02241,C0457,P0099,2025-08-06,5,15
O01542,C0081,P0024,2025-08-07,1,0
O01369,C0342,P0021,2025-08-07,1,10
O00307,C0097,P0091,2025-08-07,2,10
O00149,C0288,P0087,2025-08-07,2,10
O02444,C0469,P0096,2025-08-07,5,5
O01584,C0335,P0023,2025-08-08,2,0
O01029,C0164,P0070,2025-08-08,2,20
O00684,C0310,P0002,2025-08-08,4,10
O00145,C0406,P0042,2025-08-09,5,0
O01512,C0447,P0037,2025-08-09,1,0
O00184,C0342,P0039,2025-08-09,2,0
O00685,C0488,P0031,2025-08-09,5,0
O00301,C0494,P0062,2025-08-09,1,10
O02169,C0046,P0006,2025-08-09,3,5
O01328,C0324,P0027,2025-08-09,4,25
O02340,C0046,P0077,2025-08-09,4,0
O02242,C0160,P0052,2025-08-10,3,0
O01330,C0465,P0072,2025-08-10,4,0
O01122,C0431,P0054,2025-08-10,3,20
O01234,C0369,P0074,2025-08-10,5,25
O02871,C0058,P0100,2025-08-11,1,10
O02836,C0450,P0019,2025-08-11,3,20
O01998,C0471,P0080,2025-08-11,1,5
O01437,C0041,P0061,2025-08-11,3,15
O00576,C0345,P0028,2025-08-12,3,0
O02044,C0162,P0006,2025-08-12,2,10
O01492,C0478,P0066,2025-08-12,2,15
O01334,C0065,P0063,2025-08-13,2,0
O00556,C0233,P0022,2025-08-13,2,10
O02946,C0150,P0016,2025-08-13,5,20
O01577,C0364,P0033,2025-08-13,2,5
O01843,C0480,P0016,2025-08-13,5,15
O00677,C0394,P0095,2025-08-13,5,5
O02265,C0428,P0036,2025-08-13,2,0
O01498,C0147,P0030,2025-08-14,1,5
O01141,C0417,P0006,2025-08-14,1,25
O01224,C0038,P0004,2025-08-14,1,25
O02636,C0025,P0051,2025-08-14,3,5
O02384,C0446,P0029,2025-08-14,5,10
O00080,C0230,P0004,2025-08-14,5,25
O00198,C0216,P0074,2025-08-14,3,0
O00950,C0330,P0028,2025-08-14,5,25
O02751,C0247,P0063,2025-08-14,3,25
O00169,C0449,P0094,2025-08-14,5,20
O00327,C0191,P0096,2025-08-15,3,10
O01093,C0247,P0065,2025-08-15,5,10
O02565,C0378,P0070,2025-08-15,3,25
O01165,C0289,P0044,2025-08-15,4,20
O00503,C0370,P0025,2025-08-15,4,10
O02002,C0119,P0050,2025-08-16,2,0
O01546,C0235,P0057,2025-08-16,5,20
O01647,C0067,P0087,2025-08-16,1,0
O01130,C0131,P0086,2025-08-16,1,15
O02912,C0403,P0012,2025-08-16,2,25
O02205,C0104,P0001,2025-08-17,2,25
O02758,C0377,P0041,2025-08-17,1,25
O02559,C0103,P0068,2025-08-17,5,15
O00079,C0264,P0077,2025-08-17,3,5
O00796,C0302,P0076,2025-08-17,3,10
O02134,C0237,P0091,2025-08-17,2,5
O01608,C0193,P0054,2025-08-17,5,10
O00911,C0396,P0064,2025-08-17,5,10
O01587,C0023,P0059,2025-08-17,2,15
O01244,C0083,P0063,2025-08-17,1,15
O01194,C0191,P0031,2025-08-17,5,5
O02430,C0342,P0079,2025-08-18,4,5
O01720,C0359,P0078,2025-08-18,4,20
O01499,C0239,P0084,2025-08-18,3,5
O00614,C0229,P0087,2025-08-18,4,5
O02066,C0316,P0035,2025-08-18,5,0
O00628,C0483,P0020,2025-08-18,1,15
O01964,C0053,P0012,2025-08-18,3,10
O00469,C0261,P0054,2025-08-19,5,15
O00826,C0316,P0058,2025-08-19,2,25
O02725,C0109,P0023,2025-08-19,5,5
O01419,C0380,P0022,2025-08-19,5,0
O00276,C0467,P0057,2025-08-19,2,0
O01015,C0089,P0049,2025-08-19,5,0
O02990,C0409,P0011,2025-08-20,3,5
O00992,C0381,P0053,2025-08-20,2,5
O01422,C0295,P0093,2025-08-20,2,20
O00074,C0005,P0063,2025-08-20,4,5
O00070,C0049,P0079,2025-08-20,3,25
O02529,C0149,P0032,2025-08-20,5,15
O01151,C0075,P0007,2025-08-20,5,20
O02808,C0113,P0021,2025-08-20,1,20
O01424,C0245,P0034,2025-08-21,1,10
O01392,C0467,P0034,2025-08-21,2,5
O02556,C0368,P0030,2025-08-21,3,0
O02982,C0370,P0003,2025-08-21,5,25
O00943,C0341,P0081,2025-08-21,2,15
O02988,C0341,P0072,2025-08-22,3,0
O02250,C0214,P0013,2025-08-22,4,0
O01308,C0158,P0075,2025-08-22,2,0
O00845,C0439,P0030,2025-08-22,5,0
O01573,C0486,P0100,2025-08-22,4,5
O02927,C0481,P0073,2025-08-22,4,0
O01345,C0015,P0090,2025-08-23,3,0
O01364,C0260,P0047,2025-08-23,1,0
O01409,C0141,P0009,2025-08-23,5,15
O00418,C0247,P0008,2025-08-23,2,15
O02987,C0244,P0021,2025-08-23,4,10
O02952,C0278,P0064,2025-08-23,1,15
O01171,C0483,P0065,2025-08-23,5,0
O02514,C0389,P0029,2025-08-23,2,5
O01339,C0424,P0063,2025-08-24,4,5
O01335,C0008,P0012,2025-08-24,4,15
O00843,C0391,P0082,2025-08-24,5,0
O00630,C0320,P0012,2025-08-24,1,10
O01837,C0431,P0027,2025-08-24,2,5
O00033,C0146,P0010,2025-08-24,4,15
O02000,C0466,P0056,2025-08-24,2,10
O01494,C0127,P0016,2025-08-24,4,20
O01230,C0147,P0015,2025-08-25,1,20
O02449,C0322,P0001,2025-08-25,2,25
O02755,C0413,P0076,2025-08-25,2,5
O00526,C0402,P0014,2025-08-25,1,15
O00147,C0456,P0081,2025-08-25,3,10
O00330,C0483,P0099,2025-08-25,5,5
O01143,C0163,P0059,2025-08-25,4,15
O00148,C0231,P0076,2025-08-25,2,10
O01263,C0431,P0076,2025-08-25,5,20
O00323,C0178,P0058,2025-08-25,1,15
O00788,C0198,P0057,2025-08-26,2,15
O01466,C0268,P0095,2025-08-26,1,15
O02291,C0025,P0055,2025-08-26,4,15
O00312,C0273,P0009,2025-08-26,4,0
O01984,C0014,P0009,2025-08-27,1,25
O01387,C0268,P0100,2025-08-27,4,15
O01801,C0192,P0007,2025-08-27,4,20
O01815,C0260,P0053,2025-08-27,3,0
O02390,C0019,P0003,2025-08-27,1,20
O00225,C0253,P0067,2025-08-27,1,15
O00546,C0376,P0074,2025-08-27,5,5
O02311,C0216,P0062,2025-08-28,2,20
O01562,C0284,P0058,2025-08-28,2,25
O01420,C0353,P0058,2025-08-28,1,20
O02370,C0351,P0021,2025-08-28,1,15
O01448,C0192,P0060,2025-08-28,3,25
O01294,C0361,P0011,2025-08-28,4,5
O00492,C0292,P0083,2025-08-29,2,0
O02551,C0116,P0081,2025-08-29,2,20
O01527,C0039,P0073,2025-08-30,1,5
O00050,C0042,P0006,2025-08-30,3,15
O02496,C0181,P0020,2025-08-30,5,15
O01221,C0354,P0094,2025-08-31,5,0
O00782,C0107,P0022,2025-08-31,1,5
O00725,C0406,P0081,2025-08-31,3,15
O02333,C0411,P0092,2025-09-01,4,15
O01185,C0128,P0092,2025-09-01,1,20
O02273,C0312,P0002,2025-09-01,5,10
O02956,C0025,P0012,2025-09-02,3,5
O02031,C0325,P0027,2025-09-02,3,15
O00937,C0454,P0036,2025-09-03,2,15
O02082,C0011,P0055,2025-09-03,5,15
O01702,C0379,P0072,2025-09-03,1,25
O02068,C0217,P0026,2025-09-03,3,5
O00043,C0280,P0074,2025-09-03,1,25
O02056,C0056,P0066,2025-09-03,4,10
O00247,C0405,P0093,2025-09-03,1,5
O02428,C0088,P0078,2025-09-04,3,20
O00223,C0450,P0026,2025-09-04,4,25
O01016,C0379,P0086,2025-09-05,4,10
O00656,C0462,P0040,2025-09-05,5,25
O00054,C0494,P0028,2025-09-05,1,0
O02621,C0476,P0022,2025-09-05,5,10
O02596,C0254,P0057,2025-09-05,2,15
O01691,C0278,P0013,2025-09-06,1,10
O00662,C0020,P0093,2025-09-06,4,5
O02067,C0475,P0053,2025-09-06,3,5
O02878,C0474,P0049,2025-09-06,2,5
O00680,C0154,P0038,2025-09-06,5,10
O01501,C0424,P0028,2025-09-06,5,25
O00115,C0158,P0056,2025-09-07,2,0
O01293,C0002,P0075,2025-09-07,5,5
O02974,C0106,P0064,2025-09-07,5,10
O00100,C0116,P0092,2025-09-08,2,25
O00946,C0022,P0083,2025-09-08,4,20
O00211,C0163,P0048,2025-09-08,4,15
O00445,C0435,P0054,2025-09-09,3,25
O00377,C0183,P0090,2025-09-09,1,25
O01782,C0154,P0035,2025-09-10,4,15
O01406,C0340,P0079,2025-09-10,4,5
O01701,C0309,P0072,2025-09-10,1,0
O02223,C0033,P0010,2025-09-10,4,10
O01995,C0260,P0044,2025-09-10,3,0
O00030,C0291,P0082,2025-09-10,4,15
O00853,C0479,P0085,2025-09-10,4,5
O02921,C0323,P0021,2025-09-10,1,0
O02280,C0028,P0023,2025-09-10,4,10
O01718,C0300,P0095,2025-09-10,5,15
O01980,C0052,P0087,2025-09-10,4,25
O01473,C0476,P0047,2025-09-11,2,25
O02774,C0147,P0087,2025-09-11,4,5
O00125,C0003,P0046,2025-09-11,1,15
O01043,C0468,P0010,2025-09-12,4,25
O00154,C0500,P0086,2025-09-12,3,5
O00893,C0142,P0042,2025-09-12,5,10
O02880,C0425,P0010,2025-09-12,5,5
O00140,C0121,P0035,2025-09-12,5,15
O00406,C0060,P0079,2025-09-12,1,20
O02060,C0401,P0063,2025-09-12,1,0
O00201,C0462,P0065,2025-09-12,3,20
O00116,C0121,P0023,2025-09-12,5,15
O00629,C0224,P0053,2025-09-12,1,5
O00833,C0473,P0059,2025-09-12,1,20
O02976,C0288,P0069,2025-09-13,5,15
O00160,C0114,P0032,2025-09-13,2,5
O01072,C0275,P0063,2025-09-13,5,0
O02521,C0425,P0001,2025-09-14,4,0
O02408,C0245,P0081,2025-09-14,4,10
O02851,C0128,P0097,2025-09-14,1,20
O02389,C0274,P0035,2025-09-14,5,0
O02309,C0052,P0060,2025-09-14,5,25
O00635,C0010,P0094,2025-09-14,2,20
O02161,C0118,P0092,2025-09-14,4,20
O01344,C0047,P0069,2025-09-14,5,20
O02147,C0149,P0091,2025-09-14,2,5
O00077,C0160,P0058,2025-09-15,4,15
O02653,C0149,P0017,2025-09-15,1,25
O00119,C0012,P0061,2025-09-15,5,20
O02761,C0168,P0062,2025-09-15,3,25
O00352,C0376,P0086,2025-09-15,3,0
O00612,C0281,P0027,2025-09-15,4,25
O01331,C0482,P0007,2025-09-15,5,20
O01137,C0156,P0047,2025-09-16,3,25
O00637,C0384,P0019,2025-09-16,1,25
O00113,C0106,P0060,2025-09-16,2,10
O00518,C0288,P0021,2025-09-16,2,25
O00479,C0220,P0049,2025-09-16,5,25
O00741,C0183,P0083,2025-09-16,1,25
O02820,C0057,P0017,2025-09-16,5,15
O00822,C0326,P0015,2025-09-17,3,0
O01216,C0251,P0098,2025-09-17,4,5
O02769,C0013,P0036,2025-09-17,1,20
O02534,C0403,P0060,2025-09-17,5,15
O02926,C0073,P0066,2025-09-17,1,0
O01268,C0437,P0073,2025-09-18,2,10
O02321,C0241,P0049,2025-09-18,4,10
O00632,C0354,P0017,2025-09-18,5,0
O02801,C0179,P0017,2025-09-18,1,25
O01056,C0486,P0093,2025-09-18,2,15
O01560,C0408,P0014,2025-09-19,5,10
O00305,C0400,P0095,2025-09-19,2,10
O01242,C0150,P0096,2025-09-19,1,10
O00490,C0451,P0085,2025-09-19,4,0
O02781,C0148,P0074,2025-09-19,4,5
O02669,C0480,P0019,2025-09-21,4,0
O02046,C0452,P0024,2025-09-21,4,0
O00657,C0014,P0056,2025-09-21,3,5
O03000,C0403,P0034,2025-09-21,1,5
O00896,C0314,P0043,2025-09-21,5,10
O02700,C0495,P0055,2025-09-22,4,15
O02373,C0070,P0094,2025-09-22,1,25
O01903,C0384,P0018,2025-09-22,2,10
O00378,C0117,P0002,2025-09-22,1,20
O00303,C0263,P0060,2025-09-23,4,15
O02785,C0151,P0038,2025-09-23,3,25
O00052,C0167,P0039,2025-09-23,1,5
O02220,C0480,P0048,2025-09-23,2,5
O01876,C0067,P0070,2025-09-23,3,0
O02567,C0483,P0065,2025-09-24,4,5
O02958,C0284,P0094,2025-09-24,1,0
O00017,C0476,P0043,2025-09-24,3,15
O01547,C0321,P0078,2025-09-24,4,20
O01023,C0268,P0079,2025-09-24,4,5
O02680,C0357,P0054,2025-09-25,4,20
O02136,C0393,P0044,2025-09-25,4,20
O02737,C0452,P0052,2025-09-25,5,20
O01707,C0354,P0043,2025-09-25,4,20
O02048,C0338,P0094,2025-09-25,5,20
O02405,C0273,P0100,2025-09-25,5,15
O00510,C0258,P0098,2025-09-25,4,0
O02253,C0104,P0074,2025-09-26,3,10
O00465,C0051,P0035,2025-09-26,5,10
O02736,C0128,P0014,2025-09-26,5,25
O02894,C0280,P0026,2025-09-26,3,0
O00921,C0086,P0063,2025-09-26,3,5
O02168,C0074,P0041,2025-09-27,3,20
O01444,C0183,P0059,2025-09-27,3,20
O00828,C0188,P0091,2025-09-27,1,10
O01645,C0344,P0084,2025-09-27,1,5
O00801,C0320,P0069,2025-09-27,5,25
O01985,C0178,P0060,2025-09-27,1,25
O01975,C0074,P0051,2025-09-27,2,10
O01752,C0101,P0046,2025-09-27,5,15
O00727,C0109,P0009,2025-09-28,5,0
O00379,C0282,P0050,2025-09-28,1,25
O01721,C0324,P0011,2025-09-28,5,5
O01184,C0343,P0080,2025-09-28,2,20
O00633,C0491,P0064,2025-09-28,5,25
O00663,C0075,P0094,2025-09-28,5,5
O02101,C0041,P0087,2025-09-28,5,0
O02425,C0081,P0023,2025-09-28,5,15
O02064,C0413,P0075,2025-09-28,4,0
O02983,C0283,P0093,2025-09-28,1,0
O02313,C0188,P0088,2025-09-28,5,25
O01125,C0457,P0031,2025-09-29,4,0
O02081,C0364,P0076,2025-09-29,4,25
O02703,C0167,P0057,2025-09-30,1,5
O01373,C0162,P0055,2025-09-30,1,15
O02296,C0461,P0092,2025-09-30,1,20
O01150,C0314,P0013,2025-09-30,5,15
O01251,C0284,P0086,2025-10-01,3,15
O01195,C0021,P0003,2025-10-01,1,5
O02344,C0062,P0034,2025-10-01,2,0
O01982,C0160,P0077,2025-10-01,2,10
O00902,C0218,P0085,2025-10-02,3,5
O00098,C0471,P0005,2025-10-02,2,25
O01657,C0234,P0016,2025-10-02,4,5
O02025,C0343,P0060,2025-10-02,2,5
O02654,C0456,P0059,2025-10-02,5,5
O00343,C0219,P0017,2025-10-02,5,0
O01939,C0111,P0009,2025-10-02,4,5
O02493,C0116,P0089,2025-10-02,1,20
O01386,C0061,P0054,2025-10-03,5,20
O02214,C0222,P0089,2025-10-03,5,15
O00899,C0069,P0097,2025-10-03,4,15
O02006,C0338,P0060,2025-10-03,1,15
O01440,C0277,P0095,2025-10-03,3,20
O01927,C0375,P0057,2025-10-03,5,5
O00749,C0251,P0039,2025-10-03,5,20
O01863,C0057,P0012,2025-10-04,4,15
O00473,C0320,P0035,2025-10-04,2,5
O02558,C0112,P0058,2025-10-04,5,5
O00326,C0116,P0039,2025-10-04,5,20
O02699,C0001,P0036,2025-10-05,1,0
O00940,C0098,P0052,2025-10-05,5,15
O01362,C0348,P0015,2025-10-05,4,15
O00891,C0376,P0012,2025-10-05,5,20
O02244,C0264,P0005,2025-10-05,5,15
O01908,C0075,P0038,2025-10-05,1,15
O00373,C0191,P0011,2025-10-06,3,25
O02154,C0021,P0090,2025-10-06,2,10
O00421,C0443,P0063,2025-10-06,5,5
O02112,C0455,P0086,2025-10-06,2,25
O02843,C0084,P0046,2025-10-06,2,25
O00099,C0286,P0074,2025-10-06,3,0
O01100,C0196,P0022,2025-10-06,3,0
O02288,C0362,P0031,2025-10-07,3,15
O01084,C0021,P0031,2025-10-07,3,10
O01261,C0121,P0009,2025-10-07,2,20
O01245,C0110,P0068,2025-10-07,1,5
O01838,C0494,P0032,2025-10-08,3,25
O00901,C0087,P0093,2025-10-08,2,10
O02913,C0084,P0090,2025-10-08,2,25
O01994,C0191,P0024,2025-10-08,4,5
O00604,C0118,P0046,2025-10-08,2,0
O02149,C0488,P0091,2025-10-08,5,5
O00190,C0239,P0072,2025-10-08,1,0
O01358,C0179,P0052,2025-10-08,2,5
O01275,C0320,P0087,2025-10-09,5,0
O02361,C0235,P0028,2025-10-09,4,0
O00120,C0145,P0063,2025-10-09,3,25
O02562,C0494,P0018,2025-10-09,5,20
O00918,C0383,P0049,2025-10-09,3,20
O00351,C0314,P0036,2025-10-10,5,20
O01243,C0432,P0004,2025-10-10,5,10
O01133,C0286,P0023,2025-10-10,4,20
O01004,C0387,P0087,2025-10-10,5,10
O00063,C0353,P0002,2025-10-10,4,20
O00688,C0202,P0046,2025-10-10,4,25
O02175,C0470,P0014,2025-10-10,1,10
O01319,C0304,P0042,2025-10-11,1,20
O00164,C0341,P0017,2025-10-11,1,20
O01436,C0305,P0085,2025-10-11,5,10
O02546,C0279,P0077,2025-10-12,4,0
O00364,C0485,P0057,2025-10-12,4,10
O01981,C0148,P0016,2025-10-12,4,0
O01770,C0476,P0023,2025-10-12,4,5
O00779,C0050,P0003,2025-10-12,4,20
O02602,C0188,P0093,2025-10-13,2,15
O00875,C0070,P0044,2025-10-13,4,5
O01271,C0424,P0083,2025-10-13,3,25
O01750,C0005,P0051,2025-10-13,2,15
O02324,C0084,P0007,2025-10-14,4,25
O01844,C0022,P0099,2025-10-14,3,10
O01717,C0021,P0079,2025-10-14,2,15
O00376,C0256,P0081,2025-10-15,2,20
O02248,C0456,P0002,2025-10-15,2,20
O01160,C0139,P0020,2025-10-15,5,0
O02383,C0090,P0001,2025-10-15,1,5
O02790,C0313,P0097,2025-10-15,3,0
O02898,C0154,P0033,2025-10-15,1,0
O01131,C0076,P0058,2025-10-15,3,0
O02617,C0179,P0087,2025-10-16,5,0
O01347,C0147,P0036,2025-10-16,5,10
O02158,C0013,P0049,2025-10-16,2,10
O02057,C0460,P0074,2025-10-16,4,10
O01463,C0456,P0026,2025-10-16,2,10
O01665,C0030,P0001,2025-10-16,1,15
O00847,C0270,P0096,2025-10-16,2,20
O00075,C0428,P0022,2025-10-16,5,0
O00545,C0113,P0054,2025-10-16,5,0
O01738,C0338,P0059,2025-10-17,1,10
O01299,C0120,P0007,2025-10-17,4,25
O01592,C0313,P0095,2025-10-17,5,25
O01246,C0435,P0081,2025-10-17,4,5
O01550,C0463,P0015,2025-10-17,3,5
O00602,C0003,P0055,2025-10-18,5,25
O02007,C0248,P0026,2025-10-18,5,0
O02538,C0303,P0034,2025-10-18,3,20
O01054,C0363,P0056,2025-10-18,3,15
O01429,C0363,P0007,2025-10-19,5,10
O02456,C0155,P0082,2025-10-19,1,5
O02821,C0412,P0073,2025-10-19,5,10
O01710,C0051,P0009,2025-10-19,3,15
O00769,C0124,P0077,2025-10-19,1,10
O02088,C0201,P0019,2025-10-19,3,5
O01753,C0164,P0053,2025-10-19,5,25
O02422,C0321,P0095,2025-10-20,2,25
O01569,C0429,P0022,2025-10-20,5,5
O01898,C0023,P0015,2025-10-20,1,20
O01277,C0376,P0025,2025-10-20,1,5
O02786,C0002,P0041,2025-10-20,2,0
O01520,C0266,P0034,2025-10-20,3,15
O00974,C0277,P0067,2025-10-20,3,5
O00215,C0419,P0029,2025-10-21,2,25
O00042,C0487,P0003,2025-10-21,4,20
O00051,C0288,P0089,2025-10-21,1,15
O02208,C0460,P0097,2025-10-21,2,10
O02566,C0271,P0086,2025-10-21,3,25
O02224,C0055,P0030,2025-10-22,2,5
O01204,C0460,P0008,2025-10-22,4,20
O01768,C0395,P0087,2025-10-22,4,25
O01563,C0277,P0076,2025-10-22,3,20
O02985,C0178,P0017,2025-10-23,2,25
O00486,C0329,P0099,2025-10-23,3,15
O02852,C0310,P0042,2025-10-23,2,20
O00295,C0393,P0054,2025-10-23,1,25
O02329,C0054,P0016,2025-10-23,5,15
O00972,C0032,P0025,2025-10-24,3,5
O01962,C0021,P0035,2025-10-24,1,10
O01609,C0047,P0044,2025-10-24,1,25
O02198,C0321,P0019,2025-10-24,3,5
O00793,C0403,P0010,2025-10-24,1,5
O00736,C0019,P0073,2025-10-24,2,20
O00275,C0151,P0076,2025-10-24,1,20
O01349,C0308,P0093,2025-10-25,2,15
O02981,C0330,P0015,2025-10-25,4,5
O00062,C0136,P0085,2025-10-25,4,0
O02227,C0244,P0088,2025-10-26,5,15
O00729,C0030,P0020,2025-10-26,4,0
O01926,C0145,P0025,2025-10-26,2,20
O01451,C0147,P0096,2025-10-26,1,10
O01798,C0399,P0064,2025-10-26,1,25
O02282,C0233,P0078,2025-10-26,3,15
O00986,C0079,P0058,2025-10-26,1,20
O00266,C0316,P0057,2025-10-27,3,25
O02528,C0435,P0059,2025-10-27,2,20
O02123,C0329,P0023,2025-10-27,2,15
O00553,C0039,P0065,2025-10-27,2,10
O00860,C0301,P0015,2025-10-27,3,10
O00158,C0481,P0087,2025-10-27,4,0
O00566,C0238,P0033,2025-10-28,2,15
O00659,C0418,P0011,2025-10-29,1,5
O01361,C0455,P0067,2025-10-29,2,15
O01706,C0042,P0023,2025-10-29,4,5
O01017,C0178,P0085,2025-10-29,3,10
O02918,C0309,P0088,2025-10-29,5,5
O01365,C0406,P0046,2025-10-29,3,15
O01388,C0262,P0030,2025-10-29,5,25
O02901,C0295,P0084,2025-10-30,5,0
O01559,C0279,P0088,2025-10-30,1,25
O02042,C0137,P0026,2025-10-30,2,20
O01303,C0016,P0002,2025-10-31,3,5
O00997,C0026,P0087,2025-10-31,3,5
O01269,C0317,P0023,2025-11-01,3,20
O01085,C0158,P0052,2025-11-01,1,25
O02365,C0240,P0061,2025-11-02,3,0
O02141,C0274,P0051,2025-11-02,2,5
O01915,C0173,P0068,2025-11-02,4,20
O00034,C0323,P0082,2025-11-02,5,25
O00299,C0156,P0059,2025-11-02,2,25
O02848,C0014,P0053,2025-11-02,4,15
O00366,C0160,P0059,2025-11-03,3,15
O02582,C0490,P0070,2025-11-03,4,15
O02055,C0112,P0082,2025-11-03,4,0
O02977,C0262,P0023,2025-11-03,1,25
O02666,C0009,P0016,2025-11-03,4,20
O00761,C0148,P0090,2025-11-03,2,10
O00186,C0101,P0019,2025-11-03,3,15
O00016,C0419,P0069,2025-11-03,4,25
O00181,C0406,P0028,2025-11-03,2,10
O02929,C0048,P0079,2025-11-04,4,0
O01375,C0439,P0020,2025-11-04,1,20
O01786,C0308,P0067,2025-11-04,5,0
O00022,C0457,P0061,2025-11-05,5,25
O00195,C0429,P0097,2025-11-05,4,25
O01264,C0500,P0087,2025-11-05,4,15
O02604,C0326,P0075,2025-11-05,5,25
O02278,C0143,P0064,2025-11-05,3,15
O00085,C0381,P0088,2025-11-05,1,5
O01987,C0366,P0077,2025-11-06,5,0
O02087,C0094,P0033,2025-11-06,1,25
O01357,C0157,P0071,2025-11-06,2,0
O00101,C0264,P0021,2025-11-06,4,0
O00757,C0161,P0006,2025-11-06,4,5
O00482,C0136,P0032,2025-11-06,5,15
O02520,C0237,P0097,2025-11-07,5,20
O01571,C0073,P0080,2025-11-07,4,5
O00641,C0411,P0071,2025-11-07,1,5
O00243,C0141,P0028,2025-11-07,5,5
O01091,C0223,P0040,2025-11-07,4,5
O00861,C0228,P0073,2025-11-07,1,20
O00423,C0200,P0070,2025-11-07,3,15
O01756,C0064,P0013,2025-11-07,4,20
O00165,C0258,P0085,2025-11-08,2,10
O02603,C0054,P0022,2025-11-08,2,10
O01252,C0468,P0070,2025-11-09,2,10
O00881,C0203,P0032,2025-11-09,5,20
O01598,C0167,P0087,2025-11-09,2,10
O00836,C0414,P0013,2025-11-09,1,25
O02251,C0059,P0004,2025-11-09,2,15
O02071,C0394,P0044,2025-11-09,3,10
O01511,C0258,P0047,2025-11-10,3,0
O00451,C0148,P0043,2025-11-10,2,15
O01714,C0430,P0039,2025-11-10,3,20
O00568,C0151,P0043,2025-11-10,2,5
O00697,C0119,P0044,2025-11-10,2,15
O01893,C0164,P0021,2025-11-11,5,15
O00739,C0228,P0044,2025-11-11,5,10
O00348,C0149,P0021,2025-11-11,2,0
O01544,C0268,P0002,2025-11-11,4,0
O01149,C0338,P0078,2025-11-11,1,5
O01705,C0387,P0026,2025-11-12,3,25
O02841,C0289,P0026,2025-11-12,4,0
O02411,C0418,P0005,2025-11-12,1,15
O01866,C0163,P0018,2025-11-13,2,5
O02884,C0204,P0072,2025-11-13,5,25
O01044,C0454,P0089,2025-11-13,3,0
O02959,C0449,P0051,2025-11-13,2,25
O02084,C0452,P0092,2025-11-13,2,20
O02759,C0481,P0032,2025-11-13,2,10
O02237,C0135,P0004,2025-11-13,4,15
O01875,C0135,P0006,2025-11-13,4,5
O01886,C0136,P0033,2025-11-13,1,10
O02973,C0046,P0015,2025-11-14,4,5
O01502,C0084,P0025,2025-11-14,3,10
O00443,C0385,P0075,2025-11-14,4,15
O01529,C0259,P0090,2025-11-14,4,15
O01670,C0037,P0070,2025-11-15,5,0
O01166,C0212,P0024,2025-11-16,2,5
O02692,C0194,P0007,2025-11-16,5,5
O01834,C0443,P0036,2025-11-16,1,10
O02139,C0263,P0047,2025-11-16,5,15
O01557,C0223,P0078,2025-11-16,1,25
O01888,C0188,P0012,2025-11-16,4,25
O02970,C0420,P0059,2025-11-16,3,0
O00830,C0031,P0046,2025-11-16,4,20
O00384,C0252,P0062,2025-11-17,3,15
O02185,C0017,P0088,2025-11-17,1,20
O01763,C0047,P0049,2025-11-17,2,5
O01693,C0069,P0057,2025-11-17,4,10
O02095,C0298,P0098,2025-11-17,1,0
O01250,C0201,P0032,2025-11-17,1,0
O00342,C0062,P0058,2025-11-18,4,15
O02477,C0241,P0022,2025-11-18,2,10
O01724,C0092,P0027,2025-11-19,5,0
O02302,C0351,P0075,2025-11-19,5,25
O00959,C0344,P0072,2025-11-19,2,5
O01050,C0365,P0005,2025-11-19,2,5
O00328,C0062,P0058,2025-11-19,2,25
O01359,C0132,P0037,2025-11-19,5,5
O00999,C0447,P0050,2025-11-19,4,0
O01554,C0062,P0024,2025-11-19,4,10
O00480,C0337,P0096,2025-11-20,5,15
O02186,C0268,P0035,2025-11-20,3,25
O00488,C0463,P0080,2025-11-20,4,5
O01317,C0149,P0047,2025-11-20,3,20
O01615,C0402,P0079,2025-11-20,2,0
O01746,C0487,P0012,2025-11-20,3,0
O02585,C0290,P0027,2025-11-21,5,10
O01079,C0016,P0095,2025-11-21,2,15
O01920,C0083,P0088,2025-11-21,1,15
O02332,C0422,P0082,2025-11-21,4,25
O02939,C0083,P0003,2025-11-21,5,25
O02720,C0063,P0029,2025-11-21,5,25
O02381,C0320,P0071,2025-11-21,3,25
O00272,C0254,P0008,2025-11-21,1,20
O00760,C0260,P0060,2025-11-21,5,15
O00472,C0008,P0048,2025-11-21,4,10
O01936,C0474,P0092,2025-11-22,5,5
O00455,C0415,P0096,2025-11-22,3,5
O00698,C0071,P0060,2025-11-22,4,0
O00536,C0278,P0087,2025-11-22,5,25
O01616,C0476,P0043,2025-11-22,3,20
O01239,C0154,P0011,2025-11-22,5,10
O01612,C0157,P0027,2025-11-22,5,25
O01114,C0434,P0078,2025-11-22,1,20
O02658,C0287,P0053,2025-11-22,5,10
O00442,C0043,P0008,2025-11-23,1,5
O02599,C0169,P0099,2025-11-23,4,25
O01576,C0188,P0096,2025-11-23,2,5
O02334,C0226,P0080,2025-11-23,4,10
O01813,C0175,P0033,2025-11-24,2,20
O02179,C0138,P0099,2025-11-24,1,0
O01272,C0465,P0047,2025-11-24,2,20
O02401,C0285,P0042,2025-11-24,1,5
O00903,C0421,P0085,2025-11-24,3,20
O02348,C0078,P0024,2025-11-25,3,5
O02107,C0462,P0060,2025-11-25,3,25
O01579,C0288,P0036,2025-11-25,3,25
O00127,C0030,P0055,2025-11-25,1,25
O00349,C0138,P0064,2025-11-25,5,5
O00897,C0021,P0095,2025-11-25,1,25
O00961,C0424,P0080,2025-11-25,4,5
O02818,C0097,P0045,2025-11-26,5,10
O01083,C0375,P0034,2025-11-26,2,20
O01683,C0059,P0073,2025-11-26,3,5
O02300,C0068,P0099,2025-11-26,2,25
O00132,C0104,P0058,2025-11-26,5,25
O01919,C0061,P0093,2025-11-26,1,10
O00014,C0293,P0063,2025-11-26,2,0
O01970,C0337,P0008,2025-11-26,5,10
O00872,C0417,P0009,2025-11-26,1,15
O01979,C0054,P0008,2025-11-27,1,20
O01522,C0210,P0090,2025-11-27,4,5
O02812,C0331,P0024,2025-11-27,4,25
O00714,C0158,P0048,2025-11-27,1,10
O02460,C0364,P0064,2025-11-27,4,15
O01486,C0175,P0075,2025-11-28,1,25
O00462,C0391,P0015,2025-11-28,3,0
O02058,C0179,P0045,2025-11-28,2,20
O01071,C0246,P0072,2025-11-28,5,0
O02231,C0016,P0004,2025-11-28,3,15
O01055,C0040,P0059,2025-11-28,4,15
O01878,C0292,P0072,2025-11-29,3,5
O00752,C0303,P0089,2025-11-29,3,10
O01445,C0041,P0010,2025-11-29,4,10
O02578,C0482,P0042,2025-11-29,1,25
O01628,C0325,P0013,2025-11-29,4,0
O00971,C0448,P0014,2025-11-29,5,0
O01426,C0192,P0042,2025-11-29,4,10
O02788,C0022,P0088,2025-11-29,1,25
O00255,C0012,P0083,2025-11-29,2,0
O02318,C0174,P0035,2025-11-30,2,0
O02050,C0307,P0013,2025-11-30,3,5
O01518,C0331,P0041,2025-11-30,5,15
O00996,C0284,P0034,2025-11-30,4,10
O02574,C0040,P0078,2025-11-30,1,20
O01312,C0064,P0059,2025-12-01,1,15
O02215,C0233,P0045,2025-12-01,5,10
O00375,C0308,P0080,2025-12-01,3,10
O00541,C0172,P0087,2025-12-01,2,0
O00821,C0100,P0001,2025-12-01,5,15
O00780,C0259,P0098,2025-12-02,4,0
O00156,C0142,P0029,2025-12-02,1,15
O00516,C0400,P0005,2025-12-02,1,10
O01761,C0310,P0075,2025-12-02,5,0
O01313,C0494,P0090,2025-12-02,5,5
O02863,C0392,P0026,2025-12-02,3,20
O02465,C0265,P0091,2025-12-02,2,25
O02466,C0438,P0054,2025-12-02,4,15
O00206,C0436,P0001,2025-12-02,5,15
O02369,C0011,P0048,2025-12-03,2,15
O01464,C0445,P0050,2025-12-03,5,0
O01810,C0082,P0050,2025-12-03,3,0
O02490,C0017,P0094,2025-12-03,1,15
O00804,C0049,P0089,2025-12-03,4,10
O01161,C0350,P0100,2025-12-04,1,5
O02091,C0467,P0049,2025-12-04,2,0
O00599,C0189,P0030,2025-12-04,3,0
O02721,C0049,P0034,2025-12-04,4,15
O02525,C0256,P0082,2025-12-04,2,10
O02891,C0208,P0071,2025-12-04,3,10
O02713,C0070,P0078,2025-12-05,3,25
O00112,C0208,P0012,2025-12-05,5,15
O01322,C0451,P0077,2025-12-05,1,15
O02834,C0197,P0015,2025-12-05,5,10
O02320,C0282,P0014,2025-12-05,4,0
O02316,C0159,P0089,2025-12-05,4,0
O01651,C0154,P0054,2025-12-06,1,15
O01629,C0392,P0084,2025-12-06,5,25
O01791,C0228,P0079,2025-12-06,2,10
O01041,C0042,P0067,2025-12-07,1,15
O02451,C0456,P0062,2025-12-07,4,20
O01678,C0274,P0069,2025-12-07,1,0
O02339,C0277,P0045,2025-12-08,1,0
O00668,C0312,P0028,2025-12-08,3,10
O02685,C0217,P0006,2025-12-08,4,0
O02765,C0283,P0064,2025-12-08,4,0
O01032,C0072,P0068,2025-12-09,1,15
O00071,C0316,P0092,2025-12-09,5,5
O00086,C0058,P0068,2025-12-09,1,10
O01868,C0370,P0053,2025-12-09,5,10
O02076,C0235,P0086,2025-12-09,3,20
O01654,C0363,P0029,2025-12-10,1,10
O02682,C0241,P0070,2025-12-10,3,20
O01117,C0060,P0035,2025-12-10,5,15
O01241,C0215,P0017,2025-12-10,5,10
O00372,C0395,P0044,2025-12-10,3,10
O01588,C0360,P0069,2025-12-10,5,25
O01948,C0382,P0053,2025-12-11,1,25
O02163,C0138,P0028,2025-12-11,2,20
O01430,C0310,P0068,2025-12-11,1,25
O02887,C0266,P0006,2025-12-11,3,25
O02731,C0474,P0082,2025-12-11,2,25
O02735,C0352,P0061,2025-12-11,3,10
O00627,C0104,P0094,2025-12-12,3,5
O02162,C0054,P0017,2025-12-12,2,20
O02188,C0372,P0001,2025-12-12,5,0
O01025,C0008,P0025,2025-12-13,2,5
O02940,C0154,P0055,2025-12-14,2,25
O01370,C0492,P0064,2025-12-14,5,20
O00496,C0105,P0029,2025-12-14,2,10
O02299,C0360,P0058,2025-12-15,5,25
O02100,C0028,P0077,2025-12-15,2,15
O01847,C0171,P0031,2025-12-15,1,20
O01333,C0480,P0046,2025-12-15,2,5
O00580,C0269,P0013,2025-12-15,4,20
O00561,C0149,P0046,2025-12-16,4,5
O01910,C0072,P0058,2025-12-16,1,20
O02662,C0443,P0046,2025-12-16,1,15
O00430,C0173,P0046,2025-12-17,5,20
O02203,C0175,P0054,2025-12-17,3,15
O02255,C0413,P0095,2025-12-17,2,10
O00985,C0213,P0067,2025-12-17,1,5
O00578,C0348,P0090,2025-12-17,3,25
O02037,C0139,P0097,2025-12-18,1,10
O02145,C0492,P0048,2025-12-18,2,10
O00869,C0021,P0033,2025-12-18,1,25
O00061,C0073,P0059,2025-12-18,1,20
O02799,C0272,P0068,2025-12-19,3,0
O00161,C0237,P0046,2025-12-19,2,25
O02950,C0379,P0006,2025-12-19,3,15
O02262,C0079,P0099,2025-12-19,5,20
O00513,C0181,P0069,2025-12-19,5,15
O01658,C0051,P0099,2025-12-19,2,20
O01590,C0048,P0021,2025-12-19,1,20
O01874,C0030,P0090,2025-12-20,2,15
O00889,C0154,P0027,2025-12-20,3,5
O01929,C0234,P0055,2025-12-20,2,15
O01270,C0164,P0074,2025-12-20,3,10
O01425,C0433,P0077,2025-12-20,1,20
O00493,C0382,P0025,2025-12-21,4,20
O02177,C0356,P0040,2025-12-21,5,10
O00139,C0321,P0006,2025-12-21,5,25
O02144,C0326,P0050,2025-12-21,5,15
O01686,C0500,P0019,2025-12-22,5,25
O02356,C0006,P0046,2025-12-22,1,5
O01008,C0042,P0089,2025-12-22,2,10
O02295,C0267,P0013,2025-12-22,2,20
O01900,C0290,P0052,2025-12-22,1,20
O00767,C0047,P0072,2025-12-22,5,20
O00979,C0366,P0064,2025-12-22,2,15
O01792,C0102,P0089,2025-12-22,4,15
O02128,C0470,P0087,2025-12-22,5,5
O01551,C0474,P0012,2025-12-23,4,5
O00159,C0151,P0013,2025-12-23,1,10
O01442,C0059,P0032,2025-12-23,3,10
O00456,C0366,P0061,2025-12-23,1,0
O00765,C0399,P0004,2025-12-23,5,20
O02396,C0154,P0071,2025-12-23,5,10
O00558,C0018,P0047,2025-12-24,5,10
O00434,C0428,P0089,2025-12-24,1,0
O00646,C0393,P0088,2025-12-24,3,5
O00280,C0467,P0057,2025-12-24,5,20
O01614,C0444,P0078,2025-12-25,1,25
O01937,C0013,P0051,2025-12-25,4,20
O02317,C0489,P0055,2025-12-25,1,5
O01596,C0417,P0016,2025-12-25,2,0
O02247,C0217,P0018,2025-12-25,3,0
O02811,C0053,P0029,2025-12-25,4,25
O01105,C0382,P0062,2025-12-25,4,25
O01402,C0142,P0073,2025-12-26,1,10
O02090,C0340,P0052,2025-12-27,2,0
O00136,C0360,P0085,2025-12-28,3,15
O00811,C0090,P0013,2025-12-28,2,15
O01471,C0090,P0096,2025-12-28,5,10
O02183,C0111,P0018,2025-12-28,3,0
O01005,C0456,P0048,2025-12-28,4,10
O01253,C0173,P0035,2025-12-29,2,20
O01613,C0202,P0087,2025-12-29,2,0
O01449,C0267,P0088,2025-12-29,2,25
O01684,C0431,P0039,2025-12-29,3,15
O01818,C0163,P0004,2025-12-29,2,25
O02131,C0109,P0021,2025-12-30,3,20
O02933,C0100,P0048,2025-12-30,3,20
O01181,C0001,P0068,2025-12-30,4,5
O02995,C0093,P0014,2025-12-30,3,5
O01287,C0222,P0078,2025-12-30,3,25
O02485,C0113,P0002,2025-12-30,5,20
O02823,C0069,P0049,2025-12-31,4,0
O00265,C0477,P0030,2025-12-31,1,5
O02261,C0205,P0011,2025-12-31,4,5
O00667,C0070,P0039,2025-12-31,5,15
O00382,C0052,P0023,2025-12-31,3,25
O02252,C0132,P0042,2025-12-31,4,25
O00170,C0331,P0022,2025-12-31,2,15
O02338,C0122,P0063,2025-12-31,5,20
O02130,C0100,P0097,2025-12-31,1,0
O02847,C0215,P0096,2025-12-31,1,20
O01298,C0425,P0045,2026-01-01,3,0
O00134,C0005,P0080,2026-01-01,3,5
O02416,C0008,P0062,2026-01-01,1,15
O00232,C0110,P0017,2026-01-02,1,15
O00500,C0119,P0074,2026-01-02,3,25
O00912,C0445,P0054,2026-01-02,3,15
O00226,C0310,P0007,2026-01-02,3,10
O01292,C0264,P0099,2026-01-02,1,5
O01332,C0216,P0063,2026-01-02,4,10
O00335,C0014,P0059,2026-01-03,4,25
O00210,C0405,P0077,2026-01-03,3,5
O00171,C0323,P0033,2026-01-03,3,15
O02034,C0320,P0096,2026-01-03,3,20
O02989,C0127,P0021,2026-01-03,2,10
O00706,C0186,P0055,2026-01-03,2,20
O02730,C0451,P0031,2026-01-03,1,25
O01391,C0136,P0087,2026-01-04,1,15
O00542,C0288,P0041,2026-01-04,4,5
O00240,C0425,P0016,2026-01-04,4,25
O00927,C0354,P0056,2026-01-04,3,0
O01671,C0170,P0008,2026-01-04,2,25
O01884,C0141,P0030,2026-01-04,3,0
O01218,C0407,P0045,2026-01-06,2,15
O01240,C0102,P0043,2026-01-06,2,20
O01053,C0114,P0037,2026-01-06,2,10
O01452,C0395,P0016,2026-01-06,2,0
O01805,C0465,P0041,2026-01-06,3,0
O00654,C0012,P0040,2026-01-06,2,15
O00337,C0229,P0092,2026-01-06,5,15
O01779,C0017,P0036,2026-01-06,5,15
O00962,C0294,P0004,2026-01-07,2,15
O00764,C0475,P0054,2026-01-07,5,25
O01731,C0354,P0006,2026-01-07,4,25
O00587,C0283,P0054,2026-01-07,3,0
O01211,C0207,P0018,2026-01-07,5,20
O00313,C0101,P0092,2026-01-07,3,10
O02182,C0387,P0019,2026-01-08,3,15
O00357,C0213,P0061,2026-01-08,3,15
O00338,C0086,P0009,2026-01-08,5,10
O00676,C0020,P0004,2026-01-08,5,10
O00550,C0032,P0064,2026-01-08,3,25
O02770,C0240,P0071,2026-01-08,2,5
O01376,C0361,P0025,2026-01-09,4,20
O00549,C0122,P0065,2026-01-09,2,5
O00844,C0163,P0017,2026-01-09,4,5
O02431,C0093,P0070,2026-01-09,2,25
O02212,C0187,P0018,2026-01-10,5,0
O00563,C0392,P0050,2026-01-10,3,15
O02470,C0034,P0089,2026-01-10,4,20
O00045,C0302,P0091,2026-01-10,5,5
O01428,C0106,P0095,2026-01-10,3,5
O02099,C0359,P0038,2026-01-11,5,5
O01739,C0104,P0052,2026-01-11,4,20
O01481,C0158,P0026,2026-01-11,2,20
O02292,C0394,P0081,2026-01-11,1,25
O01351,C0406,P0076,2026-01-11,1,25
O00466,C0491,P0075,2026-01-11,1,15
O01785,C0236,P0017,2026-01-11,1,15
O01667,C0485,P0066,2026-01-12,4,20
O02740,C0339,P0010,2026-01-12,4,10
O00182,C0427,P0011,2026-01-12,4,0
O02944,C0079,P0100,2026-01-12,4,15
O01033,C0055,P0091,2026-01-12,4,5
O01966,C0313,P0077,2026-01-13,5,15
O00302,C0371,P0004,2026-01-13,2,10
O00047,C0068,P0051,2026-01-13,4,15
O01258,C0251,P0011,2026-01-14,4,15
O01924,C0066,P0006,2026-01-14,5,5
O01329,C0035,P0079,2026-01-14,3,25
O01517,C0307,P0027,2026-01-14,5,5
O00389,C0221,P0038,2026-01-14,2,0
O01548,C0311,P0066,2026-01-14,3,0
O01006,C0044,P0055,2026-01-14,4,5
O02483,C0163,P0080,2026-01-14,5,15
O01012,C0167,P0021,2026-01-14,3,0
O02193,C0228,P0098,2026-01-15,3,20
O00435,C0449,P0056,2026-01-15,2,20
O01871,C0113,P0058,2026-01-15,2,15
O01295,C0125,P0085,2026-01-15,1,5
O02337,C0061,P0017,2026-01-15,2,0
O01254,C0327,P0022,2026-01-15,4,15
O00229,C0095,P0053,2026-01-15,4,15
O02233,C0043,P0040,2026-01-16,1,20
O02923,C0207,P0048,2026-01-16,3,15
O00894,C0313,P0062,2026-01-16,2,20
O01472,C0103,P0065,2026-01-16,2,20
O02679,C0405,P0001,2026-01-16,3,20
O01814,C0239,P0001,2026-01-16,3,10
O02017,C0241,P0018,2026-01-16,3,5
O02993,C0271,P0088,2026-01-16,5,20
O02437,C0036,P0079,2026-01-17,3,15
O00224,C0281,P0049,2026-01-17,3,20
O01973,C0032,P0047,2026-01-17,1,25
O02032,C0428,P0032,2026-01-17,5,20
O02271,C0119,P0052,2026-01-17,3,25
O01460,C0019,P0085,2026-01-17,1,0
O01467,C0445,P0081,2026-01-17,5,10
O00057,C0229,P0037,2026-01-17,5,20
O02972,C0237,P0011,2026-01-17,1,10
O01751,C0145,P0037,2026-01-17,2,15
O02397,C0390,P0044,2026-01-18,3,15
O02622,C0332,P0067,2026-01-18,5,25
O02457,C0377,P0071,2026-01-18,5,25
O01123,C0364,P0027,2026-01-18,4,5
O00873,C0475,P0054,2026-01-18,5,0
O00777,C0061,P0067,2026-01-19,2,15
O01668,C0122,P0029,2026-01-19,3,0
O02187,C0182,P0062,2026-01-19,4,5
O01076,C0395,P0092,2026-01-19,2,10
O02503,C0058,P0042,2026-01-19,3,5
O02648,C0039,P0065,2026-01-19,4,15
O00321,C0422,P0008,2026-01-19,5,5
O01403,C0291,P0019,2026-01-20,5,0
O02377,C0355,P0020,2026-01-20,2,0
O01780,C0371,P0014,2026-01-20,3,20
O01047,C0263,P0075,2026-01-21,2,10
O01719,C0139,P0055,2026-01-21,3,0
O02159,C0313,P0087,2026-01-21,4,5
O00854,C0106,P0094,2026-01-21,4,25
O01771,C0005,P0028,2026-01-22,2,15
O01902,C0462,P0054,2026-01-22,3,0
O01058,C0220,P0073,2026-01-22,2,5
O02664,C0255,P0078,2026-01-22,3,5
O02717,C0245,P0079,2026-01-22,4,5
O02635,C0357,P0065,2026-01-22,5,25
O00624,C0003,P0008,2026-01-22,1,25
O02592,C0279,P0071,2026-01-22,2,5
O02554,C0392,P0023,2026-01-22,1,10
O00324,C0063,P0045,2026-01-22,4,0
O01655,C0448,P0054,2026-01-22,4,20
O00797,C0410,P0049,2026-01-23,2,5
O01186,C0191,P0016,2026-01-23,2,25
O02550,C0242,P0042,2026-01-23,1,10
O00361,C0213,P0016,2026-01-23,3,5
O00803,C0468,P0052,2026-01-24,5,25
O00686,C0359,P0011,2026-01-24,5,20
O01450,C0494,P0017,2026-01-24,3,0
O00625,C0449,P0079,2026-01-24,5,0
O00408,C0029,P0004,2026-01-24,5,25
O01040,C0210,P0064,2026-01-24,3,25
O02151,C0438,P0057,2026-01-24,1,20
O01694,C0165,P0086,2026-01-25,3,10
O00819,C0280,P0036,2026-01-25,4,25
O02272,C0133,P0071,2026-01-25,3,20
O00048,C0218,P0081,2026-01-25,3,20
O00800,C0349,P0093,2026-01-26,3,10
O02979,C0166,P0037,2026-01-26,4,15
O02504,C0154,P0057,2026-01-26,2,0
O00284,C0130,P0066,2026-01-27,3,0
O01461,C0332,P0004,2026-01-27,5,20
O00015,C0143,P0097,2026-01-27,1,20
O01389,C0218,P0045,2026-01-27,3,20
O01504,C0225,P0010,2026-01-27,2,20
O00403,C0425,P0022,2026-01-28,5,0
O01788,C0070,P0030,2026-01-28,3,15
O02744,C0488,P0030,2026-01-28,5,25
O01001,C0409,P0012,2026-01-28,2,10
O02232,C0208,P0063,2026-01-28,3,25
O00863,C0107,P0074,2026-01-28,2,10
O01021,C0307,P0015,2026-01-28,2,20
O01831,C0063,P0008,2026-01-28,4,0
O02122,C0137,P0043,2026-01-28,2,5
O01508,C0143,P0097,2026-01-29,5,10
O01321,C0357,P0060,2026-01-29,5,0
O00732,C0117,P0085,2026-01-29,5,5
O01538,C0400,P0066,2026-01-29,1,0
O00278,C0499,P0079,2026-01-29,5,20
O00944,C0005,P0100,2026-01-29,2,20
O00664,C0400,P0056,2026-01-29,1,10
O01829,C0328,P0061,2026-01-29,2,25
O00535,C0114,P0082,2026-01-30,2,0
O02366,C0331,P0078,2026-01-30,5,15
O01736,C0099,P0099,2026-01-30,3,0
O01199,C0437,P0043,2026-01-30,3,5
O01591,C0160,P0078,2026-01-31,5,20
O01976,C0010,P0085,2026-01-31,2,25
O01565,C0107,P0070,2026-01-31,4,20
O01176,C0423,P0070,2026-01-31,2,15
O00188,C0490,P0028,2026-01-31,2,10
O01228,C0190,P0032,2026-01-31,4,15
O01417,C0043,P0075,2026-01-31,2,10
O00534,C0473,P0054,2026-01-31,2,0
O00506,C0164,P0083,2026-01-31,4,20
O01747,C0341,P0026,2026-01-31,5,20
O02580,C0024,P0056,2026-01-31,5,20
O01489,C0146,P0067,2026-01-31,3,5
O02388,C0089,P0068,2026-02-01,4,0
O02920,C0406,P0026,2026-02-01,2,25
O00878,C0466,P0098,2026-02-01,5,5
O00731,C0486,P0091,2026-02-01,2,5
O00004,C0049,P0041,2026-02-01,1,25
O00129,C0279,P0005,2026-02-01,1,10
O00409,C0097,P0096,2026-02-02,5,10
O01103,C0418,P0080,2026-02-02,4,5
O00183,C0143,P0078,2026-02-03,5,0
O02172,C0102,P0006,2026-02-03,1,0
O01231,C0030,P0040,2026-02-03,2,25
O01119,C0377,P0072,2026-02-04,3,15
O02164,C0053,P0041,2026-02-04,1,5
O02114,C0013,P0026,2026-02-04,1,25
O01099,C0353,P0081,2026-02-05,4,5
O01633,C0440,P0029,2026-02-05,5,15
O01676,C0134,P0060,2026-02-05,5,20
O02971,C0073,P0069,2026-02-05,3,10
O01491,C0324,P0054,2026-02-06,4,25
O02945,C0315,P0078,2026-02-06,2,0
O01823,C0429,P0004,2026-02-06,1,15
O00082,C0050,P0007,2026-02-06,5,5
O00399,C0192,P0013,2026-02-06,1,15
O02119,C0031,P0023,2026-02-06,2,5
O02132,C0343,P0057,2026-02-06,5,0
O00259,C0092,P0045,2026-02-06,2,25
O02194,C0378,P0089,2026-02-07,5,0
O01175,C0047,P0013,2026-02-07,3,0
O00256,C0288,P0019,2026-02-07,2,25
O00958,C0076,P0076,2026-02-07,3,5
O01300,C0127,P0081,2026-02-07,4,25
O01309,C0268,P0016,2026-02-07,2,20
O02865,C0062,P0072,2026-02-07,4,5
O00703,C0216,P0095,2026-02-08,5,5
O01748,C0008,P0012,2026-02-08,5,15
O00422,C0214,P0022,2026-02-08,3,0
O01134,C0474,P0089,2026-02-08,5,5
O01003,C0254,P0004,2026-02-09,1,5
O00283,C0345,P0082,2026-02-09,5,10
O01381,C0262,P0022,2026-02-09,1,25
O02137,C0216,P0082,2026-02-09,3,20
O01605,C0421,P0044,2026-02-09,3,5
O02462,C0173,P0038,2026-02-10,1,0
O00978,C0068,P0020,2026-02-10,3,10
O00669,C0211,P0049,2026-02-11,3,0
O01232,C0334,P0096,2026-02-11,4,10
O01469,C0417,P0075,2026-02-11,2,15
O02638,C0411,P0091,2026-02-12,4,20
O00883,C0472,P0012,2026-02-12,3,5
O00157,C0292,P0037,2026-02-13,2,5
O02301,C0495,P0082,2026-02-13,5,5
O01289,C0196,P0048,2026-02-13,4,15
O00414,C0232,P0084,2026-02-13,1,25
O02393,C0358,P0001,2026-02-14,4,10
O00040,C0241,P0077,2026-02-14,3,5
O02022,C0214,P0028,2026-02-14,5,5
O00108,C0477,P0068,2026-02-14,5,25
O00592,C0407,P0043,2026-02-15,5,10
O01666,C0426,P0081,2026-02-15,2,20
O02672,C0273,P0050,2026-02-15,2,5
O02199,C0340,P0023,2026-02-15,5,25
O02594,C0069,P0086,2026-02-16,2,25
O02266,C0218,P0013,2026-02-16,2,15
O01202,C0142,P0045,2026-02-16,1,0
O00672,C0132,P0096,2026-02-16,1,0
O00603,C0191,P0016,2026-02-16,1,0
O00415,C0277,P0076,2026-02-16,2,10
O00922,C0289,P0083,2026-02-16,5,25
O02412,C0247,P0048,2026-02-17,5,25
O01652,C0155,P0088,2026-02-17,5,25
O01192,C0294,P0096,2026-02-17,2,15
O00908,C0345,P0086,2026-02-17,2,10
O02817,C0390,P0084,2026-02-17,5,5
O01993,C0030,P0022,2026-02-18,1,5
O00257,C0128,P0066,2026-02-18,5,0
O01943,C0451,P0032,2026-02-18,4,15
O00109,C0287,P0069,2026-02-18,4,5
O01060,C0008,P0002,2026-02-19,4,25
O01178,C0201,P0014,2026-02-19,1,20
O02798,C0114,P0009,2026-02-19,4,5
O01722,C0499,P0026,2026-02-19,2,0
O01408,C0177,P0020,2026-02-19,4,25
O01434,C0344,P0035,2026-02-19,1,0
O01507,C0243,P0040,2026-02-19,1,20
O00246,C0392,P0065,2026-02-19,3,20
O00616,C0136,P0073,2026-02-19,3,5
O02446,C0170,P0032,2026-02-19,5,0
O00138,C0364,P0009,2026-02-20,2,15
O01777,C0012,P0083,2026-02-20,1,20
O02643,C0496,P0054,2026-02-20,1,10
O01775,C0425,P0054,2026-02-20,1,0
O01238,C0270,P0067,2026-02-20,1,25
O01959,C0158,P0092,2026-02-20,2,20
O00530,C0488,P0061,2026-02-20,3,20
O00457,C0228,P0074,2026-02-20,2,15
O02642,C0382,P0061,2026-02-21,3,0
O02547,C0362,P0043,2026-02-21,4,15
O02426,C0187,P0082,2026-02-21,4,10
O02882,C0219,P0016,2026-02-21,4,25
O02395,C0466,P0080,2026-02-21,4,15
O02584,C0323,P0088,2026-02-21,4,25
O02552,C0109,P0079,2026-02-21,2,0
O02502,C0257,P0069,2026-02-21,1,20
O02125,C0459,P0030,2026-02-21,2,0
O01986,C0412,P0078,2026-02-22,3,5
O02174,C0258,P0075,2026-02-22,2,25
O01533,C0117,P0098,2026-02-22,2,5
O00453,C0232,P0031,2026-02-22,2,15
O00380,C0196,P0012,2026-02-23,1,20
O01353,C0021,P0023,2026-02-23,2,10
O01957,C0401,P0083,2026-02-23,1,25
O01219,C0443,P0023,2026-02-23,5,0
O00238,C0387,P0032,2026-02-24,4,20
O01152,C0441,P0044,2026-02-24,5,0
O02877,C0082,P0001,2026-02-24,4,25
O00262,C0334,P0011,2026-02-24,2,10
O02126,C0310,P0077,2026-02-24,3,15
O02417,C0478,P0099,2026-02-24,4,20
O02795,C0440,P0096,2026-02-24,2,5
O01851,C0298,P0039,2026-02-24,2,20
O00192,C0042,P0047,2026-02-24,3,10
O00491,C0049,P0010,2026-02-24,2,25
O02670,C0010,P0002,2026-02-25,1,0
O01368,C0067,P0077,2026-02-25,1,20
O01968,C0214,P0019,2026-02-25,2,0
O02476,C0327,P0061,2026-02-25,1,20
O00636,C0405,P0029,2026-02-25,4,10
O00144,C0454,P0005,2026-02-25,1,25
O00041,C0459,P0046,2026-02-26,5,5
O01762,C0173,P0096,2026-02-26,1,15
O00174,C0407,P0032,2026-02-26,4,20
O01728,C0483,P0043,2026-02-26,3,25
O01455,C0046,P0039,2026-02-26,2,25
O00926,C0061,P0019,2026-02-26,1,0
O01604,C0196,P0015,2026-02-27,4,5
O00355,C0065,P0076,2026-02-27,5,20
O01026,C0408,P0021,2026-02-27,4,15
O02583,C0004,P0020,2026-02-27,5,10
O01127,C0216,P0060,2026-02-28,3,0
O00359,C0242,P0011,2026-02-28,1,15
O01713,C0341,P0083,2026-03-01,4,20
O00931,C0169,P0037,2026-03-01,2,10
O00200,C0158,P0047,2026-03-01,2,20
O02728,C0065,P0058,2026-03-01,1,10
O00670,C0101,P0036,2026-03-01,4,0
O02937,C0452,P0059,2026-03-01,4,25
O00325,C0485,P0062,2026-03-02,1,15
O00693,C0057,P0010,2026-03-02,4,20
O01952,C0221,P0039,2026-03-02,4,15
O01858,C0169,P0030,2026-03-02,2,10
O00572,C0256,P0020,2026-03-02,2,25
O01776,C0046,P0029,2026-03-02,5,15
O01495,C0420,P0002,2026-03-03,3,5
O02793,C0007,P0057,2026-03-03,2,5
O02813,C0389,P0074,2026-03-03,4,5
O02694,C0271,P0044,2026-03-03,2,10
O02475,C0093,P0085,2026-03-03,3,5
O02487,C0091,P0085,2026-03-03,5,15
O00396,C0397,P0096,2026-03-04,3,25
O00268,C0390,P0051,2026-03-04,4,5
O02204,C0465,P0073,2026-03-04,1,20
O02994,C0132,P0035,2026-03-04,1,5
O01431,C0382,P0019,2026-03-04,1,10
O01236,C0424,P0006,2026-03-04,2,25
O02474,C0089,P0084,2026-03-04,1,25
O00832,C0152,P0008,2026-03-05,5,20
O00202,C0134,P0029,2026-03-05,2,0
O00360,C0493,P0054,2026-03-05,3,20
O01010,C0227,P0030,2026-03-05,2,25
O00857,C0070,P0081,2026-03-06,4,0
O02380,C0184,P0059,2026-03-07,4,0
O02207,C0186,P0019,2026-03-07,4,20
O02914,C0483,P0044,2026-03-07,3,20
O02403,C0125,P0050,2026-03-07,5,20
O01774,C0020,P0025,2026-03-07,2,20
O01914,C0461,P0011,2026-03-08,5,15
O02962,C0068,P0048,2026-03-08,1,5
O00673,C0111,P0036,2026-03-08,3,20
O00956,C0167,P0097,2026-03-08,1,15
O01327,C0393,P0027,2026-03-08,1,25
O02399,C0108,P0041,2026-03-09,1,10
O02593,C0365,P0083,2026-03-09,1,0
O00812,C0260,P0045,2026-03-09,5,5
O02402,C0059,P0033,2026-03-09,4,20
O00385,C0082,P0096,2026-03-09,1,20
O00218,C0276,P0026,2026-03-09,4,5
O02305,C0491,P0069,2026-03-09,4,5
O01172,C0424,P0099,2026-03-09,2,20
O01097,C0025,P0021,2026-03-09,4,25
O01695,C0489,P0092,2026-03-10,3,5
O02413,C0008,P0096,2026-03-10,3,20
O02156,C0235,P0045,2026-03-10,1,0
O00772,C0137,P0063,2026-03-10,3,5
O00203,C0067,P0050,2026-03-10,1,15
O02419,C0484,P0063,2026-03-10,1,10
O02897,C0022,P0071,2026-03-10,4,25
O02873,C0412,P0024,2026-03-10,5,10
O02239,C0111,P0016,2026-03-11,1,0
O02857,C0280,P0049,2026-03-11,3,20
O00081,C0200,P0086,2026-03-11,5,15
O02263,C0124,P0042,2026-03-12,3,15
O02014,C0079,P0069,2026-03-12,5,25
O00332,C0155,P0064,2026-03-12,3,20
O02696,C0423,P0026,2026-03-12,3,0
O00087,C0259,P0092,2026-03-12,1,15
O01356,C0276,P0074,2026-03-13,4,25
O00998,C0369,P0095,2026-03-13,2,10
O01136,C0277,P0026,2026-03-13,4,15
O02729,C0337,P0032,2026-03-13,5,5
O02903,C0157,P0067,2026-03-14,1,15
O00643,C0425,P0034,2026-03-14,4,0
O02714,C0262,P0029,2026-03-14,4,0
O00032,C0085,P0048,2026-03-14,1,15
O01759,C0354,P0057,2026-03-14,5,15
O01513,C0285,P0080,2026-03-14,2,0
O00502,C0255,P0043,2026-03-15,4,10
O01971,C0183,P0008,2026-03-15,3,25
O01634,C0204,P0070,2026-03-15,4,15
O01196,C0227,P0008,2026-03-15,2,5
O01427,C0318,P0009,2026-03-15,1,25
O02932,C0443,P0081,2026-03-15,3,0
O00759,C0198,P0077,2026-03-15,3,0
O02668,C0139,P0096,2026-03-16,3,5
O01106,C0133,P0047,2026-03-16,3,5
O01413,C0302,P0082,2026-03-16,5,10
O02742,C0372,P0090,2026-03-16,3,10
O00824,C0182,P0017,2026-03-17,5,20
O01832,C0294,P0024,2026-03-17,5,5
O01585,C0041,P0096,2026-03-17,5,10
O01276,C0161,P0030,2026-03-17,2,15
O00019,C0160,P0034,2026-03-17,3,25
O02900,C0439,P0045,2026-03-17,5,20
O00532,C0334,P0027,2026-03-17,4,15
O02352,C0223,P0029,2026-03-18,2,15
O02240,C0307,P0015,2026-03-18,4,20
O00590,C0463,P0072,2026-03-18,5,0
O01848,C0323,P0004,2026-03-18,2,0
O00505,C0149,P0048,2026-03-18,2,20
O02382,C0187,P0009,2026-03-18,4,5
O02029,C0425,P0051,2026-03-18,2,5
O01153,C0279,P0015,2026-03-18,1,5
O02712,C0141,P0080,2026-03-19,4,15
O00955,C0125,P0040,2026-03-19,4,10
O02150,C0310,P0009,2026-03-19,4,20
O01543,C0425,P0027,2026-03-19,5,5
O00059,C0164,P0082,2026-03-19,5,5
O01485,C0177,P0043,2026-03-20,2,10
O02924,C0283,P0100,2026-03-20,2,20
O00504,C0266,P0020,2026-03-20,3,0
O01337,C0343,P0043,2026-03-20,1,25
O01378,C0072,P0063,2026-03-20,1,0
O02418,C0352,P0014,2026-03-20,2,20
O00281,C0418,P0049,2026-03-20,2,0
O02715,C0340,P0026,2026-03-21,1,10
O02951,C0248,P0077,2026-03-21,1,20
O00294,C0083,P0003,2026-03-21,4,10
O01934,C0322,P0028,2026-03-21,4,5
O02888,C0098,P0016,2026-03-21,3,5
O01121,C0450,P0015,2026-03-21,5,20
O01935,C0450,P0096,2026-03-21,3,25
O00864,C0084,P0095,2026-03-21,4,20
O00046,C0019,P0008,2026-03-22,1,10
O02041,C0147,P0067,2026-03-22,4,15
O00933,C0086,P0086,2026-03-22,1,10
O00300,C0190,P0055,2026-03-22,3,15
O01854,C0277,P0090,2026-03-22,3,0
O00214,C0130,P0061,2026-03-22,2,10
O01108,C0189,P0017,2026-03-22,3,5
O01398,C0109,P0022,2026-03-22,2,0
O00529,C0153,P0011,2026-03-23,3,20
O02235,C0484,P0009,2026-03-23,2,0
O02181,C0409,P0024,2026-03-23,5,10
O00601,C0184,P0084,2026-03-23,2,20
O01582,C0156,P0038,2026-03-23,2,15
O00018,C0455,P0048,2026-03-23,5,25
O01680,C0369,P0076,2026-03-24,5,15
O02644,C0379,P0040,2026-03-24,3,10
O00655,C0209,P0072,2026-03-24,5,5
O00717,C0159,P0040,2026-03-25,5,0
O02570,C0195,P0052,2026-03-25,1,0
O02407,C0299,P0059,2026-03-25,4,10
O01627,C0064,P0040,2026-03-25,5,15
O02816,C0401,P0042,2026-03-25,2,0
O02473,C0160,P0093,2026-03-25,1,20
O00436,C0087,P0059,2026-03-26,2,25
O02854,C0248,P0017,2026-03-26,1,5
O00887,C0405,P0008,2026-03-26,4,15
O02043,C0411,P0008,2026-03-26,5,15
O01978,C0456,P0045,2026-03-26,4,5
O02874,C0318,P0061,2026-03-26,2,0
O02569,C0385,P0049,2026-03-27,1,0
O00966,C0099,P0016,2026-03-28,2,25
O02832,C0019,P0079,2026-03-28,4,0
O01583,C0172,P0067,2026-03-28,2,10
O01794,C0417,P0047,2026-03-28,3,5
O02557,C0147,P0098,2026-03-28,2,5
O00235,C0238,P0003,2026-03-28,5,0
O01754,C0374,P0088,2026-03-29,1,15
O01089,C0412,P0055,2026-03-29,5,15
O01804,C0242,P0082,2026-03-29,1,20
O00574,C0150,P0038,2026-03-29,2,5
O00277,C0287,P0036,2026-03-29,4,20
O02931,C0233,P0023,2026-03-30,5,0
O01049,C0387,P0064,2026-03-30,4,15
O00877,C0399,P0075,2026-03-30,3,0
O01685,C0126,P0004,2026-03-30,3,25
O01618,C0427,P0031,2026-03-31,4,5
O02805,C0328,P0058,2026-03-31,1,15
O00941,C0065,P0058,2026-03-31,5,20
O01709,C0109,P0028,2026-03-31,2,20
O01297,C0086,P0086,2026-03-31,5,15
O00748,C0113,P0055,2026-03-31,3,5
O00073,C0444,P0098,2026-03-31,4,5
O01593,C0118,P0078,2026-03-31,2,20
O02861,C0361,P0049,2026-04-01,3,20
O02607,C0138,P0041,2026-04-01,4,20
O00649,C0086,P0052,2026-04-01,2,25
O02893,C0124,P0043,2026-04-01,4,15
O01265,C0398,P0014,2026-04-01,2,10
O01961,C0269,P0079,2026-04-01,4,10
O02639,C0435,P0021,2026-04-02,4,10
O01890,C0201,P0027,2026-04-02,5,0
O02998,C0411,P0012,2026-04-02,3,0
O02702,C0378,P0091,2026-04-02,5,20
O01423,C0341,P0044,2026-04-02,1,10
O02452,C0432,P0079,2026-04-03,1,15
O01906,C0479,P0043,2026-04-03,3,25
O00720,C0403,P0015,2026-04-03,5,20
O02480,C0404,P0050,2026-04-04,2,20
O01326,C0445,P0059,2026-04-04,2,5
O00131,C0115,P0049,2026-04-04,5,0
O02375,C0272,P0072,2026-04-04,3,0
O00963,C0444,P0038,2026-04-05,5,25
O00029,C0320,P0016,2026-04-05,3,10
O01200,C0302,P0031,2026-04-05,4,15
O01905,C0414,P0007,2026-04-05,3,5
O02479,C0468,P0016,2026-04-06,1,10
O00487,C0450,P0003,2026-04-06,4,20
O02394,C0374,P0091,2026-04-06,1,15
O00837,C0408,P0039,2026-04-06,3,0
O01757,C0091,P0089,2026-04-06,1,0
O00151,C0272,P0067,2026-04-06,2,5
O00233,C0336,P0043,2026-04-06,3,10
O00838,C0364,P0028,2026-04-07,1,25
O01672,C0124,P0029,2026-04-07,3,10
O02499,C0324,P0051,2026-04-07,4,15
O01283,C0227,P0058,2026-04-07,1,10
O00817,C0419,P0081,2026-04-07,2,0
O01179,C0148,P0037,2026-04-08,2,25
O02608,C0168,P0042,2026-04-08,3,10
O01438,C0017,P0031,2026-04-08,3,10
O00425,C0079,P0096,2026-04-08,1,15
O00437,C0101,P0029,2026-04-08,4,5
O02228,C0313,P0073,2026-04-08,1,20
O01142,C0469,P0070,2026-04-08,5,25
O02062,C0471,P0077,2026-04-08,2,0
O01355,C0038,P0014,2026-04-08,5,5
O02167,C0053,P0058,2026-04-09,4,15
O00773,C0090,P0038,2026-04-09,4,0
O00562,C0126,P0014,2026-04-09,3,0
O00533,C0124,P0055,2026-04-09,5,15
O02482,C0094,P0017,2026-04-09,4,10
O02509,C0266,P0064,2026-04-09,2,15
O00236,C0381,P0079,2026-04-09,1,25
O01977,C0484,P0067,2026-04-09,5,15
O02051,C0141,P0069,2026-04-09,5,25
O01803,C0499,P0081,2026-04-09,3,20
O02001,C0012,P0089,2026-04-10,5,25
O02768,C0488,P0002,2026-04-10,4,0
O01325,C0201,P0090,2026-04-11,1,10
O01631,C0176,P0005,2026-04-11,3,10
O01260,C0375,P0003,2026-04-11,5,20
O02245,C0225,P0020,2026-04-11,3,25
O01107,C0227,P0017,2026-04-11,5,0
O00356,C0013,P0042,2026-04-11,2,0
O00771,C0359,P0059,2026-04-11,5,20
O02908,C0041,P0002,2026-04-12,5,10
O01169,C0418,P0071,2026-04-12,5,25
O02595,C0351,P0063,2026-04-12,3,0
O02986,C0419,P0026,2026-04-12,4,25
O01740,C0214,P0047,2026-04-12,5,0
O01826,C0369,P0094,2026-04-12,5,25
O02545,C0132,P0054,2026-04-12,1,25
O02274,C0096,P0056,2026-04-13,2,10
O01059,C0129,P0059,2026-04-13,3,15
O00263,C0020,P0053,2026-04-13,2,20
O02649,C0016,P0100,2026-04-13,1,10
O01643,C0414,P0072,2026-04-13,1,25
O00413,C0444,P0084,2026-04-13,4,10
O02864,C0218,P0099,2026-04-14,2,0
O02113,C0489,P0085,2026-04-14,4,5
O00024,C0077,P0067,2026-04-14,1,20
O00244,C0117,P0073,2026-04-14,1,10
O01856,C0204,P0039,2026-04-15,2,5
O02600,C0313,P0062,2026-04-15,4,10
O01255,C0206,P0065,2026-04-15,3,0
O02886,C0387,P0092,2026-04-15,3,0
O01743,C0250,P0061,2026-04-16,2,5
O01296,C0110,P0021,2026-04-16,2,25
O02776,C0080,P0022,2026-04-16,2,20
O01075,C0012,P0054,2026-04-16,5,20
O00862,C0184,P0052,2026-04-16,5,20
O02555,C0041,P0054,2026-04-16,4,0
O00575,C0235,P0003,2026-04-16,4,5
O00222,C0025,P0069,2026-04-17,1,25
O02325,C0308,P0030,2026-04-17,5,25
O02634,C0190,P0037,2026-04-17,2,25
O01062,C0416,P0060,2026-04-17,4,0
O02589,C0181,P0054,2026-04-17,2,10
O02491,C0274,P0006,2026-04-17,4,10
O02675,C0436,P0070,2026-04-17,5,20
O02757,C0390,P0080,2026-04-18,4,10
O00485,C0409,P0058,2026-04-18,3,5
O02454,C0278,P0093,2026-04-18,2,5
O02652,C0310,P0043,2026-04-18,2,0
O01656,C0475,P0090,2026-04-18,4,15
O00852,C0182,P0043,2026-04-19,3,5
O00498,C0217,P0043,2026-04-19,1,25
O02511,C0203,P0022,2026-04-19,1,10
O01094,C0128,P0063,2026-04-19,2,5
O02615,C0003,P0038,2026-04-19,4,0
O00230,C0270,P0065,2026-04-19,5,20
O01266,C0120,P0097,2026-04-20,5,20
O01632,C0116,P0073,2026-04-20,1,20
O02693,C0104,P0079,2026-04-20,1,20
O02438,C0101,P0003,2026-04-21,2,25
O02508,C0343,P0086,2026-04-21,4,0
O02024,C0209,P0059,2026-04-21,3,0
O01281,C0203,P0074,2026-04-21,2,25
O02881,C0433,P0080,2026-04-21,3,0
O01675,C0087,P0003,2026-04-22,4,5
O00028,C0258,P0075,2026-04-22,5,20
O01942,C0295,P0022,2026-04-22,2,20
O01474,C0250,P0092,2026-04-22,4,20
O00072,C0130,P0018,2026-04-22,1,15
O01412,C0049,P0050,2026-04-22,1,20
O00035,C0042,P0038,2026-04-23,4,25
O00237,C0436,P0029,2026-04-23,4,10
O00551,C0222,P0071,2026-04-23,5,0
O02835,C0379,P0092,2026-04-23,4,0
O00710,C0376,P0009,2026-04-23,3,5
O02591,C0116,P0047,2026-04-24,2,10
O00397,C0113,P0028,2026-04-24,5,15
O02541,C0040,P0056,2026-04-24,2,25
O00784,C0350,P0038,2026-04-24,5,25
O01895,C0194,P0029,2026-04-24,5,0
O00444,C0109,P0097,2026-04-24,2,20
O00293,C0471,P0083,2026-04-24,2,25
O00483,C0256,P0055,2026-04-24,5,15
O00552,C0119,P0004,2026-04-24,2,15
O01212,C0210,P0069,2026-04-25,5,25
O02762,C0339,P0027,2026-04-25,1,15
O01233,C0084,P0073,2026-04-25,2,15
O01342,C0076,P0085,2026-04-25,1,10
O02257,C0157,P0067,2026-04-25,1,15
O01456,C0045,P0031,2026-04-25,4,20
O01626,C0294,P0032,2026-04-26,5,15
O02826,C0059,P0004,2026-04-26,1,25
O02637,C0112,P0001,2026-04-26,4,25
O02934,C0059,P0002,2026-04-26,3,20
O02686,C0051,P0045,2026-04-27,3,25
O01960,C0437,P0029,2026-04-27,5,0
O02326,C0361,P0083,2026-04-27,3,0
O02268,C0090,P0037,2026-04-27,1,25
O00168,C0457,P0018,2026-04-27,4,20
O00734,C0356,P0077,2026-04-27,1,0
O02612,C0085,P0030,2026-04-27,3,25
O02102,C0355,P0054,2026-04-28,2,20
O00478,C0368,P0024,2026-04-28,2,10
O02152,C0065,P0031,2026-04-28,4,20
O00730,C0314,P0090,2026-04-28,1,25
O01198,C0117,P0015,2026-04-28,5,15
O00886,C0199,P0057,2026-04-29,1,0
O00723,C0366,P0039,2026-04-29,3,0
O00298,C0329,P0040,2026-04-29,4,0
O01642,C0325,P0089,2026-04-30,1,5
O02830,C0368,P0009,2026-04-30,2,5
O00118,C0400,P0021,2026-04-30,3,10
O02869,C0322,P0046,2026-04-30,3,25
O00475,C0038,P0038,2026-05-01,1,0
O02461,C0141,P0025,2026-05-01,5,10
O00314,C0359,P0031,2026-05-01,2,5
O00449,C0017,P0020,2026-05-01,2,15
O00606,C0023,P0007,2026-05-01,4,5
O02661,C0032,P0034,2026-05-01,3,15
O02815,C0140,P0018,2026-05-01,4,25
O00651,C0090,P0084,2026-05-01,3,25
O01285,C0443,P0041,2026-05-01,4,5
O02833,C0214,P0027,2026-05-02,4,10
O02094,C0293,P0099,2026-05-02,5,5
O00150,C0161,P0080,2026-05-02,1,25
O01806,C0179,P0074,2026-05-02,5,5
O02803,C0500,P0094,2026-05-03,5,25
O00900,C0131,P0032,2026-05-03,2,20
O01109,C0476,P0090,2026-05-03,2,20
O01549,C0301,P0029,2026-05-04,1,0
O02745,C0078,P0100,2026-05-04,5,10
O01286,C0334,P0025,2026-05-05,2,25
O02657,C0059,P0044,2026-05-05,2,10
O02409,C0336,P0099,2026-05-05,1,10
O02656,C0272,P0007,2026-05-05,4,25
O02991,C0412,P0038,2026-05-06,5,5
O00892,C0384,P0065,2026-05-06,3,10
O00610,C0108,P0056,2026-05-07,5,5
O02133,C0173,P0023,2026-05-07,5,0
O00716,C0403,P0076,2026-05-07,3,20
O02743,C0419,P0098,2026-05-07,3,15
O02875,C0169,P0054,2026-05-07,5,5
O02294,C0339,P0025,2026-05-07,5,15
O02542,C0133,P0013,2026-05-07,1,25
O02671,C0214,P0010,2026-05-08,3,25
O02459,C0451,P0031,2026-05-08,5,25
O00569,C0236,P0079,2026-05-08,2,5
O02601,C0249,P0030,2026-05-08,3,15
O00509,C0488,P0011,2026-05-08,1,15
O02506,C0404,P0009,2026-05-09,5,5
O00404,C0129,P0074,2026-05-09,2,5
O02726,C0183,P0071,2026-05-10,2,20
O01889,C0128,P0094,2026-05-10,3,5
O00712,C0024,P0013,2026-05-10,5,20
O00623,C0261,P0057,2026-05-10,3,15
O00791,C0051,P0032,2026-05-10,1,25
O02089,C0021,P0028,2026-05-10,3,15
O01883,C0037,P0095,2026-05-11,3,5
O01173,C0248,P0032,2026-05-11,3,5
O01154,C0176,P0019,2026-05-11,1,0
O00146,C0466,P0087,2026-05-11,4,15
O02698,C0198,P0079,2026-05-11,5,5
O00984,C0232,P0005,2026-05-11,5,20
O02222,C0153,P0031,2026-05-11,5,5
O02579,C0477,P0051,2026-05-12,5,5
O00339,C0133,P0092,2026-05-12,4,25
O02814,C0283,P0017,2026-05-12,1,25
O01764,C0140,P0007,2026-05-12,1,0
O00957,C0086,P0063,2026-05-12,3,15
O02178,C0398,P0003,2026-05-12,3,0
O01070,C0366,P0077,2026-05-13,4,5
O01074,C0137,P0061,2026-05-13,3,25
O00750,C0476,P0068,2026-05-13,5,10
O00661,C0377,P0008,2026-05-13,4,15
O02386,C0139,P0072,2026-05-13,1,10
O00448,C0152,P0027,2026-05-13,5,25
O01556,C0127,P0010,2026-05-14,5,25
O02003,C0415,P0012,2026-05-14,3,25
O02899,C0427,P0026,2026-05-14,3,15
O02627,C0169,P0098,2026-05-15,3,25
O01346,C0361,P0080,2026-05-15,5,25
O01640,C0365,P0069,2026-05-15,3,0
O00945,C0002,P0060,2026-05-16,3,20
O01509,C0041,P0077,2026-05-16,5,5
O02539,C0327,P0087,2026-05-16,4,5
O02965,C0137,P0084,2026-05-17,2,15
O01000,C0066,P0084,2026-05-17,4,5
O00620,C0072,P0037,2026-05-17,1,20
O00665,C0243,P0060,2026-05-17,4,5
O02572,C0280,P0021,2026-05-17,4,0
O01157,C0273,P0081,2026-05-17,4,20
O02907,C0475,P0075,2026-05-18,5,20
O01487,C0340,P0067,2026-05-18,5,5
O02840,C0452,P0089,2026-05-18,3,20
O01638,C0388,P0066,2026-05-18,3,5
O00242,C0025,P0054,2026-05-18,5,10
O02992,C0367,P0072,2026-05-18,2,20
O00981,C0214,P0083,2026-05-18,5,15
O02312,C0438,P0016,2026-05-18,2,0
O00446,C0408,P0038,2026-05-18,2,10
O02620,C0452,P0056,2026-05-18,2,5
O00345,C0246,P0087,2026-05-19,5,0
O01190,C0409,P0090,2026-05-19,4,20
O02472,C0129,P0094,2026-05-19,5,15
O01482,C0493,P0075,2026-05-19,2,20
O02343,C0294,P0010,2026-05-19,4,20
O01821,C0328,P0043,2026-05-19,3,0
O00678,C0024,P0082,2026-05-20,5,0
O01819,C0048,P0017,2026-05-20,1,20
O00995,C0058,P0047,2026-05-21,3,0
O01013,C0436,P0089,2026-05-21,3,15
O01833,C0323,P0083,2026-05-21,3,0
O00805,C0405,P0041,2026-05-21,5,10
O01146,C0041,P0004,2026-05-21,2,10
O02531,C0076,P0028,2026-05-21,2,10
O02719,C0337,P0087,2026-05-21,5,15
O00699,C0004,P0062,2026-05-21,4,20
O01077,C0302,P0094,2026-05-22,4,10
O00270,C0349,P0066,2026-05-22,2,20
O02015,C0441,P0043,2026-05-23,5,10
O01068,C0478,P0039,2026-05-23,1,15
O00400,C0017,P0027,2026-05-23,3,0
O01164,C0419,P0048,2026-05-23,4,0
O01470,C0301,P0092,2026-05-23,1,15
O00341,C0386,P0029,2026-05-24,3,0
O01635,C0486,P0025,2026-05-24,3,5
O01940,C0415,P0058,2026-05-24,2,15
O00611,C0367,P0048,2026-05-24,1,15
O00461,C0211,P0095,2026-05-24,3,15
O01610,C0148,P0098,2026-05-25,1,10
O02260,C0412,P0094,2026-05-25,4,5
O00196,C0291,P0019,2026-05-25,5,10
O02061,C0186,P0076,2026-05-25,1,20
O01348,C0026,P0028,2026-05-25,4,0
O02142,C0003,P0042,2026-05-26,2,5
O00402,C0393,P0007,2026-05-26,5,0
O00719,C0060,P0015,2026-05-26,4,20
O01282,C0309,P0078,2026-05-26,4,5
O02777,C0379,P0063,2026-05-26,4,0
O00681,C0293,P0088,2026-05-26,5,20
O01222,C0376,P0006,2026-05-27,5,15
O01539,C0350,P0065,2026-05-27,5,15
O01564,C0438,P0022,2026-05-27,2,15
O02645,C0047,P0026,2026-05-27,1,0
O02614,C0212,P0017,2026-05-27,2,15
O01051,C0259,P0053,2026-05-28,1,5
O00208,C0073,P0093,2026-05-28,2,5
O02708,C0251,P0097,2026-05-28,3,5
O01879,C0025,P0024,2026-05-28,2,5
O02543,C0405,P0056,2026-05-28,3,5
O01637,C0031,P0022,2026-05-29,2,5
O00792,C0245,P0099,2026-05-29,1,10
O00560,C0397,P0093,2026-05-29,1,10
O01732,C0139,P0046,2026-05-29,5,10
O00786,C0118,P0072,2026-05-29,1,5
O00879,C0160,P0080,2026-05-30,2,10
O02928,C0352,P0087,2026-05-30,4,10
O00458,C0139,P0067,2026-05-30,3,20
O00856,C0205,P0055,2026-05-30,5,20
O00476,C0111,P0031,2026-05-31,2,25
O01087,C0162,P0076,2026-05-31,5,10
O02019,C0154,P0013,2026-05-31,1,15
O00003,C0175,P0043,2026-05-31,3,0
O02363,C0161,P0075,2026-05-31,2,0
O00519,C0380,P0012,2026-06-01,3,5
O02906,C0020,P0026,2026-06-01,5,0
O00317,C0221,P0079,2026-06-01,3,5
O02711,C0073,P0038,2026-06-01,3,5
O02829,C0050,P0047,2026-06-01,5,20
O00130,C0348,P0036,2026-06-01,2,0
O01493,C0161,P0049,2026-06-02,5,25
O02710,C0477,P0087,2026-06-02,5,15
O01225,C0142,P0093,2026-06-02,4,25
O02916,C0322,P0013,2026-06-03,5,5
O00464,C0028,P0013,2026-06-03,4,25
O00571,C0203,P0040,2026-06-03,2,5
O01892,C0257,P0009,2026-06-04,2,20
O01516,C0450,P0084,2026-06-04,1,0
O02080,C0024,P0082,2026-06-04,2,0
O01852,C0320,P0048,2026-06-04,1,5
O02314,C0057,P0068,2026-06-04,5,5
O00841,C0342,P0016,2026-06-04,2,15
O01653,C0430,P0075,2026-06-04,1,5
O01918,C0045,P0098,2026-06-04,4,0
O00021,C0138,P0075,2026-06-04,2,10
O00194,C0082,P0062,2026-06-05,5,15
O00947,C0112,P0058,2026-06-05,2,10
O02004,C0462,P0089,2026-06-05,4,20
O01302,C0183,P0064,2026-06-05,3,0
O02155,C0252,P0040,2026-06-05,5,5
O00162,C0066,P0023,2026-06-05,3,0
O01217,C0219,P0043,2026-06-05,3,10
O02651,C0213,P0064,2026-06-05,1,25
O02797,C0451,P0088,2026-06-06,5,25
O00023,C0078,P0050,2026-06-06,1,10
O00279,C0005,P0092,2026-06-06,4,25
O01390,C0283,P0019,2026-06-06,1,15
O00387,C0227,P0038,2026-06-06,4,15
O00002,C0069,P0017,2026-06-06,1,20
O00187,C0244,P0015,2026-06-06,4,0
O01891,C0127,P0039,2026-06-06,2,0
O02221,C0224,P0039,2026-06-06,2,25
O01861,C0184,P0075,2026-06-06,1,15
O02127,C0440,P0018,2026-06-06,2,25
O00888,C0426,P0072,2026-06-07,2,5
O00588,C0050,P0026,2026-06-07,5,10
O02501,C0114,P0073,2026-06-07,2,0
O01118,C0428,P0014,2026-06-07,4,0
O01031,C0085,P0087,2026-06-07,4,20
O00520,C0226,P0050,2026-06-07,1,15
O00970,C0049,P0088,2026-06-08,1,15
O00915,C0178,P0099,2026-06-08,3,20
O01128,C0226,P0006,2026-06-08,5,25
O00163,C0361,P0045,2026-06-08,5,10
O00511,C0374,P0055,2026-06-09,2,15
O01955,C0295,P0029,2026-06-09,5,5
O02975,C0416,P0003,2026-06-09,1,15
O00095,C0209,P0038,2026-06-09,2,25
O00639,C0231,P0098,2026-06-09,1,10
O00031,C0263,P0094,2026-06-10,5,0
O01916,C0480,P0082,2026-06-11,1,25
O01597,C0408,P0081,2026-06-11,4,15
O01177,C0454,P0058,2026-06-11,5,25
O01078,C0375,P0073,2026-06-11,4,0
O02892,C0002,P0078,2026-06-11,3,0
O02059,C0421,P0047,2026-06-11,5,25
O01092,C0059,P0001,2026-06-12,1,10
O01477,C0153,P0002,2026-06-12,2,20
O02633,C0030,P0070,2026-06-12,3,10
O02619,C0303,P0079,2026-06-12,2,20
O02243,C0331,P0069,2026-06-12,3,15
O00913,C0425,P0072,2026-06-12,3,0
O00251,C0079,P0051,2026-06-12,2,5
O00470,C0350,P0075,2026-06-13,3,10
O00354,C0389,P0042,2026-06-13,1,0
O00371,C0188,P0010,2026-06-13,4,10
O02896,C0166,P0078,2026-06-13,5,0
O02659,C0426,P0071,2026-06-13,3,0
O00318,C0308,P0048,2026-06-14,1,20
O01622,C0126,P0083,2026-06-14,1,5
O02955,C0414,P0018,2026-06-14,5,5
O00078,C0149,P0057,2026-06-14,1,20
O00394,C0021,P0094,2026-06-14,1,20
O01110,C0477,P0013,2026-06-14,4,25
O00104,C0442,P0047,2026-06-14,4,0
O01606,C0056,P0017,2026-06-15,5,5
O01949,C0055,P0096,2026-06-15,5,0
O01113,C0486,P0081,2026-06-15,2,5
O01480,C0343,P0019,2026-06-15,4,10
O02106,C0256,P0035,2026-06-16,5,10
O00834,C0036,P0090,2026-06-16,5,5
O00531,C0315,P0018,2026-06-16,5,5
O01816,C0391,P0060,2026-06-16,1,5
O02922,C0134,P0028,2026-06-17,1,0
O02522,C0221,P0088,2026-06-17,2,15
O02371,C0156,P0054,2026-06-17,3,20
O01038,C0238,P0086,2026-06-17,5,5
O00308,C0260,P0030,2026-06-17,2,20
O02523,C0068,P0004,2026-06-17,3,20
O00652,C0314,P0003,2026-06-17,3,0
O00920,C0327,P0066,2026-06-18,3,25
O00774,C0400,P0092,2026-06-18,5,5
O00499,C0378,P0066,2026-06-18,5,25
O00762,C0240,P0014,2026-06-18,1,20
O01789,C0183,P0093,2026-06-18,5,25
O01882,C0399,P0018,2026-06-19,1,15
O01586,C0063,P0016,2026-06-19,2,10
O02180,C0163,P0097,2026-06-19,5,25
O02355,C0478,P0081,2026-06-20,1,20
O00705,C0336,P0057,2026-06-20,4,15
O00474,C0138,P0086,2026-06-20,3,0
O01570,C0375,P0078,2026-06-20,4,5
O00718,C0188,P0017,2026-06-20,1,25
O00721,C0305,P0079,2026-06-20,3,0
O00690,C0430,P0062,2026-06-21,1,15
O01572,C0437,P0061,2026-06-21,2,10
O00858,C0044,P0040,2026-06-21,5,25
O02135,C0162,P0045,2026-06-21,2,5
O01046,C0386,P0072,2026-06-21,5,10
O01760,C0267,P0004,2026-06-22,4,0
O02275,C0468,P0060,2026-06-22,5,20
O01611,C0275,P0005,2026-06-22,4,10
O00914,C0161,P0049,2026-06-22,4,5
O01951,C0118,P0074,2026-06-22,4,15
O00744,C0481,P0099,2026-06-22,1,20
O00938,C0494,P0058,2026-06-22,4,15
O02289,C0441,P0050,2026-06-22,3,15
O02439,C0476,P0062,2026-06-23,4,25
O02307,C0049,P0086,2026-06-23,3,25
O01035,C0047,P0021,2026-06-23,5,25
O01314,C0050,P0016,2026-06-23,4,10
O00234,C0310,P0025,2026-06-23,4,20
O00722,C0319,P0063,2026-06-24,4,20
O02866,C0157,P0052,2026-06-24,1,10
O01009,C0500,P0066,2026-06-24,5,15
O01828,C0352,P0073,2026-06-24,5,5
O02030,C0390,P0056,2026-06-24,1,20
O01881,C0001,P0019,2026-06-24,4,0
O01095,C0283,P0054,2026-06-25,4,10
O00683,C0469,P0022,2026-06-25,5,15
O01180,C0124,P0079,2026-06-25,4,20
O02733,C0100,P0007,2026-06-25,5,15
O01860,C0035,P0022,2026-06-25,3,0
O02568,C0421,P0068,2026-06-25,2,5
O00993,C0489,P0044,2026-06-25,4,20
O02904,C0495,P0052,2026-06-25,2,20
O01766,C0149,P0092,2026-06-25,5,20
O00799,C0069,P0031,2026-06-25,3,10
O00084,C0300,P0054,2026-06-26,1,25
O00848,C0120,P0093,2026-06-26,4,25
O02780,C0089,P0075,2026-06-26,1,0
O02810,C0126,P0055,2026-06-26,1,0
O01894,C0035,P0076,2026-06-26,5,25
O00895,C0165,P0011,2026-06-26,4,15
O02443,C0171,P0088,2026-06-27,2,25
O00525,C0424,P0025,2026-06-27,5,25
O00991,C0411,P0076,2026-06-27,4,20
O02498,C0082,P0016,2026-06-27,3,20
O02350,C0302,P0087,2026-06-27,4,25
O01595,C0380,P0012,2026-06-27,1,5
O01148,C0431,P0014,2026-06-27,5,10
O00066,C0425,P0060,2026-06-28,4,0
O01911,C0259,P0033,2026-06-28,1,5
O00128,C0237,P0096,2026-06-28,5,10
O02683,C0321,P0083,2026-06-28,1,25
O00176,C0196,P0078,2026-06-29,5,20
O01825,C0337,P0071,2026-06-29,5,15
O02723,C0368,P0041,2026-06-29,2,25
O02038,C0121,P0068,2026-06-29,1,20
O01873,C0327,P0087,2026-06-29,4,5
O01439,C0344,P0083,2026-06-29,1,20
O02689,C0489,P0023,2026-06-29,1,20
O01115,C0134,P0045,2026-06-30,3,5
O01870,C0282,P0001,2026-06-30,4,5
O01600,C0440,P0061,2026-06-30,4,15
O01371,C0194,P0037,2026-06-30,1,5
O00103,C0300,P0067,2026-06-30,2,15
O00271,C0043,P0096,2026-06-30,4,25
